pid,sess,seg,state,weight,lag_ms,corr,dur_s
P01,01,segment_0000,free_movement,2.25,-5.0,0.37072997415299586,1.888
P01,01,segment_0002,free_movement,6.0,75.0,0.5687593814127043,1.6
P01,01,segment_0004,free_movement,4.25,280.0,0.4535457761327741,2.111
P01,01,segment_0006,free_movement,2.0,25.0,0.5710601073365908,1.3295
P01,01,segment_0007,carrying,2.0,350.0,0.3594819278134806,1.471
P01,01,segment_0008,free_movement,3.0,-10.0,0.40225134360283676,1.5715
P01,01,segment_0010,free_movement,1.0,195.0,0.5908911905834726,1.158
P01,01,segment_0011,carrying,1.0,-40.0,0.5911833885889823,0.9005
P01,01,segment_0012,free_movement,0.75,10.0,0.5198861554267391,1.0965
P01,01,segment_0013,carrying,0.75,-25.0,0.3687545462495371,0.805
P01,01,segment_0014,free_movement,2.0,320.0,0.36163987016907484,3.779
P01,01,segment_0015,carrying,2.0,-50.0,0.3496307872997335,1.594
P01,01,segment_0018,free_movement,6.0,165.0,0.48149668572694865,1.3875
P01,01,segment_0020,free_movement,4.25,-5.0,0.7129036966076321,3.569
P01,01,segment_0022,free_movement,2.25,-10.0,0.3385685023717594,2.1615
P01,01,segment_0024,free_movement,0.75,335.0,0.5501766378628561,1.7175
P01,01,segment_0026,free_movement,1.0,210.0,0.5658073057275356,1.098
P01,01,segment_0027,carrying,1.0,250.0,0.3212599876559396,1.102
P01,01,segment_0028,free_movement,6.0,0.0,0.6066210361310816,1.744
P01,01,segment_0030,free_movement,2.25,-40.0,0.3695780874140307,1.593
P01,01,segment_0034,free_movement,2.0,130.0,0.4197229396404435,1.6845
P01,01,segment_0035,carrying,2.0,-50.0,0.4848838887787423,0.9235
P01,01,segment_0038,free_movement,3.0,0.0,0.475690819866402,1.9075
P01,01,segment_0040,free_movement,0.75,25.0,0.42123133749414665,1.1025
P01,01,segment_0042,free_movement,0.75,70.0,0.7147775516803275,0.9575
P01,01,segment_0043,carrying,0.75,345.0,0.4272615919915855,0.948
P01,01,segment_0044,free_movement,4.25,40.0,0.40309853549659297,1.634
P01,01,segment_0046,free_movement,1.0,50.0,0.5453186766659254,1.2365
P01,01,segment_0047,carrying,1.0,-50.0,0.3404870165324495,1.153
P01,01,segment_0050,free_movement,2.0,0.0,0.42917786064198343,1.418
P01,01,segment_0052,free_movement,3.0,15.0,0.6072080400493668,1.982
P01,01,segment_0053,carrying,3.0,-50.0,0.40395426955504604,0.9475
P01,01,segment_0054,free_movement,6.0,30.0,0.45418833501990546,1.2495
P01,01,segment_0056,free_movement,6.0,105.0,0.306711112229498,1.2555
P01,01,segment_0058,free_movement,1.0,0.0,0.4353023879527994,2.0235
P01,01,segment_0060,free_movement,4.25,80.0,0.48649586015544954,1.578
P01,01,segment_0063,carrying,2.0,-50.0,0.30696304185342904,2.2015
P01,01,segment_0064,free_movement,0.75,270.0,0.4427952593852367,1.6725
P01,01,segment_0068,free_movement,3.0,25.0,0.5585252797579936,1.3995
P01,01,segment_0070,free_movement,1.0,10.0,0.4275925903763618,1.2665
P01,01,segment_0072,free_movement,2.25,270.0,0.3298030465496548,1.609
P01,01,segment_0074,free_movement,4.25,30.0,0.4196056803199385,1.602
P01,01,segment_0076,free_movement,3.0,260.0,0.44284189754477127,2.006
P01,01,segment_0078,free_movement,2.0,350.0,0.36031048907516156,1.6385
P01,01,segment_0080,free_movement,6.0,110.0,0.7709458350844414,1.2545
P01,01,segment_0082,free_movement,0.75,165.0,0.38522292518969975,1.296
P01,01,segment_0084,free_movement,1.0,75.0,0.45881973296687245,1.006
P01,01,segment_0085,carrying,1.0,155.0,0.33393854263201606,1.215
P01,01,segment_0086,free_movement,2.0,20.0,0.4868782889842369,1.0685
P01,01,segment_0087,carrying,2.0,340.0,0.3918831477860345,1.2905
P01,01,segment_0088,free_movement,6.0,150.0,0.6593636323521898,1.1425
P01,01,segment_0090,free_movement,3.0,20.0,0.46003929781934366,1.0465
P01,01,segment_0092,free_movement,0.75,-45.0,0.30439333452145895,1.488
P01,01,segment_0094,free_movement,4.25,10.0,0.36363235771805924,1.7505
P01,01,segment_0096,free_movement,2.25,320.0,0.4268795212217351,1.774
P01,01,segment_0098,free_movement,4.25,40.0,0.3795856855522291,1.544
P01,01,segment_0100,free_movement,3.0,190.0,0.37429130781015235,1.698
P01,01,segment_0102,free_movement,2.0,-50.0,0.5370159270416553,1.5585
P01,01,segment_0103,carrying,2.0,350.0,0.39261774773488084,1.4195
P01,01,segment_0104,free_movement,1.0,180.0,0.3785575089959453,1.731
P01,01,segment_0105,carrying,1.0,335.0,0.30256635757658257,1.112
P01,01,segment_0107,carrying,0.75,-15.0,0.35641767318138917,1.033
P01,01,segment_0108,free_movement,6.0,40.0,0.5849394911941419,1.4945
P01,01,segment_0109,carrying,6.0,-50.0,0.32209983120025976,1.169
P01,01,segment_0110,free_movement,2.25,-20.0,0.44844161651488773,1.77
P01,01,segment_0115,carrying,3.0,275.0,0.3493958290229197,1.2725
P01,01,segment_0116,free_movement,2.0,315.0,0.46768042315603126,1.3605
P01,01,segment_0117,carrying,2.0,-50.0,0.35989032243973496,1.72
P01,01,segment_0118,free_movement,4.25,-10.0,0.3592718786665125,2.236
P01,01,segment_0119,carrying,4.25,10.0,0.3643588652737646,1.327
P01,01,segment_0122,free_movement,0.75,345.0,0.3943356907848974,0.974
P01,01,segment_0123,carrying,0.75,-50.0,0.49501454177072474,1.3295
P01,01,segment_0124,free_movement,6.0,250.0,0.39629323873385164,2.1115
P01,01,segment_0128,free_movement,2.25,170.0,0.6065489219373723,1.352
P01,01,segment_0131,carrying,4.25,350.0,0.36159060388691305,1.33
P01,01,segment_0132,free_movement,6.0,0.0,0.5560616088654502,2.2235
P01,01,segment_0134,free_movement,3.0,350.0,0.43648253798080233,6.437
P01,01,segment_0135,carrying,3.0,-50.0,0.3287466035145155,0.9435
P01,01,segment_0136,free_movement,2.0,220.0,0.6384034317060454,1.184
P01,01,segment_0137,carrying,2.0,350.0,0.5652687599509275,1.14
P01,01,segment_0138,free_movement,0.75,10.0,0.45039810415951653,1.9655
P01,01,segment_0139,carrying,0.75,285.0,0.6693930893458672,0.976
P01,01,segment_0140,free_movement,4.25,-35.0,0.613996713851317,3.165
P01,01,segment_0141,carrying,4.25,-50.0,0.40247684510227066,2.346
P01,01,segment_0142,free_movement,2.0,350.0,0.33067439274530597,1.467
P01,01,segment_0143,carrying,2.0,285.0,0.31293606689340503,1.7015
P01,01,segment_0144,free_movement,3.0,-50.0,0.36667336793025707,1.6985
P01,01,segment_0145,carrying,3.0,30.0,0.39610175706200484,1.863
P01,01,segment_0146,free_movement,0.75,195.0,0.49429315999925527,1.0
P01,01,segment_0147,carrying,0.75,-30.0,0.3465353538371189,0.924
P01,01,segment_0148,free_movement,2.25,150.0,0.4612085693460347,1.346
P01,01,segment_0151,carrying,1.0,-50.0,0.6018283579887523,0.973
P01,01,segment_0153,carrying,6.0,30.0,0.5488148239582229,1.1825
P01,01,segment_0154,free_movement,1.0,10.0,0.5091238362052681,1.483
P01,01,segment_0156,free_movement,3.0,240.0,0.7745874625192808,1.1375
P01,01,segment_0159,carrying,2.25,350.0,0.436486492239261,1.1315
P01,01,segment_0160,free_movement,0.75,70.0,0.4100916816829495,1.0775
P01,01,segment_0161,carrying,0.75,330.0,0.30264916451441054,0.903
P01,01,segment_0162,free_movement,6.0,-40.0,0.41000379350363725,1.464
P01,01,segment_0164,free_movement,2.0,350.0,0.4423440612167369,1.4105
P01,01,segment_0165,carrying,2.0,-50.0,0.3016557960386138,2.2885
P01,01,segment_0166,free_movement,4.25,90.0,0.5169799353785958,1.139
P01,01,segment_0172,free_movement,2.25,200.0,0.30229713402054587,1.5095
P01,01,segment_0174,free_movement,3.0,195.0,0.4330852286926381,1.5975
P01,01,segment_0176,free_movement,1.0,280.0,0.3521065205714058,1.702
P01,01,segment_0177,carrying,1.0,260.0,0.5390520831542805,1.002
P01,01,segment_0178,free_movement,2.0,285.0,0.4690576117792732,1.2915
P01,01,segment_0180,free_movement,0.75,15.0,0.6370392776584728,0.936
P01,01,segment_0182,free_movement,3.0,265.0,0.40187598168041777,1.2985
P01,01,segment_0184,free_movement,2.0,315.0,0.5157745951641238,1.3045
P01,01,segment_0185,carrying,2.0,315.0,0.5530158490374454,0.8845
P01,01,segment_0186,free_movement,1.0,140.0,0.3831570639885956,0.947
P01,01,segment_0187,carrying,1.0,350.0,0.5219299659543915,1.1635
P01,01,segment_0190,free_movement,2.25,-50.0,0.4364956281801784,2.4595
P01,01,segment_0192,free_movement,6.0,150.0,0.44425952495788895,1.4555
P01,01,segment_0196,free_movement,6.0,240.0,0.343203080401407,1.7835
P01,01,segment_0198,free_movement,0.75,-15.0,0.4681789666779076,2.0055
P01,01,segment_0199,free_movement,2.25,175.0,0.39819238071372637,1.919
P01,01,segment_0201,free_movement,6.0,140.0,0.4001838969404408,1.314
P01,01,segment_0203,free_movement,1.0,-5.0,0.37083141698106553,1.001
P01,01,segment_0205,free_movement,3.0,150.0,0.3915439544256071,1.3985
P01,01,segment_0207,free_movement,2.0,5.0,0.46197763812572545,1.2655
P01,01,segment_0208,carrying,2.0,-30.0,0.310595155727923,0.8695
P01,01,segment_0209,free_movement,0.75,230.0,0.4974599520378504,1.158
P01,01,segment_0210,carrying,0.75,-50.0,0.3861616362733014,1.595
P01,01,segment_0211,free_movement,4.25,135.0,0.39155008613844494,1.817
P01,01,segment_0213,free_movement,4.25,5.0,0.4348121546995828,2.04
P01,01,segment_0215,free_movement,3.0,-50.0,0.35823553078070547,1.744
P01,01,segment_0217,free_movement,2.25,300.0,0.4125157838406803,1.464
P01,01,segment_0219,free_movement,6.0,-35.0,0.5002859346534191,1.579
P01,01,segment_0222,carrying,1.0,130.0,0.392037648728918,1.247
P01,01,segment_0223,free_movement,0.75,-25.0,0.4194526881749504,1.127
P01,01,segment_0224,carrying,0.75,-15.0,0.420625752935766,0.99
P01,01,segment_0226,carrying,2.0,-50.0,0.32767551001244377,1.4015
P01,01,segment_0227,free_movement,4.25,0.0,0.4157620856062796,2.754
P01,01,segment_0228,carrying,4.25,-50.0,0.5053144199377607,1.0265
P01,01,segment_0229,free_movement,2.0,-40.0,0.5364484340498182,1.3705
P01,01,segment_0230,carrying,2.0,-50.0,0.4361782598680681,2.265
P01,01,segment_0231,free_movement,3.0,200.0,0.40245937090867395,1.099
P01,01,segment_0237,free_movement,6.0,10.0,0.6027701398073771,5.2055
P01,01,segment_0238,carrying,6.0,-45.0,0.3843511300585438,2.834
P01,01,segment_0239,free_movement,4.25,-5.0,0.3966038788239747,2.61
P01,01,segment_0241,free_movement,6.0,0.0,0.6747354284116406,4.4125
P01,01,segment_0243,free_movement,2.25,285.0,0.3747754450221624,4.1465
P01,01,segment_0245,free_movement,1.0,320.0,0.33487563751455207,1.682
P01,01,segment_0246,carrying,1.0,-40.0,0.4083292973698158,1.944
P01,01,segment_0247,free_movement,3.0,-10.0,0.3237100800924097,1.1785
P01,01,segment_0249,free_movement,0.75,25.0,0.3044637998103541,1.112
P01,01,segment_0251,free_movement,2.0,95.0,0.31811347051654976,1.6475
P01,01,segment_0255,free_movement,2.0,-10.0,0.5791554587734987,1.506
P01,01,segment_0257,free_movement,6.0,125.0,0.4143854363627571,1.568
P01,01,segment_0258,carrying,6.0,-25.0,0.330345763770287,1.0215
P01,01,segment_0259,free_movement,0.75,-5.0,0.4095733749014643,1.1555
P01,01,segment_0260,carrying,0.75,240.0,0.4208562555810132,0.989
P01,01,segment_0261,free_movement,4.25,65.0,0.5696382199151124,2.2035
P01,01,segment_0263,free_movement,3.0,230.0,0.4512432790790808,1.1115
P01,01,segment_0266,carrying,1.0,330.0,0.42262375056643775,1.495
P01,01,segment_0267,free_movement,2.0,-40.0,0.3657723247857592,1.781
P01,01,segment_0269,free_movement,0.75,-35.0,0.3926738145583425,1.474
P01,01,segment_0270,carrying,0.75,-50.0,0.3894082471148304,1.4295
P01,01,segment_0271,free_movement,3.0,285.0,0.5523388215010683,1.2395
P01,01,segment_0273,free_movement,1.0,295.0,0.5365346222627622,1.3365
P01,01,segment_0274,carrying,1.0,25.0,0.32469873276836597,1.723
P01,01,segment_0275,free_movement,4.25,25.0,0.4619431246253524,1.3145
P01,01,segment_0276,carrying,4.25,-25.0,0.4240599183467481,0.9705
P01,01,segment_0277,free_movement,2.25,320.0,0.42014021879648966,1.638
P01,01,segment_0278,carrying,2.25,-50.0,0.4577821249558336,2.487
P01,01,segment_0279,free_movement,6.0,-10.0,0.48164979080092457,1.108
P01,01,segment_0280,carrying,6.0,-50.0,0.34043633610035723,0.9515
P01,01,segment_0281,free_movement,2.25,210.0,0.4186941866261515,1.8845
P01,01,segment_0283,free_movement,6.0,-35.0,0.30307866527414834,2.049
P01,01,segment_0285,free_movement,2.0,350.0,0.46222429114684677,1.8285
P01,01,segment_0286,carrying,2.0,-50.0,0.38689284628866843,1.726
P01,01,segment_0287,free_movement,0.75,65.0,0.5174189243986197,0.9095
P01,01,segment_0291,free_movement,4.25,95.0,0.33669977264667406,1.6185
P01,01,segment_0293,free_movement,1.0,-10.0,0.43762258107026564,1.437
P01,01,segment_0295,free_movement,4.25,85.0,0.6371518062660187,2.0525
P01,01,segment_0296,carrying,4.25,0.0,0.5753056615470646,1.918
P01,01,segment_0297,free_movement,0.75,15.0,0.6244072627588118,1.4355
P01,01,segment_0299,free_movement,2.0,150.0,0.46699372606122874,1.0415
P01,01,segment_0300,carrying,2.0,300.0,0.30164231678985587,1.3515
P01,01,segment_0301,free_movement,6.0,180.0,0.37954998300591913,1.27
P01,01,segment_0303,free_movement,3.0,-10.0,0.5050206407718604,1.1855
P01,01,segment_0305,free_movement,1.0,195.0,0.5287926805612352,0.977
P01,01,segment_0306,carrying,1.0,-50.0,0.40367431859785724,0.934
P01,01,segment_0309,free_movement,0.75,-15.0,0.37953330569947774,1.0235
P01,01,segment_0310,carrying,0.75,60.0,0.3692110124397036,0.7955
P01,01,segment_0311,free_movement,6.0,210.0,0.6666410036123858,1.325
P01,01,segment_0313,free_movement,1.0,0.0,0.5300261871829512,2.457
P01,01,segment_0314,carrying,1.0,245.0,0.6629850003685867,0.7755
P01,01,segment_0315,free_movement,4.25,0.0,0.5238867177550786,1.9125
P01,01,segment_0316,carrying,4.25,-50.0,0.41319215013635024,1.6645
P01,01,segment_0317,free_movement,2.25,255.0,0.3808066109209212,1.482
P01,01,segment_0318,carrying,2.25,-50.0,0.3820072151628803,0.925
P01,01,segment_0319,free_movement,2.0,270.0,0.4492610619470338,1.335
P01,01,segment_0322,carrying,3.0,-50.0,0.3524605764815733,1.0255
P01,01,segment_0323,free_movement,1.0,130.0,0.36615799957466205,1.2365
P01,01,segment_0324,carrying,1.0,-30.0,0.5173690750764434,0.862
P01,01,segment_0325,free_movement,3.0,160.0,0.4473777701007883,1.215
P01,01,segment_0326,carrying,3.0,-50.0,0.3430828420138088,1.0385
P01,01,segment_0327,free_movement,4.25,10.0,0.4534294131823241,1.3855
P01,01,segment_0328,carrying,4.25,-10.0,0.5312133105848208,0.9735
P01,01,segment_0329,free_movement,2.0,60.0,0.4861722665100215,1.593
P01,01,segment_0331,free_movement,0.75,-50.0,0.30163291975066236,1.2575
P01,01,segment_0332,carrying,0.75,325.0,0.6086444646260847,1.164
P01,01,segment_0334,carrying,2.25,320.0,0.3511065638299806,1.178
P01,01,segment_0335,free_movement,6.0,-5.0,0.5917713627785913,1.294
P01,01,segment_0337,free_movement,2.25,200.0,0.3650344948832394,1.6925
P01,01,segment_0338,carrying,2.25,330.0,0.4605459297573316,1.3195
P01,01,segment_0339,free_movement,4.25,5.0,0.5850581744610878,1.411
P01,01,segment_0342,carrying,1.0,-50.0,0.5703481582141269,1.083
P01,01,segment_0343,free_movement,6.0,65.0,0.5156537878465881,1.217
P01,01,segment_0344,carrying,6.0,325.0,0.31558007867359933,1.0805
P01,01,segment_0345,free_movement,2.0,155.0,0.5642170593742043,1.1635
P01,01,segment_0346,carrying,2.0,-50.0,0.4056635389068113,1.1985
P01,01,segment_0347,free_movement,0.75,320.0,0.48371976018480983,1.38
P01,01,segment_0348,carrying,0.75,65.0,0.3940268628379553,1.1335
P01,01,segment_0350,carrying,3.0,310.0,0.5223800547370157,0.987
P01,01,segment_0351,free_movement,2.0,-30.0,0.472008035484963,1.768
P01,01,segment_0352,carrying,2.0,-50.0,0.4643535095608982,1.4225
P01,01,segment_0353,free_movement,3.0,245.0,0.3706383445471961,4.36
P01,01,segment_0357,free_movement,1.0,190.0,0.6086229062334071,1.0455
P01,01,segment_0358,carrying,1.0,285.0,0.3872989814191889,1.0505
P01,01,segment_0359,free_movement,4.25,5.0,0.5967713692855252,1.5825
P01,01,segment_0360,carrying,4.25,-25.0,0.301943596188168,1.4925
P01,01,segment_0361,free_movement,6.0,80.0,0.6709084522673993,1.0455
P01,01,segment_0363,free_movement,0.75,150.0,0.6369415760186546,1.016
P01,01,segment_0364,carrying,0.75,-35.0,0.5247370393074797,0.9835
P01,01,segment_0365,free_movement,0.75,10.0,0.5567267493016241,1.095
P01,01,segment_0366,carrying,0.75,-35.0,0.312025553367859,0.8975
P01,01,segment_0367,free_movement,2.0,235.0,0.46279916931791976,1.1575
P01,01,segment_0368,carrying,2.0,-45.0,0.4980917828293922,0.8095
P01,01,segment_0369,free_movement,6.0,170.0,0.6133967043753319,1.167
P01,01,segment_0371,free_movement,1.0,270.0,0.3413801195263787,1.5245
P01,01,segment_0372,carrying,1.0,-50.0,0.3427670342490207,1.251
P01,01,segment_0373,free_movement,3.0,30.0,0.3864126183315997,1.4755
P01,01,segment_0374,carrying,3.0,330.0,0.3232260314452848,1.0365
P01,01,segment_0376,carrying,2.25,-50.0,0.43541810095204486,0.8845
P01,01,segment_0378,carrying,4.25,325.0,0.300157492808458,2.5425
P01,01,segment_0379,free_movement,0.75,-50.0,0.3760440926066561,1.2765
P01,01,segment_0381,free_movement,2.0,60.0,0.6875253903999328,0.937
P01,01,segment_0382,carrying,2.0,330.0,0.5515760518315462,0.9525
P01,01,segment_0383,free_movement,1.0,-25.0,0.3002745323649129,1.426
P01,01,segment_0384,carrying,1.0,-15.0,0.33959019561643483,1.104
P01,01,segment_0385,free_movement,4.25,5.0,0.41506377823728213,1.371
P01,01,segment_0387,free_movement,6.0,95.0,0.680538389706641,0.867
P01,01,segment_0388,carrying,6.0,-50.0,0.6247363651302513,0.931
P01,01,segment_0389,free_movement,2.25,195.0,0.5094681508320841,1.745
P01,01,segment_0391,free_movement,3.0,140.0,0.5876102120866424,1.0155
P01,01,segment_0393,free_movement,3.0,55.0,0.4142161808093773,1.528
P01,01,segment_0394,carrying,3.0,-50.0,0.33651110169986165,1.4085
P01,01,segment_0395,free_movement,4.25,5.0,0.39722816794177446,1.487
P01,01,segment_0398,carrying,1.0,50.0,0.6257482311613345,1.038
P01,01,segment_0399,free_movement,2.25,90.0,0.36266613787302004,1.718
P01,01,segment_0401,free_movement,0.75,-10.0,0.5109408421068686,1.3675
P01,01,segment_0402,carrying,0.75,-35.0,0.41553297205296547,0.977
P01,01,segment_0403,free_movement,2.0,205.0,0.584567123587453,1.088
P01,01,segment_0404,carrying,2.0,-50.0,0.42330224592259674,1.288
P01,01,segment_0405,free_movement,6.0,0.0,0.6416000712089384,1.6515
P01,01,segment_0406,carrying,6.0,-40.0,0.43975821342016896,1.845
P01,01,segment_0409,free_movement,6.0,5.0,0.38863296593576463,1.5125
P01,01,segment_0411,free_movement,4.25,5.0,0.38689860344200777,1.4025
P01,01,segment_0413,free_movement,3.0,-40.0,0.568363906909598,1.3
P01,01,segment_0415,free_movement,2.0,60.0,0.3256602255485112,0.9
P01,01,segment_0418,carrying,0.75,285.0,0.5659283223214102,0.8005
P01,01,segment_0419,free_movement,1.0,215.0,0.4248104086502666,1.22
P01,01,segment_0420,carrying,1.0,-20.0,0.35915575684888457,2.1155
P01,01,segment_0421,free_movement,4.25,315.0,0.4122433503923217,1.4695
P01,01,segment_0422,carrying,4.25,-50.0,0.517836265394931,2.834
P01,01,segment_0423,free_movement,1.0,130.0,0.5388744470794813,1.15
P01,01,segment_0424,carrying,1.0,125.0,0.3108204673292257,0.9745
P01,01,segment_0425,free_movement,2.25,225.0,0.44225930563205623,1.7275
P01,01,segment_0426,carrying,2.25,-50.0,0.5971939910770973,1.414
P01,01,segment_0427,free_movement,0.75,15.0,0.3292733765204741,0.887
P01,01,segment_0428,carrying,0.75,-50.0,0.49721097098526684,1.1095
P01,01,segment_0429,free_movement,3.0,330.0,0.35420397098333767,1.274
P01,01,segment_0431,free_movement,2.0,330.0,0.414433894303527,1.238
P01,01,segment_0433,free_movement,6.0,280.0,0.3726531417748013,1.3145
P01,01,segment_0434,carrying,6.0,-50.0,0.4117745568945282,1.334
P01,01,segment_0435,free_movement,1.0,180.0,0.5129060078736356,1.323
P01,02,segment_0000,free_movement,3.0,0.0,0.7114383630023214,2.374
P01,02,segment_0002,free_movement,2.0,335.0,0.42331591268004193,1.8245
P01,02,segment_0006,free_movement,0.75,-40.0,0.39279236408406926,1.5305
P01,02,segment_0008,free_movement,6.0,35.0,0.48977576958607294,1.2015
P01,02,segment_0010,free_movement,2.25,330.0,0.6372126158189034,1.498
P01,02,segment_0013,carrying,1.0,-50.0,0.4194257249380014,1.6545
P01,02,segment_0014,free_movement,3.0,15.0,0.5567539056152365,1.7405
P01,02,segment_0016,free_movement,1.0,-45.0,0.543111849511,1.276
P01,02,segment_0017,carrying,1.0,-50.0,0.3220691269282863,1.2405
P01,02,segment_0018,free_movement,0.75,70.0,0.40723256488483234,1.6335
P01,02,segment_0020,free_movement,2.25,315.0,0.5054230365657919,1.4535
P01,02,segment_0022,free_movement,2.0,-5.0,0.7291909456516075,1.625
P01,02,segment_0024,free_movement,6.0,45.0,0.5370023454478066,1.611
P01,02,segment_0025,carrying,6.0,280.0,0.3309714009899431,1.03
P01,02,segment_0026,free_movement,4.25,10.0,0.49825370248341894,2.3865
P01,02,segment_0027,carrying,4.25,-30.0,0.531469996019818,1.5445
P01,02,segment_0028,free_movement,6.0,30.0,0.4757114809059724,1.4775
P01,02,segment_0030,free_movement,2.25,200.0,0.3840558371306172,1.876
P01,02,segment_0032,free_movement,2.0,10.0,0.35339157773933977,2.969
P01,02,segment_0034,free_movement,1.0,-35.0,0.4403376938798773,1.2215
P01,02,segment_0035,carrying,1.0,295.0,0.45637888277883504,1.2805
P01,02,segment_0036,free_movement,3.0,10.0,0.7912746841932987,1.4265
P01,02,segment_0037,carrying,3.0,-50.0,0.3894753868262321,1.1005
P01,02,segment_0038,free_movement,4.25,5.0,0.4418634027939945,1.8355
P01,02,segment_0041,carrying,0.75,-30.0,0.36323626739733794,0.8985
P01,02,segment_0042,free_movement,3.0,20.0,0.5794239848965997,1.5045
P01,02,segment_0043,carrying,3.0,-35.0,0.3209704632744249,1.3035
P01,02,segment_0044,free_movement,6.0,5.0,0.435194397930856,1.6025
P01,02,segment_0045,carrying,6.0,-50.0,0.3815999127828942,1.443
P01,02,segment_0046,free_movement,2.0,-5.0,0.6352549279732039,1.6235
P01,02,segment_0048,free_movement,2.25,10.0,0.36030002243176323,1.446
P01,02,segment_0050,free_movement,4.25,5.0,0.5743443741137828,1.577
P01,02,segment_0051,carrying,4.25,245.0,0.33052742577156613,1.1605
P01,02,segment_0052,free_movement,1.0,350.0,0.40916612372529065,1.627
P01,02,segment_0053,carrying,1.0,-10.0,0.37887744252068273,1.724
P01,02,segment_0054,free_movement,0.75,95.0,0.4143518241191265,1.4105
P01,02,segment_0056,free_movement,6.0,200.0,0.420816901298444,1.3655
P01,02,segment_0057,carrying,6.0,350.0,0.3285702604323946,1.506
P01,02,segment_0058,free_movement,4.25,345.0,0.5016258549503013,1.3495
P01,02,segment_0059,carrying,4.25,-50.0,0.4351168227961004,1.136
P01,02,segment_0060,free_movement,2.25,280.0,0.44565839689116804,1.834
P01,02,segment_0062,free_movement,1.0,10.0,0.6699932758515065,1.1175
P01,02,segment_0063,carrying,1.0,-50.0,0.4398470228027069,1.134
P01,02,segment_0064,free_movement,3.0,-15.0,0.47848245401038525,1.0305
P01,02,segment_0065,carrying,3.0,-40.0,0.49369026400707916,1.296
P01,02,segment_0066,free_movement,0.75,-40.0,0.4314518594880694,1.2525
P01,02,segment_0067,carrying,0.75,-10.0,0.356144122515236,0.9055
P01,02,segment_0068,free_movement,2.0,105.0,0.4576942565148023,1.4865
P01,02,segment_0070,free_movement,6.0,30.0,0.6884981063119173,1.8755
P01,02,segment_0072,free_movement,4.25,-25.0,0.5451019897931595,1.9165
P01,02,segment_0074,free_movement,3.0,5.0,0.5884728950164148,1.6815
P01,02,segment_0075,carrying,3.0,-50.0,0.6479049611046934,0.9845
P01,02,segment_0076,free_movement,1.0,-15.0,0.4876331790731955,1.5825
P01,02,segment_0078,free_movement,2.0,0.0,0.4605609755533907,1.712
P01,02,segment_0080,free_movement,0.75,-35.0,0.5226262558532766,1.112
P01,02,segment_0081,carrying,0.75,310.0,0.399389353705394,1.072
P01,02,segment_0082,free_movement,2.25,290.0,0.39654052420791647,2.782
P01,02,segment_0083,carrying,2.25,200.0,0.474199061663456,1.122
P01,02,segment_0084,free_movement,3.0,-40.0,0.5452597693850718,1.511
P01,02,segment_0085,carrying,3.0,-50.0,0.39122350974002745,1.531
P01,02,segment_0086,free_movement,2.0,5.0,0.5611085284423089,1.2585
P01,02,segment_0088,free_movement,0.75,230.0,0.38419967618929934,1.3465
P01,02,segment_0089,carrying,0.75,270.0,0.37570149773060574,1.2425
P01,02,segment_0090,free_movement,6.0,10.0,0.42835923489377525,1.305
P01,02,segment_0092,free_movement,1.0,350.0,0.38535930485350495,1.221
P01,02,segment_0093,carrying,1.0,-50.0,0.3729378553935386,1.5125
P01,02,segment_0094,free_movement,2.25,25.0,0.5867086750750352,1.5425
P01,02,segment_0098,free_movement,4.25,-5.0,0.49209559489921456,1.5535
P01,02,segment_0099,carrying,4.25,-50.0,0.38952166421632006,1.4515
P01,02,segment_0100,free_movement,2.25,345.0,0.336324125074462,1.5845
P01,02,segment_0102,free_movement,1.0,-10.0,0.3852191607624786,1.698
P01,02,segment_0104,free_movement,0.75,170.0,0.4302694715081873,1.486
P01,02,segment_0105,carrying,0.75,-50.0,0.3737292415101853,1.172
P01,02,segment_0106,free_movement,2.0,-10.0,0.3825732059299566,1.124
P01,02,segment_0107,carrying,2.0,-50.0,0.4751509357909866,1.0895
P01,02,segment_0108,free_movement,3.0,350.0,0.34608868822529454,1.0485
P01,02,segment_0110,free_movement,6.0,5.0,0.5087071648387929,1.189
P01,02,segment_0112,free_movement,6.0,5.0,0.5206358354210047,1.261
P01,02,segment_0114,free_movement,1.0,-30.0,0.6755692192324699,1.542
P01,02,segment_0116,free_movement,3.0,80.0,0.6362782575741475,1.522
P01,02,segment_0119,carrying,2.25,-50.0,0.33678179298523675,1.7435
P01,02,segment_0122,free_movement,4.25,330.0,0.3091269367544073,2.167
P01,02,segment_0124,free_movement,2.0,80.0,0.45727158570564724,1.385
P01,02,segment_0126,free_movement,2.25,330.0,0.3301729937376784,1.9445
P01,02,segment_0128,free_movement,0.75,155.0,0.3806497564111745,1.2775
P01,02,segment_0129,carrying,0.75,-45.0,0.4921709953446116,1.0585
P01,02,segment_0130,free_movement,2.0,275.0,0.3306548858902659,1.7345
P01,02,segment_0132,free_movement,3.0,30.0,0.38630908531135516,1.152
P01,02,segment_0134,free_movement,4.25,-15.0,0.6040003870395737,3.358
P01,02,segment_0136,free_movement,6.0,15.0,0.6139946871910313,1.862
P01,02,segment_0137,carrying,6.0,-50.0,0.5089866931202923,1.053
P01,02,segment_0138,free_movement,1.0,30.0,0.6729098857653415,1.4275
P01,02,segment_0140,free_movement,4.25,-10.0,0.3649951386744105,1.607
P01,02,segment_0142,free_movement,0.75,0.0,0.44866520582734143,1.2925
P01,02,segment_0143,carrying,0.75,-10.0,0.3192014419800729,1.213
P01,02,segment_0144,free_movement,1.0,345.0,0.5391137795500867,1.665
P01,02,segment_0146,free_movement,6.0,-15.0,0.3058905107927276,1.279
P01,02,segment_0147,carrying,6.0,285.0,0.30057268277477095,1.239
P01,02,segment_0148,free_movement,2.25,25.0,0.37294984659739316,1.677
P01,02,segment_0150,free_movement,2.0,0.0,0.5661274499962612,1.723
P01,02,segment_0151,carrying,2.0,-50.0,0.5169252558426859,1.344
P01,02,segment_0152,free_movement,3.0,40.0,0.6410962725864301,1.7835
P01,02,segment_0154,free_movement,4.25,-10.0,0.3294593032347346,2.024
P01,02,segment_0156,free_movement,2.0,-50.0,0.5049534416195037,1.171
P01,02,segment_0161,carrying,2.25,-35.0,0.30539116220077883,1.86
P01,02,segment_0162,free_movement,3.0,0.0,0.37287296152719684,1.3875
P01,02,segment_0163,carrying,3.0,-50.0,0.46515920170755515,1.317
P01,02,segment_0164,free_movement,6.0,-10.0,0.6119813404196143,1.7105
P01,02,segment_0166,free_movement,0.75,-10.0,0.5171117123610477,1.5915
P01,02,segment_0168,free_movement,2.0,85.0,0.5634555216993377,1.015
P01,02,segment_0170,free_movement,6.0,0.0,0.42935546957667037,1.453
P01,02,segment_0171,carrying,6.0,-50.0,0.5152297620879652,1.4715
P01,02,segment_0172,free_movement,1.0,50.0,0.6060846474653515,1.023
P01,02,segment_0174,free_movement,3.0,10.0,0.38128939554438673,1.3345
P01,02,segment_0176,free_movement,4.25,-20.0,0.5760424967545157,1.603
P01,02,segment_0178,free_movement,2.25,-10.0,0.4527712718840579,1.9835
P01,02,segment_0180,free_movement,0.75,-30.0,0.4995872885873004,0.773
P01,02,segment_0182,free_movement,6.0,10.0,0.5147627758200711,1.2775
P01,02,segment_0184,free_movement,4.25,10.0,0.43593709169190187,1.8085
P01,02,segment_0185,carrying,4.25,-50.0,0.351166596242247,0.9475
P01,02,segment_0186,free_movement,2.25,250.0,0.32908829126813277,1.6815
P01,02,segment_0187,carrying,2.25,-15.0,0.31937056487393367,2.8085
P01,02,segment_0188,free_movement,3.0,270.0,0.4696304152158925,1.468
P01,02,segment_0189,carrying,3.0,-25.0,0.33979680402658385,1.1975
P01,02,segment_0190,free_movement,2.0,5.0,0.5913047883471346,1.722
P01,02,segment_0191,carrying,2.0,-50.0,0.3027291713676292,1.301
P01,02,segment_0192,free_movement,1.0,40.0,0.4031677330451405,1.262
P01,02,segment_0195,carrying,0.75,310.0,0.3470563552591114,1.048
P01,02,segment_0196,free_movement,2.25,20.0,0.4681876379747462,1.439
P01,02,segment_0198,free_movement,3.0,265.0,0.5553689555158554,1.266
P01,02,segment_0199,carrying,3.0,290.0,0.38126530313847046,1.437
P01,02,segment_0200,free_movement,1.0,-10.0,0.5317369632260552,1.52
P01,02,segment_0202,free_movement,6.0,0.0,0.5228861072204497,1.064
P01,02,segment_0204,free_movement,0.75,290.0,0.4573153076180496,1.4385
P01,02,segment_0206,free_movement,4.25,0.0,0.4895142550354735,1.649
P01,02,segment_0208,free_movement,2.0,-35.0,0.4906233282041039,1.9975
P01,02,segment_0209,carrying,2.0,-50.0,0.3728831625080201,1.54
P01,02,segment_0210,free_movement,2.0,110.0,0.339965387560001,1.0925
P01,02,segment_0212,free_movement,6.0,240.0,0.5452744108726066,1.4215
P01,02,segment_0214,free_movement,1.0,-25.0,0.5156451028155244,1.1
P01,02,segment_0215,carrying,1.0,-25.0,0.36555365147178126,0.9535
P01,02,segment_0217,carrying,0.75,-50.0,0.3625259449901396,1.686
P01,02,segment_0218,free_movement,2.25,350.0,0.3431170280035142,1.735
P01,02,segment_0220,free_movement,4.25,180.0,0.38267943375764113,1.437
P01,02,segment_0222,free_movement,3.0,150.0,0.32463080592882515,1.4325
P01,02,segment_0223,carrying,3.0,-50.0,0.3146806506976752,1.1185
P01,02,segment_0224,free_movement,1.0,5.0,0.4499336758724534,1.6575
P01,02,segment_0225,carrying,1.0,-45.0,0.5092008931871537,1.44
P01,02,segment_0226,free_movement,6.0,135.0,0.5754085723861627,1.2955
P01,02,segment_0228,free_movement,2.25,80.0,0.5278408785429045,1.755
P01,02,segment_0230,free_movement,4.25,-50.0,0.34932089818513473,1.5275
P01,02,segment_0231,carrying,4.25,-50.0,0.4068072775734962,1.0245
P01,02,segment_0232,free_movement,0.75,90.0,0.3611733729713623,1.117
P01,02,segment_0233,carrying,0.75,350.0,0.49766573722251767,1.3715
P01,02,segment_0234,free_movement,2.0,-15.0,0.6421909487932117,1.092
P01,02,segment_0236,free_movement,3.0,10.0,0.5875596470496928,1.28
P01,02,segment_0237,carrying,3.0,-15.0,0.35240548799383326,0.9675
P01,02,segment_0238,free_movement,2.0,160.0,0.5713644195154938,1.2535
P01,02,segment_0240,free_movement,3.0,-25.0,0.5711932712005571,1.1855
P01,02,segment_0241,carrying,3.0,-10.0,0.5166537691647564,1.073
P01,02,segment_0242,free_movement,6.0,310.0,0.30102654911780263,1.746
P01,02,segment_0243,carrying,6.0,-50.0,0.4046273362230438,1.396
P01,02,segment_0246,free_movement,1.0,-10.0,0.4039656987139608,1.376
P01,02,segment_0248,free_movement,0.75,245.0,0.5045591814622403,1.1475
P01,02,segment_0249,carrying,0.75,-50.0,0.382678826576822,1.398
P01,02,segment_0250,free_movement,4.25,145.0,0.4055542845707035,1.508
P01,02,segment_0251,carrying,4.25,350.0,0.3016991405707418,1.704
P01,02,segment_0252,free_movement,2.0,0.0,0.5152817273718758,1.123
P01,02,segment_0254,free_movement,1.0,10.0,0.5152780389648817,1.705
P01,02,segment_0256,free_movement,4.25,25.0,0.41597777648356155,1.551
P01,02,segment_0258,free_movement,2.25,25.0,0.35824462977915184,1.687
P01,02,segment_0260,free_movement,3.0,0.0,0.5316787992471625,1.422
P01,02,segment_0262,free_movement,6.0,325.0,0.4879549161343993,1.327
P01,02,segment_0264,free_movement,0.75,-50.0,0.5952255361519727,1.189
P01,02,segment_0265,carrying,0.75,310.0,0.5316675851656685,1.009
P01,02,segment_0266,free_movement,2.25,350.0,0.3740439589463349,1.4345
P01,02,segment_0268,free_movement,6.0,220.0,0.37951371718655613,1.171
P01,02,segment_0270,free_movement,4.25,155.0,0.3767823427076225,1.742
P01,02,segment_0272,free_movement,2.0,220.0,0.3737360976493892,1.469
P01,02,segment_0274,free_movement,3.0,20.0,0.7023207665295008,1.2245
P01,02,segment_0275,carrying,3.0,330.0,0.4811833350143998,0.8965
P01,02,segment_0277,carrying,0.75,-50.0,0.3238614915858001,1.1875
P01,02,segment_0278,free_movement,1.0,0.0,0.4912978919886697,1.759
P01,02,segment_0279,carrying,1.0,-10.0,0.37776789123849225,0.969
P01,02,segment_0280,free_movement,3.0,310.0,0.49736262941792647,0.957
P01,02,segment_0281,carrying,3.0,290.0,0.37253234943583086,1.13
P01,02,segment_0282,free_movement,2.25,300.0,0.33601625276371155,2.0125
P01,02,segment_0284,free_movement,0.75,10.0,0.6828256352691268,1.405
P01,02,segment_0285,carrying,0.75,285.0,0.5158042827303655,0.7205
P01,02,segment_0286,free_movement,4.25,0.0,0.46120013916295477,3.06
P01,02,segment_0288,free_movement,2.0,-10.0,0.4303968200880807,1.3135
P01,02,segment_0290,free_movement,1.0,310.0,0.40717571238542566,1.465
P01,02,segment_0291,carrying,1.0,-50.0,0.3691248150598656,1.081
P01,02,segment_0292,free_movement,6.0,30.0,0.47743917926599627,1.81
P01,02,segment_0294,free_movement,0.75,-15.0,0.689304659891971,1.2525
P01,02,segment_0296,free_movement,1.0,340.0,0.31615253898958817,1.5545
P01,02,segment_0298,free_movement,2.0,10.0,0.6725657175172403,1.184
P01,02,segment_0299,carrying,2.0,305.0,0.43691641701418205,0.993
P01,02,segment_0300,free_movement,4.25,0.0,0.5339804066127148,1.532
P01,02,segment_0302,free_movement,2.25,-15.0,0.502127927535449,1.5455
P01,02,segment_0304,free_movement,3.0,35.0,0.5068117565860693,1.489
P01,02,segment_0306,free_movement,6.0,0.0,0.5908645925141538,1.7345
P01,02,segment_0308,free_movement,4.25,345.0,0.3941596241706101,1.8375
P01,02,segment_0309,carrying,4.25,-50.0,0.44176577939259404,1.1985
P01,02,segment_0310,free_movement,3.0,10.0,0.40264663981747445,2.9415
P01,02,segment_0311,carrying,3.0,-50.0,0.3773492590747858,1.639
P01,02,segment_0312,free_movement,1.0,-50.0,0.6691126083520303,2.2025
P01,02,segment_0314,free_movement,0.75,105.0,0.41111366313004966,2.1285
P01,02,segment_0316,free_movement,6.0,10.0,0.6244008618308619,1.3095
P01,02,segment_0318,free_movement,2.0,-5.0,0.5257213855287429,1.679
P01,02,segment_0319,carrying,2.0,-50.0,0.4479190796961673,1.649
P01,02,segment_0320,free_movement,2.25,200.0,0.46198757846808786,2.2905
P01,02,segment_0322,free_movement,0.75,195.0,0.42749037442913945,1.395
P01,02,segment_0324,free_movement,6.0,190.0,0.31714645541042497,1.759
P01,02,segment_0326,free_movement,4.25,45.0,0.48342112878054094,2.117
P01,02,segment_0328,free_movement,2.25,210.0,0.3925137037757586,1.7115
P01,02,segment_0329,carrying,2.25,-50.0,0.42123656682956484,0.853
P01,02,segment_0330,free_movement,1.0,-45.0,0.5318630730188455,1.46
P01,02,segment_0332,free_movement,3.0,30.0,0.304894016935351,1.696
P01,02,segment_0333,carrying,3.0,-50.0,0.3188113189961345,1.4555
P01,02,segment_0334,free_movement,2.0,-15.0,0.5244904994465099,1.15
P01,02,segment_0335,carrying,2.0,-50.0,0.38752293519947084,1.6055
P01,02,segment_0336,free_movement,6.0,5.0,0.49464379545123743,1.571
P01,02,segment_0337,carrying,6.0,-45.0,0.40747856102991403,1.3825
P01,02,segment_0340,free_movement,2.0,-30.0,0.3079031722794908,1.7805
P01,02,segment_0341,carrying,2.0,345.0,0.4020561200449289,1.1875
P01,02,segment_0342,free_movement,3.0,-35.0,0.6694075847569293,1.3675
P01,02,segment_0343,carrying,3.0,-50.0,0.4221796792237129,1.2445
P01,02,segment_0344,free_movement,0.75,300.0,0.5040951842776832,1.092
P01,02,segment_0346,free_movement,1.0,210.0,0.6187539334708977,1.2265
P01,02,segment_0347,carrying,1.0,-45.0,0.5078981192584979,1.309
P01,02,segment_0348,free_movement,2.25,350.0,0.5343992508333891,1.408
P01,02,segment_0350,free_movement,2.0,85.0,0.49526333093305513,1.293
P01,02,segment_0352,free_movement,2.25,-50.0,0.3997186992515887,1.8655
P01,02,segment_0354,free_movement,1.0,0.0,0.7288725989391842,1.3265
P01,02,segment_0355,carrying,1.0,330.0,0.33641971003810744,1.3415
P01,02,segment_0356,free_movement,0.75,240.0,0.5326762692032736,1.3205
P01,02,segment_0357,carrying,0.75,-50.0,0.4179758268759512,1.3745
P01,02,segment_0358,free_movement,3.0,-50.0,0.4700836215478857,1.9305
P01,02,segment_0359,carrying,3.0,-5.0,0.33647587777157917,1.261
P01,02,segment_0360,free_movement,4.25,10.0,0.4346890268908816,1.3555
P01,02,segment_0362,free_movement,6.0,275.0,0.4607963059630069,1.696
P01,02,segment_0363,carrying,6.0,-50.0,0.3189034097919046,1.586
P01,02,segment_0364,free_movement,3.0,170.0,0.48394767803796074,1.2955
P01,02,segment_0366,free_movement,2.0,5.0,0.4340340170680306,1.3465
P01,02,segment_0367,carrying,2.0,10.0,0.400141063231492,0.994
P01,02,segment_0368,free_movement,1.0,180.0,0.6028796570237306,1.417
P01,02,segment_0370,free_movement,4.25,-40.0,0.48297787411272836,1.2845
P01,02,segment_0372,free_movement,2.25,315.0,0.43409618601344924,1.565
P01,02,segment_0373,carrying,2.25,-50.0,0.3792253932770105,1.319
P01,02,segment_0374,free_movement,6.0,-10.0,0.5149070764961865,3.4155
P01,02,segment_0376,free_movement,0.75,-40.0,0.44080471667389187,2.905
P01,02,segment_0378,free_movement,1.0,320.0,0.4788930678777117,1.8735
P01,02,segment_0380,free_movement,0.75,-35.0,0.4618717051657422,1.2155
P01,02,segment_0381,carrying,0.75,275.0,0.40687512854559826,0.9845
P01,02,segment_0382,free_movement,4.25,350.0,0.37018674121170436,1.301
P01,02,segment_0384,free_movement,2.25,260.0,0.34916984895807257,1.443
P01,02,segment_0386,free_movement,3.0,160.0,0.5874495191686174,1.174
P01,02,segment_0389,carrying,2.0,-50.0,0.5396899096155283,1.2635
P01,02,segment_0390,free_movement,6.0,5.0,0.6764913730447332,1.598
P01,02,segment_0394,free_movement,2.0,350.0,0.3880987472133217,1.9835
P01,02,segment_0395,carrying,2.0,-50.0,0.39759795015810795,0.9515
P01,02,segment_0396,free_movement,3.0,15.0,0.5357904434065189,1.2
P01,02,segment_0397,carrying,3.0,265.0,0.4766150064737966,0.999
P01,02,segment_0398,free_movement,1.0,295.0,0.679720693743898,1.1495
P01,02,segment_0399,carrying,1.0,-50.0,0.4850754099726399,0.8905
P01,02,segment_0400,free_movement,0.75,0.0,0.41466108251074624,1.213
P01,02,segment_0401,carrying,0.75,220.0,0.4552082242809612,0.802
P01,02,segment_0402,free_movement,6.0,20.0,0.4600063220368562,1.5715
P01,02,segment_0403,carrying,6.0,-50.0,0.3367675929831195,1.206
P01,02,segment_0404,free_movement,2.25,0.0,0.4638953870322966,2.737
P01,02,segment_0405,carrying,2.25,-50.0,0.3135817771763996,1.1155
P01,02,segment_0406,free_movement,4.25,320.0,0.5065456771210756,1.5175
P01,02,segment_0408,free_movement,0.75,90.0,0.36686948583938217,1.152
P01,02,segment_0410,free_movement,1.0,90.0,0.3134580246854043,1.4605
P01,02,segment_0411,carrying,1.0,-50.0,0.3708095435324586,1.2795
P01,02,segment_0412,free_movement,2.0,345.0,0.564582374010529,1.171
P01,02,segment_0413,carrying,2.0,-50.0,0.39664400539544664,1.3875
P01,02,segment_0414,free_movement,2.25,345.0,0.6025101383396375,1.7405
P01,02,segment_0416,free_movement,6.0,0.0,0.521940202030494,1.775
P01,02,segment_0417,carrying,6.0,-15.0,0.39989862379684127,1.199
P01,02,segment_0418,free_movement,3.0,50.0,0.6247944184484615,1.482
P01,02,segment_0419,carrying,3.0,-50.0,0.39044091235992373,1.4395
P01,02,segment_0420,free_movement,6.0,30.0,0.5610123776247544,1.5185
P01,02,segment_0422,free_movement,0.75,-50.0,0.42394470679041485,1.121
P01,02,segment_0424,free_movement,2.25,295.0,0.46401498940839103,1.803
P01,02,segment_0426,free_movement,3.0,45.0,0.5967614607316337,1.152
P01,02,segment_0427,carrying,3.0,295.0,0.387385177003273,1.2485
P01,02,segment_0428,free_movement,2.0,260.0,0.5044243537334598,1.3235
P01,02,segment_0429,carrying,2.0,-25.0,0.482063577444446,1.357
P01,02,segment_0430,free_movement,4.25,80.0,0.5842132885205379,1.963
P01,02,segment_0431,carrying,4.25,125.0,0.44918369790771917,0.8445
P01,02,segment_0432,free_movement,1.0,5.0,0.6507418249983064,1.3495
P01,02,segment_0433,carrying,1.0,-50.0,0.4964466324207511,1.259
P01,02,segment_0434,free_movement,1.0,260.0,0.46384571892527615,1.3785
P01,02,segment_0436,free_movement,2.0,205.0,0.5035748050728973,1.353
P01,02,segment_0440,free_movement,3.0,-20.0,0.5024916442749889,1.244
P01,02,segment_0441,carrying,3.0,-50.0,0.37625230676094085,1.728
P01,02,segment_0442,free_movement,6.0,280.0,0.5586149900315293,1.443
P01,02,segment_0444,free_movement,4.25,25.0,0.38636849933859174,1.913
P01,02,segment_0446,free_movement,0.75,310.0,0.38005216077839715,1.5665
P01,02,segment_0448,free_movement,3.0,-10.0,0.5782498722106344,1.3655
P01,02,segment_0449,carrying,3.0,285.0,0.3668561755467689,1.455
P01,02,segment_0450,free_movement,2.25,195.0,0.4328139892975199,2.055
P01,02,segment_0452,free_movement,4.25,320.0,0.45624006032650044,1.7015
P01,02,segment_0454,free_movement,6.0,50.0,0.3475109751640076,1.1715
P01,02,segment_0456,free_movement,0.75,-5.0,0.6381906000944156,1.1185
P01,02,segment_0457,carrying,0.75,-50.0,0.41392436229053975,0.8435
P01,02,segment_0458,free_movement,2.0,270.0,0.5675024636470563,1.2665
P01,02,segment_0459,carrying,2.0,-50.0,0.3882072384273334,1.203
P01,02,segment_0460,free_movement,1.0,-5.0,0.5101804680603335,1.4655
P01,02,segment_0462,free_movement,6.0,30.0,0.5092402352044001,1.935
P01,02,segment_0464,free_movement,4.25,85.0,0.5322796664567017,1.6635
P01,02,segment_0466,free_movement,2.0,160.0,0.37346378785377293,1.371
P01,02,segment_0468,free_movement,2.25,5.0,0.40790020144917255,1.6865
P01,02,segment_0470,free_movement,3.0,200.0,0.3798460313544618,1.3955
P01,02,segment_0474,free_movement,1.0,-25.0,0.4628552876523112,1.319
P01,02,segment_0476,free_movement,4.25,0.0,0.559471073214532,1.892
P01,02,segment_0478,free_movement,1.0,330.0,0.5281641432520636,1.1665
P01,02,segment_0479,carrying,1.0,-50.0,0.560573945524609,1.2675
P01,02,segment_0480,free_movement,6.0,145.0,0.3294868050649957,1.4405
P01,02,segment_0482,free_movement,2.25,210.0,0.550175437915085,1.464
P01,02,segment_0484,free_movement,3.0,-5.0,0.5478759273116713,1.436
P01,02,segment_0485,carrying,3.0,305.0,0.4314415861925082,1.024
P01,02,segment_0486,free_movement,2.0,0.0,0.47223504738617406,1.398
P01,02,segment_0487,carrying,2.0,-15.0,0.32929486021678783,1.425
P01,02,segment_0488,free_movement,0.75,135.0,0.4202281556120783,1.108
P01,02,segment_0489,carrying,0.75,-50.0,0.3733450334589284,1.8025
P01,02,segment_0490,free_movement,3.0,200.0,0.34531554677660886,1.5355
P01,02,segment_0491,carrying,3.0,-20.0,0.4308343393732768,0.997
P01,02,segment_0492,free_movement,2.25,-10.0,0.5217806606846201,1.911
P01,02,segment_0494,free_movement,2.0,0.0,0.6917138257303291,1.4635
P01,02,segment_0498,free_movement,0.75,50.0,0.4283163817367677,0.985
P01,02,segment_0499,free_movement,0.75,10.0,0.5836274843564746,1.2775
P01,02,segment_0500,carrying,0.75,-50.0,0.3981580665461243,1.0425
P01,02,segment_0501,free_movement,4.25,0.0,0.5093264116308497,1.405
P01,02,segment_0503,free_movement,6.0,285.0,0.5745108236279234,1.301
P01,02,segment_0505,free_movement,2.0,325.0,0.30299357981058594,1.3205
P01,02,segment_0506,carrying,2.0,-50.0,0.32173885497947996,1.2645
P01,02,segment_0507,free_movement,2.25,180.0,0.382671048519949,1.5135
P01,02,segment_0509,free_movement,3.0,235.0,0.30253321118093246,1.4745
P01,02,segment_0510,carrying,3.0,-50.0,0.3421619884786029,1.2375
P01,02,segment_0511,free_movement,1.0,0.0,0.653100240515179,1.532
P01,02,segment_0512,carrying,1.0,350.0,0.45654736439902777,1.079
P01,02,segment_0513,free_movement,2.0,85.0,0.6005234253581956,1.22
P01,02,segment_0514,carrying,2.0,-50.0,0.4905557409456369,1.1535
P01,02,segment_0515,free_movement,4.25,225.0,0.37105815769243544,1.2445
P01,02,segment_0517,free_movement,1.0,140.0,0.563455071340531,0.988
P01,02,segment_0519,free_movement,3.0,0.0,0.3290192833358027,1.4745
P01,02,segment_0520,carrying,3.0,-45.0,0.3211798781143237,1.255
P01,02,segment_0521,free_movement,2.25,275.0,0.4243623677858349,1.7735
P01,02,segment_0522,carrying,2.25,-35.0,0.31422536691593433,1.5715
P01,02,segment_0523,free_movement,6.0,-35.0,0.5077503488239598,1.3905
P01,02,segment_0525,free_movement,0.75,135.0,0.47806640581604326,1.234
P01,02,segment_0527,free_movement,6.0,-10.0,0.3346000046945512,1.661
P01,02,segment_0529,free_movement,1.0,50.0,0.5105530941643357,1.124
P01,02,segment_0532,carrying,0.75,-10.0,0.43271940538864584,1.3585
P01,02,segment_0533,free_movement,3.0,0.0,0.4778835490214514,1.084
P01,02,segment_0534,carrying,3.0,305.0,0.4100834717621286,0.7505
P01,02,segment_0535,free_movement,2.25,340.0,0.5590370613995259,1.7035
P01,02,segment_0536,carrying,2.25,-50.0,0.4118857376627357,1.3505
P01,02,segment_0541,free_movement,2.0,285.0,0.46875064621686974,1.2145
P01,02,segment_0542,carrying,2.0,-50.0,0.4615904398395962,1.168
P01,02,segment_0543,free_movement,3.0,0.0,0.5084231167039251,1.583
P01,02,segment_0545,free_movement,0.75,-40.0,0.6778652252218526,0.88
P01,02,segment_0546,carrying,0.75,20.0,0.34983041709614915,1.08
P01,02,segment_0547,free_movement,2.25,5.0,0.3480782401240011,2.674
P01,02,segment_0549,free_movement,4.25,10.0,0.6121485504584759,1.7945
P01,02,segment_0550,carrying,4.25,-50.0,0.4015971316736196,1.4835
P01,02,segment_0551,free_movement,1.0,5.0,0.72504858462693,1.135
P01,02,segment_0553,free_movement,6.0,35.0,0.5282840292557478,2.0415
P01,02,segment_0554,carrying,6.0,350.0,0.40922091062350713,1.414
P01,02,segment_0555,free_movement,3.0,175.0,0.39217400230588434,1.242
P01,02,segment_0556,carrying,3.0,-50.0,0.348274272301915,1.2815
P01,02,segment_0557,free_movement,2.25,185.0,0.6094115722192883,1.5625
P01,02,segment_0558,carrying,2.25,330.0,0.3694308816276694,1.1215
P01,02,segment_0559,free_movement,6.0,10.0,0.46248570437819647,1.275
P01,02,segment_0560,carrying,6.0,-15.0,0.46070044693795703,1.331
P01,02,segment_0561,free_movement,2.0,320.0,0.38991995626668624,1.533
P01,02,segment_0562,carrying,2.0,-30.0,0.39463931225327886,1.424
P01,02,segment_0563,free_movement,4.25,-20.0,0.4068832388651308,1.286
P01,02,segment_0564,carrying,4.25,-50.0,0.34191343782782335,1.003
P01,02,segment_0565,free_movement,0.75,315.0,0.33699190045606475,1.4025
P01,02,segment_0566,carrying,0.75,-45.0,0.6004871462247827,1.1185
P01,02,segment_0567,free_movement,1.0,160.0,0.7920898490067142,0.92
P01,02,segment_0569,free_movement,1.0,40.0,0.34124138197277715,1.544
P01,02,segment_0570,carrying,1.0,-45.0,0.3815997285833874,0.7995
P01,02,segment_0571,free_movement,3.0,5.0,0.6469722991970839,1.1195
P01,02,segment_0575,free_movement,6.0,20.0,0.5272563434040747,1.629
P01,02,segment_0577,free_movement,4.25,205.0,0.6110094398408414,1.0075
P01,02,segment_0579,free_movement,0.75,-40.0,0.5893318944780577,1.2035
P01,02,segment_0580,carrying,0.75,-30.0,0.545478664269648,0.832
P01,02,segment_0583,free_movement,6.0,10.0,0.37866634731743104,1.741
P01,02,segment_0585,free_movement,2.0,10.0,0.38828905590118923,1.57
P01,02,segment_0586,carrying,2.0,-15.0,0.31722969881060714,1.2175
P01,02,segment_0589,free_movement,3.0,5.0,0.3936301195412322,1.4135
P01,02,segment_0590,carrying,3.0,-50.0,0.3774325986224118,1.083
P01,02,segment_0591,free_movement,1.0,125.0,0.461701492349772,1.1775
P01,02,segment_0593,free_movement,4.25,165.0,0.37803346236593804,1.2845
P01,02,segment_0595,free_movement,0.75,0.0,0.48655774986898154,1.0705
P01,02,segment_0596,carrying,0.75,-25.0,0.4563588384445028,0.9465
P01,02,segment_0597,free_movement,3.0,155.0,0.49911786264082586,1.106
P01,02,segment_0599,free_movement,2.0,220.0,0.496080520670127,1.1035
P01,02,segment_0600,carrying,2.0,-50.0,0.5756404911562496,1.117
P01,02,segment_0601,free_movement,0.75,-50.0,0.3254882261171546,1.083
P01,02,segment_0602,carrying,0.75,285.0,0.4469919218657894,1.19
P01,02,segment_0603,free_movement,6.0,0.0,0.49870041409770594,1.2995
P01,02,segment_0604,carrying,6.0,-50.0,0.32984714520481523,1.1685
P01,02,segment_0605,free_movement,4.25,0.0,0.3093237386885779,2.08
P01,02,segment_0607,free_movement,2.25,325.0,0.32601037387027865,1.6645
P01,02,segment_0609,free_movement,1.0,350.0,0.5345938977341395,1.3475
P01,02,segment_0610,carrying,1.0,-50.0,0.3335764185004413,1.3665
P01,02,segment_0611,free_movement,6.0,335.0,0.8058986541795611,1.4575
P01,02,segment_0613,free_movement,2.0,180.0,0.31612221747739366,1.3525
P01,02,segment_0614,carrying,2.0,-50.0,0.3993265473094134,1.293
P01,02,segment_0615,free_movement,0.75,290.0,0.48777636318880324,1.2585
P01,02,segment_0616,carrying,0.75,-50.0,0.3454143775925844,1.279
P01,02,segment_0617,free_movement,1.0,-15.0,0.5812754169370145,1.2605
P01,02,segment_0618,carrying,1.0,235.0,0.36271395283250774,1.098
P01,02,segment_0619,free_movement,4.25,-5.0,0.8083369249289948,1.921
P01,02,segment_0621,free_movement,3.0,-45.0,0.6341639356006188,1.0695
P01,02,segment_0623,free_movement,2.25,265.0,0.3771035390127639,1.757
P01,02,segment_0625,free_movement,0.75,105.0,0.42871521096280846,0.9385
P01,02,segment_0626,carrying,0.75,350.0,0.474644913629014,1.067
P01,02,segment_0627,free_movement,1.0,70.0,0.5111403275750966,1.332
P01,02,segment_0628,carrying,1.0,-50.0,0.5128822878203676,1.1705
P01,02,segment_0629,free_movement,2.25,295.0,0.44797408082638995,1.2965
P01,02,segment_0631,free_movement,4.25,-5.0,0.42468888367512286,1.3025
P01,02,segment_0633,free_movement,3.0,10.0,0.5788584917439077,1.3205
P01,02,segment_0635,free_movement,6.0,-10.0,0.6610226878042661,2.773
P01,02,segment_0636,carrying,6.0,-50.0,0.421028520421706,1.0505
P01,02,segment_0637,free_movement,2.0,-50.0,0.416905111188195,0.7895
P01,02,segment_0639,free_movement,6.0,0.0,0.6273555546482005,2.0245
P01,02,segment_0640,carrying,6.0,-50.0,0.42630161857716464,1.262
P01,02,segment_0641,free_movement,2.25,175.0,0.5389448472715264,1.3715
P01,02,segment_0643,free_movement,1.0,210.0,0.6133961486861227,1.1615
P01,02,segment_0644,carrying,1.0,50.0,0.3330265964104266,1.0335
P01,02,segment_0645,free_movement,3.0,5.0,0.38653177027348073,1.4925
P01,02,segment_0646,carrying,3.0,-10.0,0.4561976893466151,1.0985
P01,02,segment_0647,free_movement,2.0,0.0,0.5324380218072285,0.9875
P01,02,segment_0648,carrying,2.0,-40.0,0.4826027891871315,0.936
P01,02,segment_0649,free_movement,0.75,195.0,0.5481175913581654,1.4095
P01,02,segment_0650,carrying,0.75,-50.0,0.45064855430183903,1.2145
P01,02,segment_0651,free_movement,4.25,0.0,0.44985888218519254,2.426
P01,02,segment_0652,carrying,4.25,-50.0,0.4880453485435882,1.259
P01,02,segment_0653,free_movement,0.75,295.0,0.3259111185830841,1.4355
P01,02,segment_0654,carrying,0.75,-25.0,0.5350752594693187,1.7565
P01,02,segment_0655,free_movement,4.25,0.0,0.462575866553793,2.373
P01,02,segment_0656,carrying,4.25,255.0,0.42527531088289405,1.337
P01,02,segment_0657,free_movement,3.0,-40.0,0.5165491043352947,1.133
P01,02,segment_0658,carrying,3.0,-10.0,0.4027717948095123,1.011
P01,02,segment_0659,free_movement,6.0,5.0,0.6630347449453432,1.6255
P01,02,segment_0660,carrying,6.0,310.0,0.331770924790057,1.0955
P01,02,segment_0661,free_movement,2.25,320.0,0.43449081266739564,1.5
P01,02,segment_0663,free_movement,2.0,115.0,0.44289694753613507,1.1945
P01,02,segment_0664,carrying,2.0,-50.0,0.38740433867757074,0.9565
P01,02,segment_0665,free_movement,1.0,255.0,0.4833092746424037,1.366
P01,02,segment_0666,carrying,1.0,-50.0,0.47595196913266086,1.0265
P01,02,segment_0667,free_movement,4.25,5.0,0.522851993902167,1.493
P01,02,segment_0668,carrying,4.25,-50.0,0.4063768691651681,1.3495
P01,02,segment_0669,free_movement,1.0,185.0,0.6551368606488199,1.115
P01,02,segment_0670,carrying,1.0,-40.0,0.6315159850512311,0.9155
P01,02,segment_0671,free_movement,2.25,5.0,0.3745655048941543,1.799
P01,02,segment_0672,carrying,2.25,345.0,0.4127299059634442,0.9595
P01,02,segment_0673,free_movement,6.0,10.0,0.32802463877772303,1.897
P01,02,segment_0676,carrying,2.0,-45.0,0.3988383485811616,1.296
P01,02,segment_0677,free_movement,3.0,205.0,0.43576909669552677,1.4485
P01,02,segment_0678,carrying,3.0,-40.0,0.4733599067001835,0.9695
P01,02,segment_0680,carrying,0.75,-50.0,0.4077185908953472,0.9525
P01,02,segment_0682,carrying,1.0,310.0,0.3383005922647979,1.2755
P01,02,segment_0683,free_movement,6.0,-10.0,0.5747037536516321,1.779
P01,02,segment_0685,free_movement,3.0,305.0,0.49850329354874334,1.513
P01,02,segment_0687,free_movement,2.0,175.0,0.4184405063351069,1.3455
P01,02,segment_0689,free_movement,2.25,290.0,0.6348936789084708,1.446
P01,02,segment_0691,free_movement,4.25,0.0,0.7008839236147706,1.5655
P01,02,segment_0694,carrying,0.75,-10.0,0.6639363171969297,0.849
P01,02,segment_0697,free_movement,3.0,0.0,0.4639266944274235,1.1805
P01,02,segment_0698,carrying,3.0,-10.0,0.3805196022743837,0.7985
P01,02,segment_0699,free_movement,2.0,225.0,0.5722209071475527,1.151
P01,02,segment_0701,free_movement,6.0,0.0,0.6157500603726211,1.3975
P01,02,segment_0702,carrying,6.0,-45.0,0.3503907573517856,1.205
P01,02,segment_0703,free_movement,1.0,325.0,0.33567828373418607,1.6025
P01,02,segment_0707,free_movement,2.25,350.0,0.5730614149954804,1.595
P01,02,segment_0710,carrying,0.75,-40.0,0.41114540759193047,1.0525
P01,02,segment_0711,free_movement,2.0,350.0,0.41308600079330715,1.429
P01,02,segment_0712,carrying,2.0,-50.0,0.37930133613491396,1.3045
P01,02,segment_0713,free_movement,1.0,0.0,0.5526784199902552,1.075
P01,02,segment_0714,carrying,1.0,350.0,0.4946949782125976,0.999
P01,02,segment_0715,free_movement,2.25,350.0,0.4421501399040605,1.414
P01,02,segment_0718,carrying,6.0,220.0,0.3371244944141475,1.214
P01,02,segment_0719,free_movement,4.25,0.0,0.6570069511056704,1.735
P01,02,segment_0721,free_movement,3.0,240.0,0.6166082582052175,1.0185
P01,02,segment_0722,carrying,3.0,-50.0,0.40770886901350356,1.08
P01,02,segment_0723,free_movement,3.0,210.0,0.5564272123002272,1.16
P01,02,segment_0725,free_movement,6.0,190.0,0.3578139494910226,1.5845
P01,02,segment_0727,free_movement,0.75,20.0,0.8668144750932663,1.074
P01,02,segment_0729,free_movement,2.0,180.0,0.5583505546566357,1.3155
P01,02,segment_0730,carrying,2.0,-50.0,0.5282984293543023,1.2645
P01,02,segment_0731,free_movement,1.0,340.0,0.30461973498808226,1.451
P01,02,segment_0732,carrying,1.0,-10.0,0.3129610626548493,1.0945
P01,02,segment_0733,free_movement,2.25,315.0,0.3477137127055918,1.5305
P01,02,segment_0734,carrying,2.25,-35.0,0.42762295533014216,0.9835
P01,02,segment_0735,free_movement,4.25,0.0,0.3466416152859171,2.414
P01,02,segment_0737,free_movement,0.75,-5.0,0.45698188676170504,1.4755
P01,02,segment_0738,carrying,0.75,350.0,0.39943856972209996,1.07
P01,02,segment_0739,free_movement,1.0,350.0,0.4928575504376899,1.3865
P01,02,segment_0740,carrying,1.0,-50.0,0.4734344631644574,1.404
P01,02,segment_0741,free_movement,6.0,125.0,0.6179604260334453,0.9915
P01,02,segment_0743,free_movement,2.0,-10.0,0.4448232952158951,1.1985
P01,02,segment_0744,carrying,2.0,-50.0,0.5833371398569877,1.23
P01,02,segment_0745,free_movement,3.0,15.0,0.7316785081038626,1.098
P01,02,segment_0747,free_movement,4.25,350.0,0.3241708903108928,1.79
P01,02,segment_0749,free_movement,2.25,250.0,0.5251903738378526,1.475
P01,02,segment_0750,carrying,2.25,315.0,0.30510438606511586,0.969
P01,02,segment_0751,free_movement,4.25,-20.0,0.598501811359082,1.3365
P01,02,segment_0753,free_movement,3.0,-15.0,0.58041289995833,1.1685
P01,02,segment_0754,carrying,3.0,300.0,0.401730876711033,1.136
P01,02,segment_0755,free_movement,0.75,55.0,0.31646124630095324,0.852
P01,02,segment_0757,free_movement,2.25,340.0,0.5576089630241453,1.3785
P01,02,segment_0758,carrying,2.25,-50.0,0.4424382507246981,1.223
P01,02,segment_0759,free_movement,2.0,290.0,0.46682785416782385,1.596
P01,02,segment_0760,carrying,2.0,-15.0,0.3508610698193991,1.2515
P01,02,segment_0761,free_movement,6.0,340.0,0.425847804530949,1.714
P01,02,segment_0763,free_movement,1.0,-20.0,0.31720533287460484,1.2145
P01,02,segment_0765,free_movement,3.0,155.0,0.40898771966997755,1.346
P01,02,segment_0766,carrying,3.0,-45.0,0.3989806605585141,1.264
P01,02,segment_0767,free_movement,0.75,300.0,0.5586348824613766,0.881
P01,02,segment_0768,carrying,0.75,10.0,0.6048328128877736,0.761
P01,02,segment_0769,free_movement,2.0,5.0,0.47881523408142107,1.0595
P01,02,segment_0771,free_movement,1.0,195.0,0.6122542927535043,1.248
P01,02,segment_0772,carrying,1.0,-50.0,0.4666663141960739,1.189
P01,02,segment_0773,free_movement,4.25,270.0,0.670144596088243,1.3885
P01,02,segment_0775,free_movement,2.25,190.0,0.45568361545231395,1.4985
P01,02,segment_0776,carrying,2.25,330.0,0.4194544437020333,1.4185
P01,02,segment_0777,free_movement,6.0,-50.0,0.3488014766595926,1.3055
P01,02,segment_0778,carrying,6.0,290.0,0.4416764395496468,1.2055
P01,02,segment_0779,free_movement,1.0,-10.0,0.5170504966630642,1.1625
P01,02,segment_0781,free_movement,2.25,320.0,0.5478478194721565,1.6355
P01,02,segment_0782,carrying,2.25,-50.0,0.3508971126824348,1.4835
P01,02,segment_0783,free_movement,4.25,160.0,0.49116283304249997,1.395
P01,02,segment_0784,carrying,4.25,-50.0,0.40041836175882894,1.139
P01,02,segment_0785,free_movement,2.0,-50.0,0.48912077663865605,1.36
P01,02,segment_0786,carrying,2.0,-40.0,0.44810611424879915,1.263
P01,02,segment_0787,free_movement,3.0,315.0,0.5580576389930992,1.1505
P01,02,segment_0788,carrying,3.0,-20.0,0.3283008616539315,0.8305
P01,02,segment_0789,free_movement,6.0,245.0,0.31797640750062467,1.3885
P01,02,segment_0791,free_movement,0.75,120.0,0.3278564554491139,1.3965
P01,02,segment_0794,carrying,6.0,-50.0,0.3860068113803486,1.252
P01,02,segment_0795,free_movement,1.0,270.0,0.4544240944418811,1.408
P01,02,segment_0796,carrying,1.0,-50.0,0.4612526315204006,0.8195
P01,02,segment_0797,free_movement,3.0,240.0,0.4896682700554945,1.0685
P01,02,segment_0799,free_movement,0.75,5.0,0.6179988409183699,1.287
P01,02,segment_0800,carrying,0.75,-35.0,0.6330499479947908,1.0795
P01,02,segment_0801,free_movement,2.0,95.0,0.4542976248499503,1.116
P01,02,segment_0805,free_movement,2.25,145.0,0.39969257845524275,1.344
P01,02,segment_0806,carrying,2.25,315.0,0.3948006345197414,1.296
P01,02,segment_0807,free_movement,1.0,205.0,0.3537277860233243,1.22
P01,02,segment_0809,free_movement,2.25,350.0,0.5662365966818443,1.3775
P01,02,segment_0810,carrying,2.25,-50.0,0.36695844812176126,1.2295
P01,02,segment_0811,free_movement,3.0,55.0,0.3514043070108947,1.628
P01,02,segment_0812,carrying,3.0,-50.0,0.41233352730643386,1.3885
P01,02,segment_0813,free_movement,0.75,-25.0,0.550933478998694,1.342
P01,02,segment_0815,free_movement,6.0,325.0,0.5604499014514089,1.5775
P01,02,segment_0817,free_movement,2.0,55.0,0.5607566041647996,1.412
P01,02,segment_0818,carrying,2.0,330.0,0.4424555458551361,1.192
P01,02,segment_0819,free_movement,4.25,10.0,0.3427088415864605,1.368
P01,02,segment_0820,carrying,4.25,-40.0,0.3089866885820337,1.1675
P01,02,segment_0821,free_movement,1.0,10.0,0.3976789806872579,1.3985
P01,02,segment_0823,free_movement,4.25,275.0,0.39394438537466736,1.2525
P01,02,segment_0824,carrying,4.25,-50.0,0.35711306041652585,1.101
P01,02,segment_0825,free_movement,3.0,-50.0,0.3267157388853409,1.0455
P01,02,segment_0826,carrying,3.0,330.0,0.30797952432859743,1.128
P01,02,segment_0827,free_movement,2.0,-45.0,0.4467917569678093,1.0955
P01,02,segment_0828,carrying,2.0,-40.0,0.4676940015663838,0.8245
P01,02,segment_0829,free_movement,2.25,15.0,0.4716458973511414,1.2325
P01,02,segment_0830,carrying,2.25,290.0,0.4131338338793139,1.1605
P01,02,segment_0833,free_movement,6.0,175.0,0.4164436237930931,1.3905
P01,02,segment_0836,carrying,2.25,-10.0,0.42736483936663,1.4105
P01,02,segment_0837,free_movement,3.0,245.0,0.40803332433275313,1.2185
P01,02,segment_0838,carrying,3.0,-30.0,0.5220195378626529,1.0145
P01,02,segment_0839,free_movement,1.0,-40.0,0.32824563747981544,1.5255
P01,02,segment_0840,carrying,1.0,320.0,0.30762416266963927,1.128
P01,02,segment_0841,free_movement,4.25,-40.0,0.4508975280051597,1.5125
P01,02,segment_0843,free_movement,6.0,45.0,0.45421597002900654,0.942
P01,02,segment_0845,free_movement,2.0,270.0,0.6532978262691457,1.1405
P01,02,segment_0846,carrying,2.0,-50.0,0.5599031209416607,0.7695
P01,02,segment_0849,free_movement,1.0,295.0,0.38810001352896933,1.3345
P01,02,segment_0850,carrying,1.0,-35.0,0.3785619188223467,1.217
P01,02,segment_0851,free_movement,6.0,-5.0,0.5755535839260044,1.046
P01,02,segment_0853,free_movement,2.0,10.0,0.38433593265958377,1.1975
P01,02,segment_0854,carrying,2.0,-5.0,0.47411900428170967,0.8385
P01,02,segment_0855,free_movement,3.0,35.0,0.4937268229608237,1.2635
P01,02,segment_0858,carrying,4.25,310.0,0.4895926979252729,1.248
P01,02,segment_0859,free_movement,0.75,45.0,0.4099593589791492,2.4425
P01,02,segment_0860,carrying,0.75,295.0,0.5268777512086803,0.983
P01,02,segment_0861,free_movement,2.25,255.0,0.4273704863532158,1.599
P01,02,segment_0863,free_movement,0.75,10.0,0.5230267906507409,1.408
P01,02,segment_0865,free_movement,6.0,0.0,0.5303993465446554,1.5565
P01,02,segment_0867,free_movement,2.0,140.0,0.46382343853753805,1.399
P01,02,segment_0868,carrying,2.0,-50.0,0.3991849904019547,1.15
P01,02,segment_0869,free_movement,1.0,330.0,0.5563512306145258,1.232
P01,02,segment_0870,carrying,1.0,310.0,0.6071247297541762,0.7765
P01,02,segment_0871,free_movement,3.0,275.0,0.42871620379332354,1.312
P01,02,segment_0873,free_movement,2.25,350.0,0.3345712893189615,1.863
P01,02,segment_0875,free_movement,4.25,-25.0,0.4555710896302569,3.0225
P01,02,segment_0877,free_movement,2.25,35.0,0.3575024124229192,1.4045
P01,02,segment_0881,free_movement,1.0,160.0,0.5956284299022886,1.197
P01,02,segment_0882,carrying,1.0,-50.0,0.3258947066616654,1.1125
P01,02,segment_0883,free_movement,6.0,10.0,0.6574782483699149,1.4625
P01,02,segment_0885,free_movement,4.25,-15.0,0.3157897661893496,1.5035
P01,02,segment_0886,carrying,4.25,350.0,0.3037283413695869,1.193
P01,02,segment_0889,free_movement,0.75,-30.0,0.6783067335220679,0.98
P01,02,segment_0891,free_movement,2.0,300.0,0.42310227451221366,1.373
P01,02,segment_0892,carrying,2.0,45.0,0.4520609214546402,1.6165
P01,02,segment_0893,free_movement,0.75,55.0,0.30648852371196644,1.032
P01,02,segment_0895,free_movement,2.25,235.0,0.4298267710389337,1.4715
P01,02,segment_0897,free_movement,4.25,50.0,0.5702541315477484,1.3795
P01,02,segment_0898,carrying,4.25,-15.0,0.3857854758407107,0.925
P01,02,segment_0899,free_movement,3.0,100.0,0.45443334147767767,1.2405
P01,02,segment_0900,carrying,3.0,-45.0,0.39349081134318964,1.0715
P01,02,segment_0901,free_movement,1.0,210.0,0.7230427492846696,1.0595
P01,02,segment_0902,carrying,1.0,-45.0,0.4287973209429506,1.0925
P01,02,segment_0903,free_movement,6.0,-30.0,0.380582878115629,1.4645
P01,02,segment_0905,free_movement,1.0,315.0,0.40045642097602235,1.3325
P01,02,segment_0906,carrying,1.0,-20.0,0.41229241460628935,1.2865
P01,02,segment_0907,free_movement,2.0,130.0,0.40259551370799024,1.2145
P01,02,segment_0909,free_movement,3.0,-50.0,0.34443687453940336,1.295
P01,02,segment_0911,free_movement,0.75,-15.0,0.595998297321162,0.8445
P01,02,segment_0912,carrying,0.75,40.0,0.4997081326221581,0.8705
P01,02,segment_0913,free_movement,6.0,35.0,0.6436133310051755,1.068
P01,02,segment_0915,free_movement,4.25,-50.0,0.5324964274269613,1.3255
P01,02,segment_0917,free_movement,2.25,260.0,0.6098644204643692,1.3655
P01,02,segment_0919,free_movement,2.0,5.0,0.36165871129485005,1.003
P01,02,segment_0920,carrying,2.0,-30.0,0.3420744658572684,0.958
P01,02,segment_0921,free_movement,2.25,30.0,0.3268567279734422,3.743
P01,02,segment_0923,free_movement,1.0,-5.0,0.7058960358893137,1.358
P01,02,segment_0925,free_movement,6.0,290.0,0.4113087665779936,1.656
P01,02,segment_0927,free_movement,0.75,25.0,0.6623463471117798,2.867
P01,02,segment_0928,carrying,0.75,-50.0,0.4413250084166264,1.392
P01,02,segment_0929,free_movement,4.25,305.0,0.5101206610457145,1.232
P01,02,segment_0931,free_movement,3.0,55.0,0.4577860736708998,1.271
P01,02,segment_0932,carrying,3.0,335.0,0.32733165759593,1.0875
P01,02,segment_0933,free_movement,4.25,5.0,0.6300737189190172,1.481
P01,02,segment_0934,carrying,4.25,-50.0,0.4288449749960483,1.159
P01,02,segment_0937,free_movement,6.0,300.0,0.4970029114898545,1.1905
P01,02,segment_0939,free_movement,2.25,235.0,0.7306088484933356,1.37
P01,02,segment_0943,free_movement,3.0,40.0,0.5585031096660337,1.7365
P01,02,segment_0944,carrying,3.0,-50.0,0.5307321475119419,0.972
P01,02,segment_0945,free_movement,0.75,-5.0,0.5482507154611207,1.5475
P01,02,segment_0946,carrying,0.75,350.0,0.41536308442315045,1.3615
P01,02,segment_0947,free_movement,0.75,25.0,0.5797053620229162,1.3655
P01,02,segment_0948,carrying,0.75,-50.0,0.38444942299629153,1.3555
P01,02,segment_0949,free_movement,6.0,0.0,0.3662376226489411,1.324
P01,02,segment_0951,free_movement,4.25,10.0,0.4039297899452106,1.6195
P01,02,segment_0953,free_movement,3.0,310.0,0.43587803311736156,1.1835
P01,02,segment_0957,free_movement,1.0,135.0,0.5516153484339605,1.906
P01,02,segment_0959,free_movement,2.0,135.0,0.6472425622092548,1.0485
P01,02,segment_0961,free_movement,4.25,-45.0,0.46750903178032344,1.195
P01,02,segment_0963,free_movement,1.0,250.0,0.4581232425065301,1.304
P01,02,segment_0964,carrying,1.0,-15.0,0.3842577913636426,0.8435
P01,02,segment_0965,free_movement,0.75,-30.0,0.3489602816322317,0.9005
P01,02,segment_0966,carrying,0.75,220.0,0.3237919712643219,0.8565
P01,02,segment_0967,free_movement,2.0,85.0,0.4441174830103688,1.435
P01,02,segment_0968,carrying,2.0,-50.0,0.3923597228051806,1.0375
P01,02,segment_0969,free_movement,2.25,10.0,0.5511923995832583,1.3815
P01,02,segment_0971,free_movement,3.0,180.0,0.46469526859426474,1.2435
P01,02,segment_0973,free_movement,6.0,105.0,0.6062405644595029,1.22
P01,02,segment_0974,carrying,6.0,290.0,0.536595859900861,1.139
P01,02,segment_0975,free_movement,1.0,30.0,0.4635585782491528,0.912
P01,02,segment_0976,carrying,1.0,-50.0,0.5790515916293109,1.0895
P01,02,segment_0977,free_movement,2.0,110.0,0.4738772338166051,1.171
P01,02,segment_0978,carrying,2.0,-50.0,0.37873367603535213,1.035
P01,02,segment_0979,free_movement,3.0,-40.0,0.4483564617282986,0.9325
P01,02,segment_0980,carrying,3.0,350.0,0.5648670086948553,1.256
P01,02,segment_0981,free_movement,0.75,-50.0,0.349922234543694,0.8165
P01,02,segment_0982,carrying,0.75,-30.0,0.40703344498404065,0.852
P01,02,segment_0983,free_movement,2.25,350.0,0.43125863901596356,1.572
P01,02,segment_0985,free_movement,6.0,0.0,0.5740895241901841,1.5085
P01,02,segment_0986,carrying,6.0,-50.0,0.4491601975010863,1.139
P01,02,segment_0990,carrying,2.25,-50.0,0.5034601300736824,1.5955
P01,02,segment_0992,carrying,0.75,350.0,0.42457030413780444,1.1615
P01,02,segment_0993,free_movement,4.25,5.0,0.3687494981752636,1.4565
P01,02,segment_0994,carrying,4.25,-50.0,0.3533667153400443,1.17
P01,02,segment_0995,free_movement,6.0,-10.0,0.5138203381953476,1.21
P01,02,segment_0997,free_movement,1.0,110.0,0.45517359992689055,1.0365
P01,02,segment_0998,free_movement,2.25,310.0,0.3041833830060665,2.115
P01,02,segment_1001,carrying,0.75,350.0,0.3587038787879068,1.094
P01,02,segment_1002,free_movement,6.0,350.0,0.4345856973109858,1.7685
P01,02,segment_1003,carrying,6.0,345.0,0.4084383977441242,1.1375
P01,02,segment_1004,free_movement,1.0,335.0,0.4108028961376967,1.1565
P01,02,segment_1005,carrying,1.0,-30.0,0.46990883525398114,0.8685
P01,02,segment_1006,free_movement,4.25,-10.0,0.7307660223703968,1.1
P01,02,segment_1008,free_movement,3.0,140.0,0.4467395486362589,0.945
P01,02,segment_1010,free_movement,2.0,25.0,0.3040593630444633,1.267
P01,02,segment_1011,carrying,2.0,-50.0,0.3157225504514472,1.6605
P01,02,segment_1012,free_movement,6.0,195.0,0.339692552995836,1.117
P01,02,segment_1017,carrying,3.0,-50.0,0.3175253532033078,0.799
P01,02,segment_1018,free_movement,2.0,-35.0,0.4501429911395796,1.036
P01,02,segment_1020,free_movement,2.25,295.0,0.4776184769917781,1.544
P01,02,segment_1024,free_movement,1.0,135.0,0.43694438716026895,1.142
P01,02,segment_1026,free_movement,4.25,280.0,0.6979213208978786,0.9145
P01,02,segment_1027,carrying,4.25,350.0,0.33080369901356854,1.0145
P01,02,segment_1028,free_movement,2.0,-50.0,0.4283149584287976,1.038
P01,02,segment_1029,carrying,2.0,-50.0,0.4298220366055245,0.8295
P01,02,segment_1030,free_movement,6.0,280.0,0.3823061371244646,1.1025
P01,02,segment_1033,carrying,2.25,305.0,0.3060552672398991,1.066
P01,02,segment_1034,free_movement,3.0,15.0,0.48577917265832465,1.108
P01,02,segment_1037,carrying,1.0,-45.0,0.37614114329912524,0.933
P01,02,segment_1038,free_movement,0.75,140.0,0.5689235855054418,0.861
P01,02,segment_1039,carrying,0.75,5.0,0.47853287147579326,0.803
P01,02,segment_1040,free_movement,3.0,230.0,0.5960262621310951,1.3055
P01,02,segment_1041,carrying,3.0,-50.0,0.4547168874406139,1.1235
P01,02,segment_1042,free_movement,4.25,10.0,0.44987533942672264,1.4925
P01,02,segment_1043,carrying,4.25,-45.0,0.4818183158641401,1.5075
P01,02,segment_1044,free_movement,0.75,160.0,0.43615795581420397,1.229
P01,02,segment_1046,free_movement,2.0,70.0,0.3919239395392513,0.8845
P01,02,segment_1047,carrying,2.0,-50.0,0.5177142572332806,1.0205
P01,02,segment_1050,free_movement,1.0,-25.0,0.5689433830612005,1.391
P01,02,segment_1052,free_movement,2.25,350.0,0.5161917375041565,1.6725
P01,02,segment_1054,free_movement,3.0,110.0,0.6492551912805337,0.854
P01,02,segment_1055,carrying,3.0,320.0,0.5667150541546809,0.979
P01,02,segment_1056,free_movement,2.0,5.0,0.5407573729139435,1.3155
P01,02,segment_1058,free_movement,1.0,315.0,0.5348353459523578,1.28
P01,02,segment_1059,carrying,1.0,-50.0,0.47783776224429775,1.07
P01,02,segment_1060,free_movement,2.25,260.0,0.3537076437517604,2.4585
P01,02,segment_1061,carrying,2.25,335.0,0.5122321180788265,1.4375
P01,02,segment_1062,free_movement,6.0,10.0,0.3199774561317837,1.4885
P01,02,segment_1065,carrying,0.75,-50.0,0.379780580825473,1.3425
P01,02,segment_1066,free_movement,4.25,45.0,0.36005994017399545,1.436
P01,02,segment_1067,carrying,4.25,180.0,0.31286377927870107,1.9345
P01,02,segment_1068,free_movement,2.0,-50.0,0.37352992526599604,1.4855
P01,02,segment_1069,carrying,2.0,-45.0,0.3326049267420731,1.262
P01,02,segment_1070,free_movement,0.75,110.0,0.35587683887522836,1.115
P01,02,segment_1072,free_movement,4.25,345.0,0.35138290616100293,1.7945
P01,02,segment_1073,carrying,4.25,-50.0,0.3357624042072072,1.5615
P01,02,segment_1074,free_movement,2.25,335.0,0.4479926560370201,1.852
P01,02,segment_1076,free_movement,3.0,320.0,0.5391042432903644,0.9385
P01,02,segment_1077,carrying,3.0,50.0,0.5149887476041323,0.7945
P01,02,segment_1080,free_movement,6.0,0.0,0.6023415777756033,1.1735
P01,02,segment_1082,free_movement,6.0,50.0,0.4112903968293562,1.286
P01,02,segment_1084,free_movement,3.0,190.0,0.37430562076724283,1.1895
P01,02,segment_1086,free_movement,4.25,-25.0,0.3773694662101432,1.487
P01,02,segment_1088,free_movement,1.0,0.0,0.5193027089084132,1.176
P01,02,segment_1089,carrying,1.0,-40.0,0.3835902487725175,0.787
P01,02,segment_1090,free_movement,2.0,0.0,0.4212820125489439,1.4835
P01,02,segment_1091,carrying,2.0,340.0,0.5671560344874703,0.756
P01,02,segment_1092,free_movement,2.25,275.0,0.4306103346248274,1.546
P01,02,segment_1093,carrying,2.25,340.0,0.4561353209773387,1.365
P01,02,segment_1095,carrying,0.75,-50.0,0.5274765427564997,1.0665
P01,02,segment_1096,free_movement,4.25,10.0,0.5079215068562877,1.368
P01,02,segment_1098,free_movement,1.0,0.0,0.5041124044721605,1.473
P01,02,segment_1100,free_movement,6.0,-5.0,0.7503458710517282,0.9655
P01,02,segment_1102,free_movement,2.0,0.0,0.35049067019805613,1.4825
P01,02,segment_1103,carrying,2.0,-10.0,0.5138224837543224,2.669
P01,02,segment_1104,free_movement,3.0,105.0,0.6447117937734497,1.177
P01,02,segment_1106,free_movement,2.25,5.0,0.44501420822553145,2.053
P01,02,segment_1108,free_movement,0.75,10.0,0.30706634445927433,1.355
P01,02,segment_1109,carrying,0.75,-40.0,0.41183760592283764,0.944
P01,02,segment_1110,free_movement,3.0,335.0,0.35889858196522767,1.2835
P01,02,segment_1111,carrying,3.0,-50.0,0.49224547805003005,1.2165
P01,02,segment_1112,free_movement,0.75,295.0,0.6714259364199501,1.3685
P01,02,segment_1114,free_movement,6.0,125.0,0.6216953574865178,1.3805
P01,02,segment_1115,carrying,6.0,-45.0,0.4205557728544762,1.066
P01,02,segment_1116,free_movement,2.0,-5.0,0.34102011640852403,1.002
P01,02,segment_1117,carrying,2.0,245.0,0.3852664122030416,1.096
P01,02,segment_1119,carrying,2.25,50.0,0.5863134228859807,1.3575
P01,02,segment_1120,free_movement,1.0,70.0,0.5091096840176617,1.0175
P01,02,segment_1121,carrying,1.0,-15.0,0.3548412567357874,1.0465
P01,02,segment_1124,free_movement,4.25,305.0,0.5189443954827914,1.328
P01,02,segment_1126,free_movement,3.0,-20.0,0.31228846855151526,1.1745
P01,02,segment_1128,free_movement,0.75,5.0,0.5426511118788812,5.357
P01,02,segment_1130,free_movement,2.25,200.0,0.37031303495078016,2.039
P01,02,segment_1132,free_movement,1.0,100.0,0.3681250681127413,1.058
P01,02,segment_1133,carrying,1.0,-50.0,0.3059264286705694,1.5365
P01,02,segment_1134,free_movement,2.0,175.0,0.624581270431852,0.9535
P01,02,segment_1135,carrying,2.0,-40.0,0.41513254857048276,1.0405
P01,02,segment_1136,free_movement,6.0,240.0,0.5886652668608777,0.863
P01,02,segment_1138,free_movement,2.25,175.0,0.30613502590399455,1.504
P01,02,segment_1139,carrying,2.25,170.0,0.34050211570682115,1.1115
P01,02,segment_1141,carrying,2.0,-50.0,0.4870163948063703,0.7945
P01,02,segment_1143,carrying,0.75,180.0,0.34899554905775687,1.286
P01,02,segment_1144,free_movement,1.0,5.0,0.4184873915552246,1.0145
P01,02,segment_1145,carrying,1.0,-50.0,0.4377739908816912,1.117
P01,02,segment_1146,free_movement,3.0,225.0,0.46614561370482216,1.469
P01,02,segment_1147,carrying,3.0,-50.0,0.5791739360602451,1.6375
P01,02,segment_1148,free_movement,6.0,-10.0,0.4917742345957542,1.407
P01,02,segment_1149,carrying,6.0,-50.0,0.42760184073979113,0.739
P01,02,segment_1153,carrying,1.0,80.0,0.4656528885545584,1.113
P01,02,segment_1154,free_movement,2.25,210.0,0.45562934424869334,1.174
P01,02,segment_1155,carrying,2.25,-50.0,0.40170591514692494,0.8015
P01,02,segment_1156,free_movement,0.75,350.0,0.4534051088368618,1.1065
P01,02,segment_1157,carrying,0.75,-45.0,0.4198251442299735,1.096
P01,02,segment_1158,free_movement,2.0,40.0,0.3447857418036899,1.035
P01,02,segment_1159,carrying,2.0,320.0,0.32720427416370423,0.9945
P01,02,segment_1160,free_movement,3.0,5.0,0.45809398223990755,1.468
P01,02,segment_1161,carrying,3.0,-50.0,0.574763713828495,0.9805
P01,02,segment_1162,free_movement,4.25,35.0,0.3718872379203037,1.9895
P01,02,segment_1164,free_movement,6.0,-10.0,0.6553301887264539,1.8125
P01,02,segment_1166,free_movement,1.0,290.0,0.358050105144151,1.311
P01,02,segment_1167,carrying,1.0,-50.0,0.3516069492559494,0.7575
P01,02,segment_1168,free_movement,6.0,5.0,0.6098602810909467,1.457
P01,02,segment_1169,carrying,6.0,-50.0,0.3910593329195843,1.14
P01,02,segment_1170,free_movement,3.0,235.0,0.34337817192001335,1.308
P01,02,segment_1171,carrying,3.0,-50.0,0.4080482146551817,1.1175
P01,02,segment_1172,free_movement,0.75,-5.0,0.4761825564246736,1.779
P01,02,segment_1173,carrying,0.75,15.0,0.3381571886815007,1.21
P01,02,segment_1174,free_movement,2.25,320.0,0.4271084815525406,1.32
P01,02,segment_1176,free_movement,2.0,130.0,0.43333160487664235,1.4805
P01,02,segment_1177,carrying,2.0,-50.0,0.34552085623846396,1.278
P01,02,segment_1181,carrying,1.0,-40.0,0.4042478826857965,0.937
P01,02,segment_1182,free_movement,3.0,0.0,0.5232546765050814,1.244
P01,02,segment_1183,carrying,3.0,-50.0,0.3009167007323849,1.0695
P01,02,segment_1184,free_movement,2.25,270.0,0.3920776068015494,1.36
P01,02,segment_1186,free_movement,4.25,5.0,0.39861254218212816,1.6045
P01,02,segment_1187,carrying,4.25,340.0,0.3726840626582518,1.186
P01,02,segment_1188,free_movement,2.0,-45.0,0.5086470471900898,1.168
P01,02,segment_1190,free_movement,0.75,235.0,0.7957673863521872,0.8535
P01,02,segment_1191,carrying,0.75,225.0,0.42927408945609763,0.876
P01,02,segment_1192,free_movement,6.0,0.0,0.5371573917530253,1.5015
P01,02,segment_1194,free_movement,0.75,310.0,0.3568458550895298,1.332
P01,02,segment_1195,carrying,0.75,-50.0,0.31917646425790364,0.948
P01,02,segment_1198,free_movement,3.0,-40.0,0.6124132050028572,1.1365
P01,02,segment_1199,carrying,3.0,-25.0,0.4753560159494029,0.818
P01,02,segment_1200,free_movement,2.0,-10.0,0.5647978765015906,1.157
P01,02,segment_1203,carrying,6.0,205.0,0.32871768777435045,1.011
P01,02,segment_1204,free_movement,1.0,30.0,0.6196539015412196,1.427
P01,02,segment_1205,carrying,1.0,-50.0,0.46312564119490646,1.092
P01,02,segment_1210,free_movement,2.0,-5.0,0.6485752947669127,1.203
P01,02,segment_1211,carrying,2.0,-50.0,0.4915229065555941,1.024
P01,02,segment_1212,free_movement,4.25,10.0,0.3512540916713224,1.9695
P01,02,segment_1213,carrying,4.25,-10.0,0.3061933356801131,1.2175
P01,02,segment_1214,free_movement,6.0,205.0,0.3570827266933689,1.8185
P01,02,segment_1215,carrying,6.0,-45.0,0.44707677837053594,0.982
P01,02,segment_1216,free_movement,3.0,195.0,0.42797400275244407,1.4515
P01,02,segment_1218,free_movement,2.25,300.0,0.5167061291903176,1.3285
P01,02,segment_1219,carrying,2.25,-50.0,0.35521049056376247,1.742
P01,02,segment_1220,free_movement,0.75,-35.0,0.3138527336752365,1.281
P01,02,segment_1221,carrying,0.75,230.0,0.5482197435728188,1.352
P01,02,segment_1222,free_movement,0.75,-5.0,0.33615092420557885,2.9885
P01,02,segment_1223,carrying,0.75,150.0,0.3145436978853053,1.2965
P01,02,segment_1224,free_movement,1.0,340.0,0.3773746838951334,1.5525
P01,02,segment_1225,carrying,1.0,-50.0,0.30987260265828986,1.332
P01,02,segment_1226,free_movement,6.0,120.0,0.5655518561938445,2.4205
P01,02,segment_1228,free_movement,2.0,50.0,0.37985307150290887,1.1435
P01,02,segment_1230,free_movement,4.25,-40.0,0.332920580079204,2.155
P01,02,segment_1231,carrying,4.25,295.0,0.33620610104463294,1.3335
P01,02,segment_1232,free_movement,2.25,350.0,0.450969384494991,1.614
P01,02,segment_1234,free_movement,3.0,-5.0,0.5136090765469701,1.286
P01,02,segment_1236,free_movement,1.0,350.0,0.7157034468278505,1.2935
P01,02,segment_1238,free_movement,2.25,340.0,0.47469500570653583,1.4995
P01,02,segment_1240,free_movement,4.25,250.0,0.5804841186702422,1.5715
P01,02,segment_1242,free_movement,2.0,135.0,0.5735401766537669,1.0865
P01,02,segment_1243,carrying,2.0,-50.0,0.3373512986085398,1.172
P01,02,segment_1244,free_movement,6.0,0.0,0.7384762633056171,1.5335
P01,02,segment_1246,free_movement,0.75,285.0,0.4291746085486793,1.6465
P01,02,segment_1248,free_movement,3.0,95.0,0.3256588248828817,1.983
P01,02,segment_1252,free_movement,6.0,5.0,0.35289746321676857,1.118
P01,02,segment_1254,free_movement,1.0,235.0,0.6891093877403374,1.0485
P01,02,segment_1256,free_movement,0.75,20.0,0.503003370418997,1.421
P01,02,segment_1257,carrying,0.75,-50.0,0.35723173753478454,1.096
P01,02,segment_1258,free_movement,2.0,350.0,0.46758832649557863,1.656
P01,02,segment_1260,free_movement,3.0,-5.0,0.7606711126308072,1.7805
P01,02,segment_1262,free_movement,4.25,0.0,0.5947497587544035,1.5765
P01,02,segment_1263,carrying,4.25,-50.0,0.3020681252602061,1.2565
P01,02,segment_1264,free_movement,4.25,240.0,0.44755416230329376,1.754
P01,02,segment_1266,free_movement,6.0,0.0,0.46724935023586883,1.024
P01,02,segment_1267,carrying,6.0,-50.0,0.3887996722127291,1.1365
P01,02,segment_1268,free_movement,2.25,305.0,0.30693655721969904,1.8045
P01,02,segment_1270,free_movement,3.0,245.0,0.4396608276863913,1.469
P01,02,segment_1271,carrying,3.0,-50.0,0.3365248167170585,1.136
P01,02,segment_1272,free_movement,1.0,0.0,0.5447350692050869,1.2695
P01,02,segment_1274,free_movement,0.75,20.0,0.5514582227689406,1.058
P01,02,segment_1276,free_movement,2.0,195.0,0.4593741113392746,1.3295
P01,02,segment_1277,carrying,2.0,-50.0,0.4341602116452148,1.216
P01,02,segment_1279,carrying,0.75,25.0,0.3958025751739108,0.7365
P01,02,segment_1280,free_movement,1.0,160.0,0.5656933158853983,1.18
P01,02,segment_1282,free_movement,6.0,120.0,0.38335027905580593,1.1835
P01,02,segment_1289,carrying,3.0,320.0,0.4077354045261415,1.16
P01,02,segment_1290,free_movement,2.0,-50.0,0.4974795082800101,1.0515
P01,02,segment_1291,carrying,2.0,260.0,0.3506740214390471,1.259
P01,02,segment_1292,free_movement,0.75,250.0,0.32719562090429166,0.75
P01,02,segment_1294,free_movement,6.0,325.0,0.4034337223055015,1.054
P01,02,segment_1296,free_movement,3.0,225.0,0.4101885622790758,0.9665
P01,02,segment_1297,carrying,3.0,-50.0,0.4743767388140397,1.1335
P01,02,segment_1298,free_movement,2.0,95.0,0.6670309985689885,1.0625
P01,02,segment_1300,free_movement,2.25,165.0,0.32690313860653575,1.6035
P01,02,segment_1302,free_movement,1.0,330.0,0.46763591513066044,1.3955
P01,02,segment_1304,free_movement,4.25,190.0,0.39841781174622154,1.5125
P01,02,segment_1306,free_movement,3.0,-5.0,0.582643430693287,1.214
P01,02,segment_1308,free_movement,6.0,-15.0,0.33044636757349155,1.8
P01,02,segment_1310,free_movement,2.0,-50.0,0.4241089858187203,1.2245
P01,02,segment_1311,carrying,2.0,-50.0,0.3606792086734239,1.2375
P01,02,segment_1314,free_movement,0.75,-20.0,0.5377416944974529,1.162
P01,02,segment_1315,carrying,0.75,-15.0,0.46455843472814234,1.0435
P01,02,segment_1316,free_movement,1.0,-25.0,0.3835847121291576,1.034
P01,02,segment_1318,free_movement,2.25,185.0,0.39844739832664117,1.6335
P01,02,segment_1319,carrying,2.25,-50.0,0.3751653381901574,0.9595
P01,02,segment_1320,free_movement,1.0,255.0,0.5577552800880192,1.3925
P01,02,segment_1321,carrying,1.0,-35.0,0.345787715693297,1.207
P01,02,segment_1322,free_movement,3.0,320.0,0.33458667530473535,1.2445
P01,02,segment_1323,carrying,3.0,-10.0,0.47111990769324985,1.155
P01,02,segment_1324,free_movement,2.0,-15.0,0.3607384296015867,1.8025
P01,02,segment_1325,carrying,2.0,320.0,0.5237097065710734,1.287
P01,02,segment_1326,free_movement,4.25,25.0,0.5544447078680198,1.367
P01,02,segment_1328,free_movement,2.25,250.0,0.574123629904978,1.5035
P01,02,segment_1329,carrying,2.25,270.0,0.3748999870874589,0.931
P01,02,segment_1330,free_movement,0.75,5.0,0.3590973388608546,0.863
P01,02,segment_1332,free_movement,6.0,350.0,0.5648236695145091,1.545
P01,02,segment_1334,free_movement,6.0,65.0,0.4333478873020251,1.1745
P01,02,segment_1335,carrying,6.0,350.0,0.46753137402911726,1.088
P01,02,segment_1336,free_movement,4.25,10.0,0.332130667897556,2.232
P01,02,segment_1340,free_movement,2.25,340.0,0.3440285736230488,1.174
P01,02,segment_1342,free_movement,1.0,350.0,0.6229805943884208,1.3625
P01,02,segment_1344,free_movement,0.75,165.0,0.3136016862799735,1.183
P01,02,segment_1345,carrying,0.75,60.0,0.3548841567515633,1.0365
P01,02,segment_1346,free_movement,2.0,200.0,0.4872028683931644,1.2065
P01,02,segment_1348,free_movement,6.0,235.0,0.4554820705398589,1.0025
P01,02,segment_1350,free_movement,1.0,-45.0,0.5247550030798046,1.1315
P01,02,segment_1352,free_movement,0.75,45.0,0.3249260798197205,1.0835
P01,02,segment_1353,carrying,0.75,350.0,0.3391255943681284,1.129
P01,02,segment_1354,free_movement,4.25,350.0,0.34253930561835266,1.257
P01,02,segment_1356,free_movement,2.0,-25.0,0.5230941263204871,1.1835
P01,02,segment_1358,free_movement,2.25,0.0,0.4791861895919145,1.417
P01,02,segment_1359,carrying,2.25,340.0,0.4448406527618569,0.7625
P01,02,segment_1360,free_movement,3.0,115.0,0.48424868136288074,1.224
P01,02,segment_1362,free_movement,0.75,135.0,0.46948238011123866,1.007
P01,02,segment_1364,free_movement,2.0,-10.0,0.5303882783350035,1.4055
P01,02,segment_1366,free_movement,6.0,95.0,0.37939439417254167,1.473
P01,02,segment_1368,free_movement,3.0,20.0,0.612027201177302,1.31
P01,02,segment_1372,free_movement,1.0,315.0,0.4237875891687583,1.3815
P01,02,segment_1374,free_movement,2.25,10.0,0.6763053018745883,1.1205
P01,02,segment_1375,carrying,2.25,75.0,0.5151031251201948,1.9565
P01,02,segment_1376,free_movement,3.0,25.0,0.4116827808482777,1.2575
P01,02,segment_1378,free_movement,2.25,195.0,0.49462736430867815,1.747
P01,02,segment_1379,carrying,2.25,-50.0,0.33985860539721785,1.1715
P01,02,segment_1380,free_movement,4.25,-10.0,0.34702937539848244,1.9845
P01,02,segment_1381,carrying,4.25,180.0,0.4608829520363632,1.987
P01,02,segment_1382,free_movement,1.0,5.0,0.6054998543955433,2.973
P01,02,segment_1383,carrying,1.0,-50.0,0.3298079947671456,1.096
P01,02,segment_1384,free_movement,2.0,5.0,0.5338340606078112,2.4235
P01,02,segment_1386,free_movement,6.0,0.0,0.4930429728843186,1.332
P01,02,segment_1388,free_movement,0.75,195.0,0.39877594796667887,1.114
P01,02,segment_1389,carrying,0.75,-50.0,0.3277634901387114,1.146
P01,02,segment_1392,free_movement,6.0,5.0,0.598489700145351,1.35
P01,02,segment_1393,carrying,6.0,-50.0,0.41217546072500727,0.749
P01,02,segment_1394,free_movement,3.0,35.0,0.39792826203440346,1.5275
P01,02,segment_1395,carrying,3.0,-50.0,0.38403209770656366,1.177
P01,02,segment_1396,free_movement,2.25,350.0,0.3614479731825596,1.5035
P01,02,segment_1397,carrying,2.25,350.0,0.5111100793493832,1.1525
P01,02,segment_1398,free_movement,2.0,10.0,0.41459664515842337,1.4655
P01,02,segment_1400,free_movement,0.75,90.0,0.5331388160922499,1.068
P01,02,segment_1401,carrying,0.75,345.0,0.5839343211508016,1.287
P01,02,segment_1402,free_movement,4.25,10.0,0.4661935973519133,1.6275
P01,02,segment_1406,free_movement,6.0,350.0,0.38226770464904436,1.57
P01,02,segment_1407,carrying,6.0,-50.0,0.31278052329944883,1.7205
P01,02,segment_1408,free_movement,2.0,25.0,0.3446196617888391,1.283
P01,02,segment_1409,carrying,2.0,-50.0,0.5322693879776436,0.942
P01,02,segment_1410,free_movement,0.75,60.0,0.5580587020567687,1.0635
P01,02,segment_1412,free_movement,1.0,235.0,0.4493032093944414,1.5
P01,02,segment_1413,carrying,1.0,-10.0,0.3376537544939111,0.8725
P01,02,segment_1414,free_movement,3.0,-25.0,0.5598299852626015,0.733
P01,02,segment_1415,carrying,3.0,-50.0,0.4376229501929577,0.8435
P01,02,segment_1418,free_movement,0.75,-40.0,0.40045813971348904,3.0685
P01,02,segment_1420,free_movement,4.25,30.0,0.4259404634731242,1.4645
P01,02,segment_1422,free_movement,2.25,-5.0,0.49191852226106264,1.854
P01,02,segment_1424,free_movement,3.0,160.0,0.5392130251946164,1.129
P01,02,segment_1425,carrying,3.0,-50.0,0.5203512910549908,1.0635
P01,02,segment_1426,free_movement,6.0,5.0,0.39458893652319627,1.6025
P01,02,segment_1427,carrying,6.0,-50.0,0.3707479846251296,0.869
P01,02,segment_1428,free_movement,2.0,25.0,0.3912102354042689,1.374
P01,02,segment_1429,carrying,2.0,-30.0,0.5673578268460626,1.128
P01,02,segment_1431,carrying,1.0,195.0,0.4166341804616142,1.096
P01,02,segment_1432,free_movement,1.0,55.0,0.4969927112809393,1.127
P01,02,segment_1433,carrying,1.0,-50.0,0.5241486207469901,1.281
P01,02,segment_1434,free_movement,4.25,160.0,0.34371265330217765,1.5765
P01,02,segment_1438,free_movement,6.0,5.0,0.6262456534148326,1.193
P01,02,segment_1440,free_movement,2.0,155.0,0.4157573696793614,1.2655
P01,02,segment_1442,free_movement,2.25,340.0,0.6271135784275497,1.377
P01,02,segment_1444,free_movement,3.0,10.0,0.4861309021350812,1.018
P01,02,segment_1445,carrying,3.0,280.0,0.4124162967670776,1.0775
P01,02,segment_1446,free_movement,6.0,-5.0,0.5193184658141066,1.0545
P01,02,segment_1448,free_movement,2.25,30.0,0.30292051558762983,1.2345
P01,02,segment_1449,carrying,2.25,350.0,0.31541431313685264,1.6155
P01,02,segment_1450,free_movement,4.25,50.0,0.5050697810445748,1.512
P01,02,segment_1451,carrying,4.25,255.0,0.32434710064204125,1.7115
P01,02,segment_1452,free_movement,1.0,-10.0,0.4182759556392548,1.289
P01,02,segment_1456,free_movement,2.0,-10.0,0.567426170856176,1.277
P01,02,segment_1459,carrying,0.75,235.0,0.44311422524393795,1.696
P01,02,segment_1460,free_movement,0.75,55.0,0.5852971233674727,1.0115
P01,02,segment_1461,carrying,0.75,-10.0,0.4380580702241611,0.949
P01,02,segment_1462,free_movement,1.0,-15.0,0.46600188752104676,1.2535
P01,02,segment_1463,carrying,1.0,350.0,0.5114351309355211,1.1555
P01,02,segment_1464,free_movement,2.0,-10.0,0.5294626272118617,1.224
P01,02,segment_1465,carrying,2.0,-50.0,0.33755598999854036,1.104
P01,02,segment_1466,free_movement,4.25,185.0,0.39932883484123916,1.7385
P01,02,segment_1468,free_movement,2.25,170.0,0.32213522279427187,2.447
P01,02,segment_1470,free_movement,3.0,35.0,0.5203963818042922,1.0125
P01,02,segment_1471,carrying,3.0,350.0,0.42370958635300915,1.03
P01,02,segment_1474,free_movement,2.25,-5.0,0.5287923909439037,1.562
P01,02,segment_1475,carrying,2.25,350.0,0.34847618343499354,1.1065
P01,02,segment_1478,free_movement,1.0,175.0,0.5011051686953698,1.027
P01,02,segment_1479,carrying,1.0,-40.0,0.41463635639607377,0.956
P01,02,segment_1480,free_movement,2.0,220.0,0.7394819984098111,1.359
P01,02,segment_1482,free_movement,6.0,5.0,0.5180204484276539,1.7845
P01,02,segment_1483,carrying,6.0,-50.0,0.6045577972300755,0.88
P01,02,segment_1485,carrying,3.0,-45.0,0.40083673164322214,0.92
P01,02,segment_1486,free_movement,4.25,-25.0,0.4905843508375737,1.2925
P01,02,segment_1488,free_movement,0.75,110.0,0.43858572731657575,1.314
P01,02,segment_1489,carrying,0.75,275.0,0.7242897351271915,1.219
P01,02,segment_1490,free_movement,6.0,-40.0,0.5729545159584692,1.0545
P01,02,segment_1492,free_movement,3.0,175.0,0.6447660239657983,1.169
P01,02,segment_1494,free_movement,2.25,330.0,0.5424703605098106,1.423
P01,02,segment_1495,carrying,2.25,40.0,0.30621561260010466,0.718
P01,02,segment_1496,free_movement,2.0,275.0,0.40034795312580235,1.238
P01,02,segment_1497,free_movement,3.0,-10.0,0.4079600848055294,2.229
P01,02,segment_1498,carrying,3.0,-50.0,0.3957528013310115,1.159
P01,02,segment_1500,carrying,6.0,-50.0,0.30991469598042537,1.0145
P01,02,segment_1501,free_movement,0.75,350.0,0.39973530855614775,1.285
P01,02,segment_1502,carrying,0.75,-20.0,0.3850318948448459,1.0575
P01,02,segment_1503,free_movement,2.0,350.0,0.35564949867223444,1.3245
P01,02,segment_1505,free_movement,1.0,265.0,0.4293276926589991,1.389
P01,02,segment_1507,free_movement,2.25,105.0,0.6111475973641387,1.456
P01,02,segment_1509,free_movement,4.25,10.0,0.32175428896039243,1.424
P01,02,segment_1511,free_movement,2.0,0.0,0.43028359000989025,1.668
P01,02,segment_1512,carrying,2.0,-50.0,0.36783302403635154,0.7645
P01,02,segment_1513,free_movement,2.25,330.0,0.3711736885669461,2.2375
P01,02,segment_1514,carrying,2.25,-45.0,0.3926689720790266,1.213
P01,02,segment_1515,free_movement,6.0,15.0,0.41103366025812044,1.293
P01,02,segment_1517,free_movement,1.0,10.0,0.3799033515213468,1.9225
P01,02,segment_1519,free_movement,0.75,-10.0,0.36046467109963276,1.0655
P01,02,segment_1520,carrying,0.75,350.0,0.3320937318851073,1.0995
P01,02,segment_1521,free_movement,4.25,45.0,0.4125227632288887,1.864
P01,02,segment_1523,free_movement,3.0,305.0,0.510497551688311,1.1385
P01,02,segment_1524,carrying,3.0,-50.0,0.4562379145379164,1.1665
P01,02,segment_1525,free_movement,2.25,290.0,0.3535806458997749,1.4845
P01,02,segment_1526,carrying,2.25,285.0,0.5074978073768124,0.9555
P01,02,segment_1527,free_movement,4.25,10.0,0.46159040311720845,1.2635
P01,02,segment_1530,carrying,1.0,-50.0,0.41561117804585546,0.7865
P01,02,segment_1531,free_movement,0.75,350.0,0.43050808127992474,1.481
P01,02,segment_1533,free_movement,2.0,95.0,0.36445284238138154,1.24
P01,02,segment_1534,carrying,2.0,115.0,0.3508121282598095,0.963
P01,02,segment_1535,free_movement,6.0,-5.0,0.550913399585891,1.2995
P01,02,segment_1536,carrying,6.0,-50.0,0.48576517684390225,1.148
P01,02,segment_1537,free_movement,3.0,5.0,0.5421858841731225,1.175
P01,02,segment_1539,free_movement,4.25,325.0,0.383014133913576,1.96
P01,02,segment_1540,carrying,4.25,-30.0,0.3787045245281749,2.507
P01,02,segment_1541,free_movement,0.75,140.0,0.3184754113620755,1.067
P01,02,segment_1543,free_movement,2.0,-10.0,0.5167196975328057,1.7185
P01,02,segment_1544,carrying,2.0,-40.0,0.5266669222685436,1.3865
P01,02,segment_1545,free_movement,2.25,260.0,0.4457566098334333,1.6465
P01,02,segment_1546,carrying,2.25,-50.0,0.314325210165544,1.154
P01,02,segment_1547,free_movement,6.0,0.0,0.496344663062495,1.1075
P01,02,segment_1549,free_movement,1.0,-15.0,0.40252369593466,1.416
P01,02,segment_1551,free_movement,3.0,0.0,0.4938255655882921,1.917
P01,02,segment_1552,carrying,3.0,25.0,0.34930542896529543,0.8655
P01,02,segment_1553,free_movement,2.25,140.0,0.46487642240191124,1.943
P01,02,segment_1555,free_movement,2.0,0.0,0.5764670889636186,1.178
P01,02,segment_1556,carrying,2.0,-10.0,0.3143362955007393,0.818
P01,02,segment_1557,free_movement,1.0,315.0,0.5295999691746894,1.099
P01,02,segment_1558,carrying,1.0,-50.0,0.35162503352051294,1.12
P01,02,segment_1559,free_movement,4.25,120.0,0.3643295892399942,1.4915
P01,02,segment_1561,free_movement,6.0,180.0,0.3545344731924686,1.3845
P01,02,segment_1562,carrying,6.0,-50.0,0.40430498726245484,1.1915
P01,02,segment_1563,free_movement,0.75,125.0,0.42288647250065964,1.3055
P01,02,segment_1565,free_movement,3.0,10.0,0.7065884770121594,0.896
P01,02,segment_1567,free_movement,0.75,120.0,0.5221149871670342,0.88
P01,02,segment_1571,free_movement,2.0,10.0,0.5521295239154455,1.185
P01,02,segment_1572,carrying,2.0,-50.0,0.34570148695859715,1.0935
P01,02,segment_1573,free_movement,6.0,35.0,0.4084719817310561,0.9045
P01,02,segment_1574,carrying,6.0,350.0,0.3304678562486055,0.767
P01,02,segment_1575,free_movement,4.25,-10.0,0.49313779665192364,1.285
P01,02,segment_1577,free_movement,3.0,200.0,0.3326843667139527,0.856
P01,02,segment_1579,free_movement,2.25,310.0,0.40078665816542147,1.4045
P01,02,segment_1583,free_movement,0.75,35.0,0.43139633002453653,1.4535
P01,02,segment_1585,free_movement,2.25,135.0,0.4514962941029861,2.383
P01,02,segment_1587,free_movement,4.25,-5.0,0.4946302794214906,1.5765
P01,02,segment_1589,free_movement,3.0,220.0,0.43221038436369563,1.451
P01,02,segment_1590,carrying,3.0,-50.0,0.4464681379824953,0.8225
P01,02,segment_1591,free_movement,2.0,30.0,0.5577759652830977,1.192
P01,02,segment_1592,carrying,2.0,-50.0,0.30157242014875046,0.9235
P01,02,segment_1593,free_movement,6.0,295.0,0.5808696730757422,1.2325
P01,02,segment_1594,carrying,6.0,-35.0,0.5401159491198052,0.809
P01,02,segment_1596,carrying,2.0,-50.0,0.5322045521410831,1.2455
P01,02,segment_1597,free_movement,2.25,130.0,0.3276654079618663,1.461
P01,02,segment_1598,carrying,2.25,285.0,0.39694277382459586,0.956
P01,02,segment_1599,free_movement,3.0,25.0,0.34460737227852917,1.332
P01,02,segment_1600,carrying,3.0,-50.0,0.3935408796124552,1.435
P01,02,segment_1601,free_movement,4.25,0.0,0.5825765368830613,1.486
P01,02,segment_1602,carrying,4.25,320.0,0.32769437395363216,1.1015
P01,02,segment_1603,free_movement,0.75,-5.0,0.5067373647297044,1.19
P01,02,segment_1604,carrying,0.75,285.0,0.4009846583140847,0.713
P01,02,segment_1605,free_movement,6.0,-10.0,0.6816407260281041,0.961
P01,02,segment_1606,carrying,6.0,340.0,0.4376536811948263,0.8695
P01,02,segment_1607,free_movement,1.0,-5.0,0.6093667718918072,1.2835
P01,02,segment_1609,free_movement,3.0,0.0,0.6380958856421572,1.4875
P01,02,segment_1610,carrying,3.0,-50.0,0.3806603996051887,0.9785
P01,02,segment_1611,free_movement,1.0,155.0,0.45026128304548707,1.3785
P01,02,segment_1612,carrying,1.0,-50.0,0.4505431770679055,1.087
P01,02,segment_1613,free_movement,4.25,185.0,0.42525223520469185,1.3685
P01,02,segment_1615,free_movement,2.25,115.0,0.5159810102432937,1.5275
P01,02,segment_1617,free_movement,2.0,60.0,0.4772551487147362,0.8975
P01,02,segment_1619,free_movement,0.75,10.0,0.40374320219810295,1.042
P01,02,segment_1620,carrying,0.75,255.0,0.3348396886834883,0.7705
P01,02,segment_1621,free_movement,6.0,150.0,0.5002913581147412,1.6315
P01,02,segment_1623,free_movement,3.0,-10.0,0.6028959466262255,1.2125
P01,02,segment_1624,carrying,3.0,315.0,0.3005026620986244,1.2165
P01,02,segment_1626,carrying,2.25,-50.0,0.5739299657362733,0.7705
P01,02,segment_1627,free_movement,4.25,0.0,0.3120208611958069,1.7445
P01,02,segment_1629,free_movement,1.0,265.0,0.5985517942421634,1.112
P01,02,segment_1630,carrying,1.0,-40.0,0.48227695238260165,0.747
P01,02,segment_1631,free_movement,2.0,220.0,0.5608355427139511,1.021
P01,02,segment_1633,free_movement,6.0,30.0,0.3519792690814662,1.5265
P01,02,segment_1635,free_movement,0.75,315.0,0.49000160455053343,1.552
P01,02,segment_1636,carrying,0.75,-30.0,0.4569073204891932,0.899
P01,02,segment_1637,free_movement,0.75,20.0,0.381663102588341,1.172
P01,02,segment_1639,free_movement,3.0,235.0,0.5051533128364712,1.2155
P01,02,segment_1641,free_movement,2.25,60.0,0.47984139323103375,1.161
P01,02,segment_1643,free_movement,1.0,230.0,0.4911165876370875,1.3385
P01,02,segment_1644,carrying,1.0,65.0,0.49262037140043036,0.9395
P01,02,segment_1645,free_movement,4.25,5.0,0.42758781715919636,2.2025
P01,02,segment_1647,free_movement,2.0,145.0,0.3227689972925581,1.5835
P01,02,segment_1648,carrying,2.0,-30.0,0.4432615256913895,1.4165
P01,02,segment_1649,free_movement,6.0,250.0,0.30264802820432596,1.432
P01,02,segment_1650,carrying,6.0,-40.0,0.3392197710904483,1.13
P01,02,segment_1655,free_movement,6.0,345.0,0.5341725234747304,1.5915
P01,02,segment_1657,free_movement,2.0,-50.0,0.33265755197655594,1.1705
P01,02,segment_1658,carrying,2.0,-20.0,0.3564134153058905,0.9225
P01,02,segment_1659,free_movement,3.0,-50.0,0.6108237107663983,0.769
P01,02,segment_1660,carrying,3.0,340.0,0.389853189102057,0.8085
P01,02,segment_1661,free_movement,2.25,10.0,0.6666296301225949,0.9625
P01,02,segment_1663,free_movement,1.0,150.0,0.3294174154430006,1.063
P01,02,segment_1664,carrying,1.0,-50.0,0.6176753342315835,1.116
P01,02,segment_1666,carrying,2.25,-50.0,0.33139363603630134,1.47
P01,02,segment_1667,free_movement,0.75,0.0,0.4550280526513004,1.3425
P01,02,segment_1668,carrying,0.75,230.0,0.33492729693582823,1.084
P01,02,segment_1669,free_movement,3.0,0.0,0.46826151969749136,1.232
P01,02,segment_1671,free_movement,6.0,225.0,0.42894805174042777,1.12
P01,02,segment_1672,carrying,6.0,-50.0,0.3437919663350357,1.144
P01,02,segment_1673,free_movement,1.0,280.0,0.5247505942510541,0.9015
P01,02,segment_1674,carrying,1.0,315.0,0.3961975862981781,0.821
P01,02,segment_1675,free_movement,4.25,165.0,0.38157410288006344,1.61
P01,02,segment_1679,free_movement,2.0,45.0,0.6583121154692204,1.4475
P01,02,segment_1680,carrying,2.0,-50.0,0.35800146026937624,1.0945
P01,02,segment_1682,carrying,3.0,345.0,0.30115418559849066,1.3635
P01,02,segment_1683,free_movement,1.0,135.0,0.486803287072106,0.826
P01,02,segment_1684,carrying,1.0,-25.0,0.6706352252676995,0.8095
P01,02,segment_1687,free_movement,4.25,-25.0,0.5302242464624826,1.938
P01,02,segment_1690,carrying,0.75,-15.0,0.40745180111545665,1.244
P01,02,segment_1691,free_movement,2.25,10.0,0.44074710749204427,1.717
P01,02,segment_1695,free_movement,1.0,15.0,0.34024919539009774,0.959
P01,02,segment_1697,free_movement,3.0,160.0,0.5032412130325086,1.193
P01,02,segment_1698,carrying,3.0,-50.0,0.5302521455826364,0.95
P01,02,segment_1699,free_movement,2.0,25.0,0.323780803985726,1.5125
P01,02,segment_1702,carrying,0.75,325.0,0.4887655583491382,0.728
P01,02,segment_1703,free_movement,4.25,280.0,0.3731496974297384,2.176
P01,02,segment_1704,carrying,4.25,-50.0,0.39934936796340814,2.278
P01,02,segment_1705,free_movement,2.25,95.0,0.34925990698821174,4.009
P01,02,segment_1706,carrying,2.25,305.0,0.36723927573156284,1.337
P01,02,segment_1707,free_movement,2.25,10.0,0.3618484159383189,1.9325
P01,02,segment_1708,carrying,2.25,-50.0,0.476413277276062,1.428
P01,02,segment_1711,free_movement,3.0,0.0,0.6390012975312909,1.339
P01,02,segment_1712,carrying,3.0,-10.0,0.31218080949959953,0.765
P01,02,segment_1713,free_movement,0.75,-25.0,0.5028915631026879,1.3155
P01,02,segment_1714,carrying,0.75,-50.0,0.4105714199395978,1.128
P01,02,segment_1715,free_movement,6.0,-45.0,0.44144745789752216,1.216
P01,02,segment_1717,free_movement,1.0,330.0,0.31256885967204384,1.3665
P01,02,segment_1719,free_movement,4.25,10.0,0.528639169604886,1.2855
P01,02,segment_1721,free_movement,3.0,95.0,0.4400159511028519,1.21
P01,02,segment_1722,carrying,3.0,-50.0,0.5060577893727569,0.836
P01,02,segment_1726,carrying,2.25,130.0,0.41373237795473156,1.2625
P01,02,segment_1727,free_movement,6.0,-50.0,0.4266042995781399,1.1715
P01,02,segment_1729,free_movement,2.0,-50.0,0.39857184428169795,1.467
P01,02,segment_1730,carrying,2.0,-50.0,0.4525770925455073,1.013
P01,02,segment_1731,free_movement,1.0,125.0,0.4485508099169274,1.0605
P01,02,segment_1732,carrying,1.0,340.0,0.46590047857131794,0.8225
P01,02,segment_1733,free_movement,0.75,225.0,0.5621734782873249,0.89
P01,02,segment_1735,free_movement,6.0,305.0,0.5746887509417342,1.3175
P01,02,segment_1737,free_movement,2.0,275.0,0.3084354414407206,1.351
P01,02,segment_1739,free_movement,3.0,-5.0,0.6003611651960977,1.301
P01,02,segment_1740,carrying,3.0,-50.0,0.4147152568137166,0.942
P01,02,segment_1743,free_movement,4.25,285.0,0.5218376339960683,2.305
P01,02,segment_1745,free_movement,2.25,280.0,0.4570055015404798,1.771
P01,02,segment_1747,free_movement,1.0,45.0,0.3486449357426821,1.373
P01,02,segment_1749,free_movement,0.75,5.0,0.6185718519062894,1.4615
P01,02,segment_1750,carrying,0.75,-35.0,0.32469877522807883,1.296
P01,02,segment_1751,free_movement,2.0,130.0,0.35358100236606843,1.718
P01,02,segment_1753,free_movement,3.0,150.0,0.49247291073365723,1.415
P01,02,segment_1754,carrying,3.0,-50.0,0.33553342734187863,0.9935
P01,02,segment_1755,free_movement,2.25,5.0,0.4446975424400572,2.216
P01,02,segment_1757,free_movement,1.0,5.0,0.4981840568377694,1.3635
P01,02,segment_1758,carrying,1.0,-20.0,0.3774812269666853,1.0765
P01,02,segment_1759,free_movement,6.0,190.0,0.4251112872729466,1.552
P01,02,segment_1760,carrying,6.0,-50.0,0.40490404181649575,0.9445
P01,02,segment_1763,free_movement,0.75,220.0,0.4010191933611319,0.9675
P01,02,segment_1764,carrying,0.75,295.0,0.46654180980476423,0.789
P01,02,segment_1765,free_movement,1.0,-50.0,0.4681517474588856,1.2695
P01,02,segment_1766,carrying,1.0,55.0,0.35848121741705424,0.798
P01,02,segment_1767,free_movement,3.0,350.0,0.5907056076638665,1.458
P01,02,segment_1768,carrying,3.0,295.0,0.31327827062055164,1.155
P01,02,segment_1769,free_movement,2.0,-5.0,0.4704301279151442,0.834
P01,02,segment_1771,free_movement,6.0,5.0,0.5007639938322601,1.285
P01,02,segment_1774,carrying,4.25,-50.0,0.31514340023536386,1.76
P01,02,segment_1775,free_movement,2.25,65.0,0.4344224678556565,1.327
P01,02,segment_1776,carrying,2.25,-50.0,0.32487250146793956,1.473
P01,02,segment_1777,free_movement,3.0,165.0,0.4433308446930405,1.2495
P01,02,segment_1781,free_movement,2.0,300.0,0.3546547212967614,1.346
P01,02,segment_1782,carrying,2.0,-10.0,0.6112531383882367,0.8125
P01,02,segment_1783,free_movement,2.25,190.0,0.3902490785370813,1.512
P01,02,segment_1784,carrying,2.25,255.0,0.5296433887106479,1.155
P01,02,segment_1785,free_movement,1.0,10.0,0.6654811422887209,1.0665
P01,02,segment_1787,free_movement,6.0,5.0,0.5094694457322051,1.5795
P01,02,segment_1789,free_movement,0.75,70.0,0.4849446732585942,1.0945
P01,02,segment_1790,carrying,0.75,-50.0,0.34351362153856774,0.9415
P01,02,segment_1791,free_movement,2.25,325.0,0.35547302242626283,1.5065
P01,02,segment_1793,free_movement,6.0,350.0,0.4002506052475856,1.2075
P01,02,segment_1797,free_movement,3.0,250.0,0.5023639048729842,1.1565
P01,02,segment_1798,carrying,3.0,-35.0,0.30427413335220516,1.337
P01,02,segment_1799,free_movement,2.0,5.0,0.40009104923761124,1.366
P01,02,segment_1800,carrying,2.0,-50.0,0.4421859465469589,0.757
P01,02,segment_1801,free_movement,1.0,150.0,0.3882265850139988,1.4155
P01,02,segment_1802,carrying,1.0,-40.0,0.37623123657509416,0.7635
P01,02,segment_1804,carrying,4.25,120.0,0.4131063098512068,1.3975
P01,02,segment_1805,free_movement,6.0,-5.0,0.46133211384238026,1.858
P01,02,segment_1807,free_movement,4.25,310.0,0.35680816789777386,1.4695
P01,02,segment_1809,free_movement,0.75,-50.0,0.3007473469187239,1.1365
P01,02,segment_1811,free_movement,2.25,175.0,0.3023734166415073,1.568
P01,02,segment_1812,carrying,2.25,230.0,0.5215928946660846,0.83
P01,02,segment_1813,free_movement,1.0,-15.0,0.5758919173120282,1.2505
P01,02,segment_1814,carrying,1.0,-50.0,0.36167306679542316,1.2715
P01,02,segment_1815,free_movement,2.0,5.0,0.7004830555826455,0.782
P01,02,segment_1816,carrying,2.0,295.0,0.6282392722340135,0.9145
P01,02,segment_1818,carrying,3.0,-40.0,0.4652325999702147,1.0985
P01,02,segment_1819,free_movement,2.0,105.0,0.4552760783467116,1.464
P01,02,segment_1821,free_movement,0.75,20.0,0.5816088967578958,0.994
P01,02,segment_1823,free_movement,6.0,160.0,0.40598892352533367,1.5925
P01,02,segment_1825,free_movement,1.0,45.0,0.30286096644045424,1.0545
P01,02,segment_1827,free_movement,3.0,-10.0,0.6154424348838204,0.775
P01,02,segment_1829,free_movement,4.25,30.0,0.350598230197977,1.523
P01,02,segment_1831,free_movement,2.25,125.0,0.42040734357348364,1.5295
P01,02,segment_1835,free_movement,1.0,225.0,0.4419302554794564,1.366
P01,02,segment_1837,free_movement,3.0,300.0,0.3064425472549433,1.696
P01,02,segment_1838,carrying,3.0,335.0,0.3665873239830414,1.1165
P01,02,segment_1839,free_movement,2.0,5.0,0.6145946852209074,0.94
P01,02,segment_1840,carrying,2.0,-45.0,0.5595081686879889,0.9425
P01,02,segment_1841,free_movement,4.25,-5.0,0.47166844898376264,2.3865
P01,02,segment_1843,free_movement,2.25,80.0,0.31021181448715235,1.1175
P01,02,segment_1844,carrying,2.25,-50.0,0.3759503537808182,0.9925
P01,02,segment_1845,free_movement,6.0,65.0,0.3816258434766766,1.056
P01,02,segment_1847,free_movement,0.75,-35.0,0.6319629948303208,0.901
P01,02,segment_1848,carrying,0.75,290.0,0.656915891490382,0.915
P01,02,segment_1850,carrying,6.0,-40.0,0.30596938300769067,0.989
P01,02,segment_1852,carrying,2.25,-50.0,0.41769415724456715,0.965
P01,02,segment_1853,free_movement,1.0,-35.0,0.3376864751499385,1.0635
P01,02,segment_1854,carrying,1.0,55.0,0.42428352586157464,0.8255
P01,02,segment_1855,free_movement,4.25,20.0,0.5193312674116705,1.618
P01,02,segment_1856,carrying,4.25,-50.0,0.41684382252147006,2.163
P01,02,segment_1857,free_movement,2.0,280.0,0.4101633880186474,1.1355
P01,02,segment_1859,free_movement,3.0,135.0,0.3504400882919473,1.4605
P01,02,segment_1861,free_movement,2.25,305.0,0.5530855885331745,1.4265
P01,02,segment_1863,free_movement,0.75,270.0,0.49798322339020507,1.045
P01,02,segment_1864,carrying,0.75,-50.0,0.34482689855600823,0.968
P01,02,segment_1865,free_movement,2.0,125.0,0.5882250732030122,1.169
P01,02,segment_1866,carrying,2.0,-50.0,0.6461434363846053,0.743
P01,02,segment_1867,free_movement,4.25,5.0,0.7018360250627805,1.3305
P01,02,segment_1869,free_movement,1.0,135.0,0.5968083127320372,0.9225
P01,02,segment_1871,free_movement,6.0,125.0,0.3166414718889338,1.289
P01,02,segment_1873,free_movement,3.0,0.0,0.4784373254007674,1.175
P01,02,segment_1875,free_movement,1.0,5.0,0.6042770964896674,1.2705
P01,02,segment_1876,carrying,1.0,-50.0,0.3937855688541639,0.7685
P01,02,segment_1878,carrying,4.25,275.0,0.3115480368591802,0.8365
P01,02,segment_1883,free_movement,2.0,155.0,0.6213365913171297,1.122
P01,02,segment_1884,carrying,2.0,-40.0,0.44291029738550763,0.9675
P01,02,segment_1885,free_movement,3.0,170.0,0.4625107018702959,0.9405
P01,02,segment_1889,free_movement,1.0,-20.0,0.5228190089641357,0.7455
P01,02,segment_1890,carrying,1.0,350.0,0.3669222894244823,1.1065
P01,02,segment_1891,free_movement,3.0,70.0,0.43187523901458785,1.527
P01,02,segment_1893,free_movement,2.0,-50.0,0.3620802503677801,0.8455
P01,02,segment_1896,carrying,0.75,-50.0,0.3119715643129874,0.771
P01,02,segment_1897,free_movement,4.25,15.0,0.31715504000055433,1.37
P01,02,segment_1898,carrying,4.25,350.0,0.4640402553552046,0.8735
P01,02,segment_1899,free_movement,2.25,310.0,0.3224530458075819,1.6125
P01,02,segment_1901,free_movement,6.0,-5.0,0.4693791219945043,1.304
P01,02,segment_1902,carrying,6.0,-45.0,0.3344557425467893,1.0885
P01,02,segment_1903,free_movement,2.0,60.0,0.47637338911833227,1.584
P01,02,segment_1905,free_movement,4.25,225.0,0.5056840741178608,1.2855
P01,02,segment_1907,free_movement,0.75,-10.0,0.46009676022076273,1.1165
P01,02,segment_1909,free_movement,2.25,150.0,0.5669264925361065,1.669
P01,02,segment_1911,free_movement,6.0,10.0,0.42249897458726643,1.2735
P01,02,segment_1912,carrying,6.0,-50.0,0.5854903208867424,0.899
P01,02,segment_1913,free_movement,1.0,140.0,0.3984928365006498,1.541
P01,02,segment_1914,carrying,1.0,-50.0,0.35181363135413585,1.1385
P01,02,segment_1915,free_movement,3.0,-5.0,0.3778762011779046,1.4275
P01,02,segment_1916,carrying,3.0,-50.0,0.38311143634008743,1.3925
P01,02,segment_1919,free_movement,6.0,5.0,0.30397341344077133,1.6345
P01,02,segment_1920,carrying,6.0,230.0,0.4053696628861675,1.0665
P01,02,segment_1923,free_movement,1.0,245.0,0.32843035746556093,1.464
P01,02,segment_1924,carrying,1.0,-10.0,0.39457651250600795,1.0215
P01,02,segment_1927,free_movement,3.0,-10.0,0.4786173887578798,1.218
P01,02,segment_1929,free_movement,0.75,-10.0,0.4529157140577165,1.985
P01,02,segment_1931,free_movement,6.0,10.0,0.44762710468899614,1.5415
P01,02,segment_1935,free_movement,2.25,160.0,0.3630719152127879,2.2305
P01,02,segment_1939,free_movement,2.0,-30.0,0.5264360899347006,1.3895
P01,02,segment_1940,carrying,2.0,-50.0,0.32563652609711247,1.296
P01,02,segment_1941,free_movement,0.75,310.0,0.453768812476571,1.1065
P01,02,segment_1942,carrying,0.75,-50.0,0.37298448671289164,1.1405
P01,02,segment_1943,free_movement,1.0,240.0,0.404220183605931,1.1285
P01,02,segment_1944,carrying,1.0,-50.0,0.3239224115625895,1.1365
P01,02,segment_1945,free_movement,4.25,10.0,0.35548881772704854,1.41
P01,02,segment_1946,carrying,4.25,-50.0,0.35627235595076423,0.8615
P01,02,segment_1948,carrying,2.25,290.0,0.43360848017717774,1.254
P01,02,segment_1949,free_movement,3.0,0.0,0.5771890152215644,1.345
P01,02,segment_1950,carrying,3.0,-50.0,0.47800908180161794,0.8715
P01,02,segment_1951,free_movement,2.0,0.0,0.5047842777264447,1.686
P01,02,segment_1952,carrying,2.0,350.0,0.3289489434413885,0.827
P01,02,segment_1954,carrying,0.75,335.0,0.3022660822496272,0.9765
P01,02,segment_1956,carrying,1.0,-50.0,0.3043292144551376,1.118
P01,02,segment_1957,free_movement,6.0,30.0,0.4270562991365204,1.0145
P01,02,segment_1959,free_movement,0.75,310.0,0.3349135032928404,1.067
P01,02,segment_1961,free_movement,1.0,180.0,0.5901182675701325,0.9595
P01,02,segment_1962,carrying,1.0,350.0,0.30535818948711047,0.9945
P01,02,segment_1963,free_movement,2.25,235.0,0.4285995427913781,1.3635
P01,02,segment_1965,free_movement,6.0,65.0,0.5293446564326759,1.205
P01,02,segment_1967,free_movement,4.25,350.0,0.3211604353345185,1.1905
P01,02,segment_1969,free_movement,3.0,115.0,0.5310279731318786,1.0255
P01,02,segment_1972,carrying,2.0,-50.0,0.4429279822763696,1.113
P01,02,segment_1974,carrying,6.0,350.0,0.47310808202927607,1.3985
P01,02,segment_1977,free_movement,2.0,255.0,0.46429409998907867,1.332
P01,02,segment_1978,carrying,2.0,350.0,0.3722214856957208,1.0475
P01,02,segment_1981,free_movement,3.0,5.0,0.48150279330300244,0.991
P01,02,segment_1982,carrying,3.0,315.0,0.38127929376620123,0.841
P01,02,segment_1983,free_movement,1.0,10.0,0.48084544599461804,0.8655
P01,02,segment_1985,free_movement,0.75,180.0,0.31666131375060674,1.0335
P01,02,segment_1987,free_movement,6.0,10.0,0.6569049253900988,1.1305
P01,02,segment_1989,free_movement,3.0,235.0,0.3087646937733058,1.479
P01,02,segment_1991,free_movement,4.25,0.0,0.7072761455582566,1.4495
P01,02,segment_1994,carrying,1.0,280.0,0.3769565477567797,0.9585
P01,02,segment_1995,free_movement,2.25,10.0,0.5791752313371602,1.631
P01,03,segment_0000,free_movement,2.0,65.0,0.5240281040815915,1.439
P01,03,segment_0002,free_movement,1.0,180.0,0.7048960983883992,1.0575
P01,03,segment_0003,carrying,1.0,-40.0,0.5311573329252902,1.0825
P01,03,segment_0004,free_movement,0.75,50.0,0.6912652729306006,1.1625
P01,03,segment_0006,free_movement,4.25,0.0,0.3985178518256397,2.0965
P01,03,segment_0010,free_movement,3.0,230.0,0.38967039536425857,1.2105
P01,03,segment_0011,carrying,3.0,-50.0,0.36175222416376623,1.0895
P01,03,segment_0012,free_movement,6.0,5.0,0.47686852257500506,1.9265
P01,03,segment_0013,carrying,6.0,-50.0,0.4667299880159671,1.3295
P01,03,segment_0014,free_movement,3.0,-15.0,0.40235624131408676,1.536
P01,03,segment_0015,carrying,3.0,-40.0,0.44780825990213785,0.8805
P01,03,segment_0016,free_movement,0.75,250.0,0.3625767976550038,1.3365
P01,03,segment_0018,free_movement,6.0,0.0,0.4703207198202107,1.463
P01,03,segment_0019,carrying,6.0,-5.0,0.3708671854685647,1.678
P01,03,segment_0020,free_movement,1.0,345.0,0.747416643093038,1.015
P01,03,segment_0021,carrying,1.0,-50.0,0.3809793551010912,1.067
P01,03,segment_0022,free_movement,2.0,215.0,0.47688647160998976,0.9015
P01,03,segment_0023,carrying,2.0,-50.0,0.5121199870261319,0.884
P01,03,segment_0024,free_movement,2.25,350.0,0.48150327219793926,1.606
P01,03,segment_0025,carrying,2.25,-50.0,0.4106679459719802,1.1945
P01,03,segment_0026,free_movement,4.25,5.0,0.33266887450389937,1.4045
P01,03,segment_0028,free_movement,6.0,0.0,0.5111306891481434,1.407
P01,03,segment_0029,carrying,6.0,165.0,0.33505934823890465,1.232
P01,03,segment_0030,free_movement,2.25,-15.0,0.5884528526001215,1.6605
P01,03,segment_0031,carrying,2.25,340.0,0.31017530384111547,0.893
P01,03,segment_0032,free_movement,4.25,0.0,0.3159712197135868,1.5445
P01,03,segment_0035,carrying,0.75,330.0,0.48275236612709643,1.1965
P01,03,segment_0036,free_movement,3.0,260.0,0.38741877580335105,1.171
P01,03,segment_0039,carrying,1.0,-50.0,0.36647165704824575,1.151
P01,03,segment_0041,carrying,2.0,335.0,0.358074631681923,0.853
P01,03,segment_0042,free_movement,1.0,165.0,0.5017645494593163,1.1735
P01,03,segment_0044,free_movement,3.0,350.0,0.49709416223402286,1.045
P01,03,segment_0048,free_movement,2.25,-5.0,0.3014150793771826,2.096
P01,03,segment_0050,free_movement,2.0,150.0,0.3928991065139677,1.388
P01,03,segment_0051,carrying,2.0,-50.0,0.31629855654435207,1.4785
P01,03,segment_0055,carrying,6.0,10.0,0.4948290390097753,0.86
P01,03,segment_0056,free_movement,0.75,-15.0,0.6160722322620737,0.9255
P01,03,segment_0057,carrying,0.75,-20.0,0.3133692576812365,1.461
P01,03,segment_0058,free_movement,6.0,200.0,0.43203354095043983,1.978
P01,03,segment_0060,free_movement,4.25,5.0,0.4363644329315255,2.093
P01,03,segment_0062,free_movement,2.0,15.0,0.6124053059011174,1.4315
P01,03,segment_0064,free_movement,1.0,-10.0,0.44822854206963836,1.14
P01,03,segment_0066,free_movement,3.0,5.0,0.5224724254287204,1.9565
P01,03,segment_0070,free_movement,2.0,275.0,0.48518361628354145,1.2225
P01,03,segment_0071,carrying,2.0,-50.0,0.3633750089843025,1.077
P01,03,segment_0072,free_movement,1.0,-5.0,0.334813846255517,1.2805
P01,03,segment_0073,carrying,1.0,340.0,0.3749008126459301,1.186
P01,03,segment_0074,free_movement,2.25,145.0,0.42331374053418924,1.5755
P01,03,segment_0076,free_movement,6.0,0.0,0.4520128349094237,1.3695
P01,03,segment_0078,free_movement,4.25,35.0,0.4273531347431601,1.576
P01,03,segment_0081,carrying,0.75,350.0,0.5439961956178443,1.0495
P01,03,segment_0082,free_movement,3.0,300.0,0.3577446424438169,1.722
P01,03,segment_0086,free_movement,1.0,5.0,0.34216949853294204,1.4925
P01,03,segment_0087,carrying,1.0,-50.0,0.40255537138025027,1.0215
P01,03,segment_0088,free_movement,6.0,-10.0,0.6398755112854162,1.6825
P01,03,segment_0090,free_movement,0.75,150.0,0.4376720612773134,1.163
P01,03,segment_0091,carrying,0.75,210.0,0.5381396138710142,1.0035
P01,03,segment_0092,free_movement,3.0,0.0,0.604352339441312,1.355
P01,03,segment_0093,carrying,3.0,40.0,0.5147947859029797,0.884
P01,03,segment_0098,free_movement,2.0,350.0,0.3988282901088084,1.372
P01,03,segment_0099,carrying,2.0,170.0,0.3036159208905865,0.96
P01,03,segment_0100,free_movement,1.0,115.0,0.3595805431611172,1.2215
P01,03,segment_0102,free_movement,3.0,5.0,0.7565721046286518,1.1015
P01,03,segment_0103,carrying,3.0,305.0,0.3000480468735599,0.885
P01,03,segment_0104,free_movement,0.75,-35.0,0.5078494035147816,1.0035
P01,03,segment_0106,free_movement,6.0,20.0,0.5311114338516598,1.398
P01,03,segment_0109,carrying,4.25,-50.0,0.34918045847732565,1.154
P01,03,segment_0110,free_movement,2.25,95.0,0.30003971681197017,1.199
P01,03,segment_0111,carrying,2.25,35.0,0.3756360440946033,0.847
P01,03,segment_0112,free_movement,3.0,155.0,0.4663958881484758,1.4325
P01,03,segment_0114,free_movement,1.0,275.0,0.3899871370831679,1.291
P01,03,segment_0116,free_movement,2.0,10.0,0.49943628410572166,1.1205
P01,03,segment_0117,carrying,2.0,-20.0,0.42932788235306124,0.7775
P01,03,segment_0119,carrying,0.75,-50.0,0.3691322236678551,1.0655
P01,03,segment_0120,free_movement,4.25,115.0,0.3071485974628613,2.954
P01,03,segment_0122,free_movement,6.0,35.0,0.6592161312018716,1.358
P01,03,segment_0125,carrying,2.25,-10.0,0.3603351344214428,0.8965
P01,03,segment_0126,free_movement,0.75,10.0,0.4620551220711292,1.0585
P01,03,segment_0128,free_movement,4.25,290.0,0.44311574297858153,1.845
P01,03,segment_0130,free_movement,3.0,190.0,0.47328204599589846,1.0345
P01,03,segment_0131,carrying,3.0,295.0,0.33099557797963114,0.8065
P01,03,segment_0133,carrying,2.25,40.0,0.3320216678255259,1.15
P01,03,segment_0134,free_movement,2.0,55.0,0.41969847821646594,1.123
P01,03,segment_0135,carrying,2.0,265.0,0.3195417501931249,0.84
P01,03,segment_0136,free_movement,6.0,0.0,0.4261629162900804,1.902
P01,03,segment_0138,free_movement,1.0,285.0,0.38653422898144885,0.8425
P01,03,segment_0139,carrying,1.0,-40.0,0.5138740063386048,0.9875
P01,03,segment_0140,free_movement,2.0,20.0,0.4162852614497461,1.08
P01,03,segment_0141,carrying,2.0,-25.0,0.31649157111615656,1.186
P01,03,segment_0143,carrying,1.0,325.0,0.35753019694056154,1.0665
P01,03,segment_0144,free_movement,6.0,20.0,0.3067157417726528,1.3735
P01,03,segment_0145,carrying,6.0,-25.0,0.3576672429371796,0.767
P01,03,segment_0148,free_movement,2.25,310.0,0.3512216373872927,1.4
P01,03,segment_0150,free_movement,4.25,135.0,0.39361363934827975,1.67
P01,03,segment_0151,carrying,4.25,-50.0,0.36541692778841034,1.785
P01,03,segment_0152,free_movement,3.0,30.0,0.32559306887041034,1.799
P01,03,segment_0155,carrying,0.75,-50.0,0.3434860885196355,1.118
P01,03,segment_0156,free_movement,1.0,-45.0,0.5330878722214365,1.4755
P01,03,segment_0157,carrying,1.0,35.0,0.3507178371046991,0.936
P01,03,segment_0158,free_movement,3.0,305.0,0.4210202735382865,1.629
P01,03,segment_0159,carrying,3.0,-20.0,0.6089820819337977,0.891
P01,03,segment_0160,free_movement,6.0,115.0,0.5318058676187604,1.277
P01,03,segment_0162,free_movement,2.25,330.0,0.47159183400482163,1.328
P01,03,segment_0163,carrying,2.25,-50.0,0.43299395621791115,0.9735
P01,03,segment_0164,free_movement,4.25,0.0,0.44418585799761207,2.1225
P01,03,segment_0166,free_movement,2.0,10.0,0.5958164303752539,1.1935
P01,03,segment_0168,free_movement,2.0,350.0,0.47737370054910694,1.2345
P01,03,segment_0169,carrying,2.0,70.0,0.5368584341153044,1.252
P01,03,segment_0170,free_movement,3.0,90.0,0.34202649990430045,1.4305
P01,03,segment_0176,free_movement,1.0,10.0,0.45907246167119975,1.2715
P01,03,segment_0178,free_movement,2.25,340.0,0.43768248999189996,1.488
P01,03,segment_0180,free_movement,6.0,30.0,0.5901097952029974,1.665
P01,03,segment_0182,free_movement,1.0,350.0,0.597718401199096,1.047
P01,03,segment_0186,free_movement,4.25,0.0,0.668076192080632,1.9915
P01,03,segment_0188,free_movement,3.0,50.0,0.3820909359059806,1.1085
P01,03,segment_0189,carrying,3.0,305.0,0.37997657528936807,1.1335
P01,03,segment_0190,free_movement,0.75,180.0,0.5842526295039601,1.225
P01,03,segment_0191,carrying,0.75,-40.0,0.3634890877595726,0.9475
P01,03,segment_0192,free_movement,2.0,325.0,0.33993000067685764,1.3865
P01,03,segment_0193,carrying,2.0,-10.0,0.44995396500715434,1.29
P01,03,segment_0194,free_movement,2.25,320.0,0.42509717864711916,1.9765
P01,03,segment_0198,free_movement,3.0,-5.0,0.33555759673315283,1.655
P01,03,segment_0199,carrying,3.0,-45.0,0.4350410955314136,0.9345
P01,03,segment_0200,free_movement,4.25,-50.0,0.303396033621372,1.7795
P01,03,segment_0202,free_movement,6.0,10.0,0.6052978882346571,1.7165
P01,03,segment_0204,free_movement,1.0,75.0,0.3829669350710606,0.981
P01,03,segment_0206,free_movement,2.0,90.0,0.46021323738274933,1.158
P01,03,segment_0207,carrying,2.0,350.0,0.3536591695985753,1.403
P01,03,segment_0208,free_movement,0.75,70.0,0.3903943478045263,1.4395
P01,03,segment_0210,free_movement,4.25,140.0,0.4635796124813296,1.58
P01,03,segment_0212,free_movement,3.0,25.0,0.3804311652428392,1.495
P01,03,segment_0213,carrying,3.0,-25.0,0.6071527748896041,1.136
P01,03,segment_0215,free_movement,2.0,260.0,0.3466802281802068,1.2235
P01,03,segment_0217,free_movement,1.0,-50.0,0.49370917143500614,1.3065
P01,03,segment_0219,free_movement,6.0,0.0,0.4706608744264915,1.294
P01,03,segment_0221,free_movement,0.75,-25.0,0.6443539193828751,1.244
P01,03,segment_0222,carrying,0.75,275.0,0.34120079405887316,1.105
P01,03,segment_0223,free_movement,4.25,20.0,0.6167524094835305,1.743
P01,03,segment_0225,free_movement,1.0,35.0,0.43381016653681703,1.2445
P01,03,segment_0226,carrying,1.0,310.0,0.4787252950758176,0.9555
P01,03,segment_0227,free_movement,2.25,0.0,0.417504942833945,1.2865
P01,03,segment_0228,carrying,2.25,210.0,0.5572048481881632,1.0475
P01,03,segment_0229,free_movement,6.0,60.0,0.6906055611744804,1.7885
P01,03,segment_0231,free_movement,3.0,0.0,0.5588155430700239,1.41
P01,03,segment_0233,free_movement,0.75,265.0,0.3641599227863234,1.3795
P01,03,segment_0235,free_movement,2.0,205.0,0.573886284867999,1.14
P01,03,segment_0237,free_movement,0.75,-20.0,0.4353139944387572,1.683
P01,03,segment_0238,carrying,0.75,-40.0,0.4130211382497142,1.015
P01,03,segment_0239,free_movement,1.0,65.0,0.4947372208792997,1.6265
P01,03,segment_0240,carrying,1.0,-15.0,0.4013456228612973,1.5715
P01,03,segment_0241,free_movement,2.25,215.0,0.6114134868266232,1.37
P01,03,segment_0242,carrying,2.25,-50.0,0.329131540290188,1.7715
P01,03,segment_0244,carrying,3.0,30.0,0.3718284600867446,0.947
P01,03,segment_0245,free_movement,6.0,320.0,0.43077410987259596,1.439
P01,03,segment_0247,free_movement,4.25,40.0,0.38744196405522424,1.9345
P01,03,segment_0249,free_movement,2.0,90.0,0.6626105783790825,1.817
P01,03,segment_0251,free_movement,0.75,45.0,0.3160186958257748,0.998
P01,03,segment_0252,carrying,0.75,-35.0,0.6618680233541697,1.5465
P01,03,segment_0253,free_movement,3.0,295.0,0.4467692824227544,1.3755
P01,03,segment_0254,carrying,3.0,350.0,0.3304989334508484,1.666
P01,03,segment_0258,carrying,1.0,310.0,0.3795245109613806,1.0805
P01,03,segment_0259,free_movement,6.0,-15.0,0.3851441429023422,1.6175
P01,03,segment_0261,free_movement,4.25,20.0,0.3101363079919119,1.692
P01,03,segment_0263,free_movement,2.0,-10.0,0.46256057670260464,1.487
P01,03,segment_0264,carrying,2.0,-10.0,0.36810105084881567,1.454
P01,03,segment_0267,free_movement,2.25,70.0,0.34994873238946134,1.82
P01,03,segment_0269,free_movement,0.75,240.0,0.6191195912551424,1.045
P01,03,segment_0270,carrying,0.75,240.0,0.6809876568129891,0.7925
P01,03,segment_0271,free_movement,4.25,160.0,0.440399962529661,1.535
P01,03,segment_0273,free_movement,6.0,90.0,0.5162293054771034,1.6355
P01,03,segment_0275,free_movement,2.0,80.0,0.6008578984433194,1.548
P01,03,segment_0277,free_movement,1.0,235.0,0.5455141043779749,2.1545
P01,03,segment_0279,free_movement,2.25,175.0,0.5327655536715341,1.9835
P01,03,segment_0281,free_movement,6.0,65.0,0.6009811679478474,1.92
P01,03,segment_0284,carrying,0.75,345.0,0.49750239035655663,1.2975
P01,03,segment_0287,free_movement,1.0,-40.0,0.39492789784618487,1.536
P01,03,segment_0288,carrying,1.0,-50.0,0.4986594428531437,1.1965
P01,03,segment_0289,free_movement,3.0,210.0,0.6182607982916312,1.1285
P01,03,segment_0291,free_movement,2.0,320.0,0.399531900492558,1.3175
P01,03,segment_0293,free_movement,1.0,55.0,0.3471232200310147,1.2405
P01,03,segment_0295,free_movement,2.0,195.0,0.49775794376344373,0.937
P01,03,segment_0297,free_movement,0.75,265.0,0.36322515368962804,1.455
P01,03,segment_0298,carrying,0.75,-40.0,0.37705158107850784,1.105
P01,03,segment_0299,free_movement,4.25,10.0,0.3840132694356008,1.481
P01,03,segment_0300,carrying,4.25,-50.0,0.3125528754025994,2.0245
P01,03,segment_0301,free_movement,2.25,305.0,0.49523129137028277,1.999
P01,03,segment_0302,carrying,2.25,-10.0,0.48711820765409536,1.257
P01,03,segment_0303,free_movement,6.0,325.0,0.30690671239955064,1.4015
P01,03,segment_0305,free_movement,3.0,320.0,0.5397269317433023,1.146
P01,03,segment_0306,carrying,3.0,-10.0,0.4841696751168203,0.9655
P01,03,segment_0307,free_movement,2.25,30.0,0.5102189975501149,1.2235
P01,03,segment_0309,free_movement,6.0,55.0,0.36494564596380996,1.107
P01,03,segment_0310,carrying,6.0,-50.0,0.4595642191881263,1.199
P01,03,segment_0312,carrying,1.0,350.0,0.38575258214411334,1.319
P01,03,segment_0313,free_movement,3.0,0.0,0.6755055594470369,1.472
P01,03,segment_0315,free_movement,0.75,-50.0,0.40148113543369146,1.091
P01,03,segment_0316,carrying,0.75,350.0,0.4926035510905078,0.9875
P01,03,segment_0317,free_movement,2.0,50.0,0.5637514366039318,1.0285
P01,03,segment_0319,free_movement,4.25,5.0,0.534365551403518,1.6695
P01,03,segment_0321,free_movement,6.0,0.0,0.5841399159320966,1.1235
P01,03,segment_0324,carrying,4.25,325.0,0.49909735551150214,1.918
P01,03,segment_0325,free_movement,3.0,105.0,0.3778076325035045,1.354
P01,03,segment_0327,free_movement,0.75,210.0,0.44314500846826516,1.275
P01,03,segment_0328,carrying,0.75,-50.0,0.6184801650928402,0.9105
P01,03,segment_0329,free_movement,2.0,-10.0,0.5264707128162872,1.459
P01,03,segment_0330,carrying,2.0,-50.0,0.3284656364239137,0.999
P01,03,segment_0331,free_movement,1.0,175.0,0.4463285223812266,1.549
P01,03,segment_0332,carrying,1.0,-15.0,0.42294489512236083,1.345
P01,03,segment_0333,free_movement,2.25,40.0,0.4118369042458473,1.601
P01,03,segment_0334,carrying,2.25,25.0,0.36927345951725593,1.025
P01,03,segment_0335,free_movement,0.75,-15.0,0.5360918986353267,1.3175
P01,03,segment_0337,free_movement,4.25,5.0,0.5166913815515584,1.632
P01,03,segment_0339,free_movement,1.0,80.0,0.5834657333912955,1.4885
P01,03,segment_0340,carrying,1.0,350.0,0.493821091181852,0.8975
P01,03,segment_0341,free_movement,3.0,-50.0,0.346607004334019,0.9665
P01,03,segment_0343,free_movement,2.25,165.0,0.38065336195919175,1.442
P01,03,segment_0345,free_movement,2.0,-5.0,0.37950023410113276,1.3805
P01,03,segment_0346,carrying,2.0,155.0,0.31481641878500444,1.379
P01,03,segment_0347,free_movement,6.0,25.0,0.6703378328016582,1.436
P01,03,segment_0348,carrying,6.0,270.0,0.30780816396407656,1.0615
P01,03,segment_0349,free_movement,1.0,-20.0,0.6138509848938021,1.1355
P01,03,segment_0351,free_movement,0.75,25.0,0.6427728070156169,1.047
P01,03,segment_0352,carrying,0.75,260.0,0.5479004952742786,0.764
P01,03,segment_0353,free_movement,3.0,165.0,0.5278422734180205,1.208
P01,03,segment_0355,free_movement,6.0,5.0,0.44655406553598437,1.7495
P01,03,segment_0357,free_movement,4.25,285.0,0.5989571874891251,1.3705
P01,03,segment_0359,free_movement,2.25,5.0,0.35041286622799955,1.785
P01,03,segment_0360,carrying,2.25,-25.0,0.46747813345015293,1.069
P01,03,segment_0361,free_movement,2.0,70.0,0.40230585306960676,1.1435
P01,03,segment_0363,free_movement,1.0,75.0,0.5181167966011418,1.3405
P01,03,segment_0364,carrying,1.0,60.0,0.44288076230696727,1.2215
P01,03,segment_0365,free_movement,4.25,-15.0,0.44845882430306966,1.3835
P01,03,segment_0366,carrying,4.25,275.0,0.6032884342041326,1.3045
P01,03,segment_0367,free_movement,0.75,0.0,0.6464129249959093,1.0775
P01,03,segment_0368,carrying,0.75,335.0,0.5548050100919362,1.01
P01,03,segment_0369,free_movement,6.0,5.0,0.6245501255398145,1.1845
P01,03,segment_0370,carrying,6.0,-30.0,0.5761051685747102,0.973
P01,03,segment_0375,free_movement,2.25,290.0,0.6141787765469955,1.316
P01,03,segment_0377,free_movement,2.25,145.0,0.6070937460930784,1.2665
P01,03,segment_0379,free_movement,6.0,0.0,0.615247211451898,1.2235
P01,03,segment_0381,free_movement,0.75,190.0,0.5649610860494829,1.102
P01,03,segment_0382,carrying,0.75,-50.0,0.33268437162917563,1.248
P01,03,segment_0383,free_movement,3.0,155.0,0.5060315065028349,1.358
P01,03,segment_0386,carrying,1.0,350.0,0.5259466290953674,0.7725
P01,03,segment_0389,free_movement,2.0,205.0,0.5055028999167511,1.0785
P01,03,segment_0391,free_movement,2.25,350.0,0.3188806182624743,1.5725
P01,03,segment_0393,free_movement,0.75,-5.0,0.4533114736181389,1.0705
P01,03,segment_0395,free_movement,4.25,5.0,0.48255139673369646,1.708
P01,03,segment_0397,free_movement,2.0,10.0,0.5288394241188109,1.3225
P01,03,segment_0399,free_movement,1.0,60.0,0.32468826838982773,1.2305
P01,03,segment_0401,free_movement,3.0,225.0,0.5230920796577145,1.1255
P01,03,segment_0403,free_movement,6.0,320.0,0.647774831791325,1.254
P01,03,segment_0405,free_movement,6.0,10.0,0.327757865648562,1.319
P01,03,segment_0406,carrying,6.0,-50.0,0.5111126559779912,1.201
P01,03,segment_0408,carrying,2.0,335.0,0.49783210025415753,1.4375
P01,03,segment_0409,free_movement,2.25,350.0,0.507655564497295,1.3965
P01,03,segment_0411,free_movement,4.25,305.0,0.3797342709316463,1.386
P01,03,segment_0413,free_movement,3.0,-20.0,0.7488952818106309,1.299
P01,03,segment_0414,carrying,3.0,310.0,0.42696474604136836,1.0755
P01,03,segment_0415,free_movement,0.75,-15.0,0.3528930945441132,1.231
P01,03,segment_0417,free_movement,1.0,15.0,0.5411282149617554,1.427
P01,03,segment_0419,free_movement,2.0,175.0,0.5258630169914515,1.46
P01,03,segment_0420,carrying,2.0,-50.0,0.35632357718558516,0.9515
P01,03,segment_0422,carrying,0.75,295.0,0.5035570599414809,0.781
P01,03,segment_0423,free_movement,2.25,170.0,0.44358096528858404,1.3695
P01,03,segment_0424,carrying,2.25,350.0,0.6708756646816573,0.962
P01,03,segment_0425,free_movement,3.0,65.0,0.649058810791459,1.4645
P01,03,segment_0427,free_movement,1.0,280.0,0.46571825731183364,0.9985
P01,03,segment_0428,carrying,1.0,290.0,0.3541132046400646,0.985
P01,03,segment_0429,free_movement,4.25,205.0,0.3626926913965947,1.253
P01,03,segment_0430,carrying,4.25,350.0,0.3787132194591976,0.9885
P01,03,segment_0431,free_movement,6.0,10.0,0.45136200534788246,1.118
P01,03,segment_0433,free_movement,0.75,75.0,0.4742422343154285,1.1985
P01,03,segment_0434,carrying,0.75,250.0,0.3489149021276056,1.1
P01,03,segment_0435,free_movement,4.25,195.0,0.3635972515384055,1.428
P01,03,segment_0437,free_movement,3.0,-10.0,0.3081333357318938,1.042
P01,03,segment_0438,carrying,3.0,250.0,0.35936354715993857,1.156
P01,03,segment_0439,free_movement,6.0,10.0,0.4644043104692443,1.3965
P01,03,segment_0441,free_movement,2.0,-15.0,0.5053967271509917,1.143
P01,03,segment_0442,carrying,2.0,-45.0,0.6121938687201607,1.093
P01,03,segment_0443,free_movement,2.25,350.0,0.4640418407231809,1.8955
P01,03,segment_0445,free_movement,1.0,-50.0,0.5837983511181474,0.836
P01,03,segment_0447,free_movement,2.0,-15.0,0.6903067365332013,1.1325
P01,03,segment_0449,free_movement,4.25,210.0,0.36992798737877275,1.3475
P01,03,segment_0451,free_movement,1.0,125.0,0.6901889438654435,1.2135
P01,03,segment_0453,free_movement,3.0,45.0,0.475412679091534,1.492
P01,03,segment_0455,free_movement,6.0,80.0,0.5052669929432283,1.4185
P01,03,segment_0457,free_movement,2.25,180.0,0.38764738365182444,1.384
P01,03,segment_0459,free_movement,0.75,-10.0,0.5374962384404205,1.0465
P01,03,segment_0461,free_movement,0.75,25.0,0.42043643359734,1.044
P01,03,segment_0462,carrying,0.75,-50.0,0.4029423055066297,0.981
P01,03,segment_0463,free_movement,4.25,260.0,0.6524638904875365,1.6045
P01,03,segment_0464,carrying,4.25,305.0,0.5140043347994978,0.7975
P01,03,segment_0465,free_movement,6.0,275.0,0.5697232975370524,1.2705
P01,03,segment_0466,carrying,6.0,-50.0,0.3396125496944245,1.3305
P01,03,segment_0467,free_movement,3.0,350.0,0.43604915208041184,1.42
P01,03,segment_0469,free_movement,2.0,5.0,0.39222937110690176,1.3465
P01,03,segment_0471,free_movement,1.0,270.0,0.4686660136815973,1.106
P01,03,segment_0472,carrying,1.0,-50.0,0.32706652129442876,0.842
P01,03,segment_0473,free_movement,2.25,315.0,0.36496053030854175,1.4625
P01,03,segment_0475,free_movement,2.0,145.0,0.6777970444074097,1.2845
P01,03,segment_0476,carrying,2.0,240.0,0.7094634537232148,0.795
P01,03,segment_0477,free_movement,3.0,300.0,0.578009375106346,1.029
P01,03,segment_0480,carrying,2.25,350.0,0.48711434022515426,1.638
P01,03,segment_0484,carrying,0.75,340.0,0.502194223127519,1.071
P01,03,segment_0485,free_movement,4.25,275.0,0.5196767290735762,1.8345
P01,03,segment_0487,free_movement,1.0,50.0,0.5066219074290808,1.372
P01,03,segment_0489,free_movement,4.25,290.0,0.3673497203317524,1.171
P01,03,segment_0491,free_movement,0.75,350.0,0.3025671078315902,1.3555
P01,03,segment_0492,carrying,0.75,0.0,0.4541952988586596,1.0895
P01,03,segment_0493,free_movement,3.0,105.0,0.403630547978641,1.4405
P01,03,segment_0494,carrying,3.0,-50.0,0.31508409614098243,1.3425
P01,03,segment_0496,carrying,2.0,-50.0,0.5693205859048278,0.9695
P01,03,segment_0497,free_movement,2.25,30.0,0.3723269890163393,1.7755
P01,03,segment_0498,free_movement,4.25,-20.0,0.5691053427547059,2.4095
P01,03,segment_0500,free_movement,0.75,45.0,0.4494921581530794,0.961
P01,03,segment_0503,carrying,1.0,335.0,0.43829182357701213,1.255
P01,03,segment_0504,free_movement,3.0,45.0,0.5813788671345057,1.438
P01,03,segment_0508,free_movement,2.25,290.0,0.4051128162433561,1.746
P01,03,segment_0509,carrying,2.25,-40.0,0.49620647892882175,1.12
P01,03,segment_0510,free_movement,2.0,125.0,0.5643191660781091,1.1255
P01,03,segment_0512,free_movement,6.0,200.0,0.7173927062233181,1.115
P01,03,segment_0514,free_movement,0.75,-30.0,0.3218112838083837,1.2165
P01,03,segment_0515,carrying,0.75,0.0,0.417509131491886,1.0305
P01,03,segment_0516,free_movement,3.0,-40.0,0.5578792588060183,0.9375
P01,03,segment_0517,carrying,3.0,-25.0,0.44014420778388813,0.809
P01,03,segment_0519,carrying,1.0,65.0,0.3779758451306152,0.7215
P01,03,segment_0520,free_movement,2.25,165.0,0.32865102596289075,1.687
P01,03,segment_0521,carrying,2.25,30.0,0.4880260605612936,0.783
P01,03,segment_0523,carrying,4.25,-50.0,0.3089256745689435,2.3855
P01,03,segment_0525,carrying,2.0,50.0,0.49808916653592,0.75
P01,03,segment_0526,free_movement,2.25,280.0,0.5286749060927,1.6765
P01,03,segment_0528,free_movement,4.25,260.0,0.34732030210382586,1.8235
P01,03,segment_0530,free_movement,2.0,10.0,0.3515152866698556,1.1365
P01,03,segment_0531,carrying,2.0,-10.0,0.5672937271351332,0.947
P01,03,segment_0532,free_movement,3.0,115.0,0.6223222791888463,0.828
P01,03,segment_0534,free_movement,0.75,-20.0,0.5718978257690996,0.985
P01,03,segment_0535,carrying,0.75,135.0,0.528666623947942,1.5895
P01,03,segment_0536,free_movement,6.0,0.0,0.5153863079821779,1.1695
P01,03,segment_0538,free_movement,1.0,260.0,0.4693162696843573,1.4865
P01,03,segment_0539,carrying,1.0,190.0,0.3618736382585543,1.05
P01,03,segment_0540,free_movement,1.0,-5.0,0.39843383694795237,1.5845
P01,03,segment_0541,carrying,1.0,-50.0,0.6180204364083303,0.848
P01,03,segment_0542,free_movement,0.75,350.0,0.3879425942162431,1.16
P01,03,segment_0544,free_movement,2.25,40.0,0.3706176139466087,1.646
P01,03,segment_0546,free_movement,6.0,0.0,0.5390108816444968,1.7425
P01,03,segment_0548,free_movement,2.0,25.0,0.37078925065268775,1.6405
P01,03,segment_0549,carrying,2.0,-50.0,0.3130145053258418,0.8305
P01,03,segment_0550,free_movement,4.25,65.0,0.3950707237276843,1.679
P01,03,segment_0552,free_movement,3.0,0.0,0.4890573900125904,1.3185
P01,03,segment_0553,carrying,3.0,-50.0,0.4323943958738883,1.104
P01,03,segment_0554,free_movement,0.75,170.0,0.5929320181725719,0.8575
P01,03,segment_0556,free_movement,6.0,225.0,0.3903391171223901,1.3635
P01,03,segment_0560,free_movement,3.0,5.0,0.4275551612667551,1.5265
P01,03,segment_0561,carrying,3.0,-50.0,0.5465956679329436,1.0815
P01,03,segment_0562,free_movement,1.0,-5.0,0.4972537220575651,1.3795
P01,03,segment_0563,carrying,1.0,-50.0,0.3756866710540108,1.042
P01,03,segment_0564,free_movement,2.25,105.0,0.31631741737431107,1.5805
P01,03,segment_0565,carrying,2.25,-30.0,0.4441737894138106,1.441
P01,03,segment_0566,free_movement,2.0,135.0,0.39017496130499374,1.4085
P01,03,segment_0568,free_movement,2.0,5.0,0.44975737629117224,1.602
P01,03,segment_0570,free_movement,0.75,-10.0,0.41813668133802756,1.9115
P01,03,segment_0571,carrying,0.75,245.0,0.3662545849294322,1.1575
P01,03,segment_0572,free_movement,3.0,50.0,0.6867628961798662,1.5545
P01,03,segment_0574,free_movement,2.25,10.0,0.47476004712009995,1.586
P01,03,segment_0577,carrying,4.25,315.0,0.3242568773359379,1.0805
P01,03,segment_0578,free_movement,6.0,10.0,0.5079809001068291,1.4185
P01,03,segment_0581,carrying,1.0,285.0,0.42879142117501934,0.987
P01,03,segment_0582,free_movement,4.25,25.0,0.40040654195457126,1.348
P01,03,segment_0583,carrying,4.25,-50.0,0.3224063383539913,1.283
P01,03,segment_0584,free_movement,1.0,290.0,0.5759691230296807,1.0445
P01,03,segment_0585,carrying,1.0,-50.0,0.6351541594131249,1.132
P01,03,segment_0587,carrying,3.0,-50.0,0.4132355186589068,1.2535
P01,03,segment_0588,free_movement,2.25,60.0,0.3944874693907895,1.672
P01,03,segment_0589,carrying,2.25,-15.0,0.3933863342242889,1.1695
P01,03,segment_0590,free_movement,0.75,35.0,0.7365571554716104,1.0115
P01,03,segment_0592,free_movement,6.0,315.0,0.3413352736811812,1.1565
P01,03,segment_0594,free_movement,2.0,220.0,0.48151820224576286,1.022
P01,03,segment_0595,carrying,2.0,-50.0,0.3472684451854827,0.9185
P01,03,segment_0596,free_movement,6.0,10.0,0.5073156064025752,1.313
P01,03,segment_0598,free_movement,2.25,280.0,0.3359660452731703,1.2945
P01,03,segment_0599,carrying,2.25,-30.0,0.4623193440363225,1.3165
P01,03,segment_0601,carrying,1.0,315.0,0.44997658567888543,1.131
P01,03,segment_0602,free_movement,4.25,-5.0,0.5190335431553148,1.536
P01,03,segment_0604,free_movement,3.0,255.0,0.5550155838235283,1.161
P01,03,segment_0605,carrying,3.0,-50.0,0.3713042726738771,1.4115
P01,03,segment_0606,free_movement,2.0,0.0,0.3008756855583429,1.3545
P01,03,segment_0607,carrying,2.0,-50.0,0.3213107957896474,1.212
P01,03,segment_0608,free_movement,0.75,325.0,0.5365737363694765,1.1425
P01,03,segment_0609,carrying,0.75,-50.0,0.5148759638932311,1.6085
P01,03,segment_0610,free_movement,1.0,95.0,0.3423808189951493,1.156
P01,03,segment_0612,free_movement,2.0,80.0,0.4775600154041831,1.1065
P01,03,segment_0613,carrying,2.0,-50.0,0.5050824259244378,1.375
P01,03,segment_0614,free_movement,6.0,210.0,0.4473867729732095,1.408
P01,03,segment_0616,free_movement,0.75,15.0,0.34721629819995137,1.416
P01,03,segment_0617,carrying,0.75,-50.0,0.3374968011187315,1.7575
P01,03,segment_0618,free_movement,3.0,25.0,0.40341474451887427,1.8285
P01,03,segment_0620,free_movement,2.25,335.0,0.35146330272783644,1.4765
P01,03,segment_0622,free_movement,4.25,0.0,0.6865220658147704,1.5245
P01,03,segment_0624,free_movement,2.0,255.0,0.499150579051738,1.005
P01,03,segment_0625,carrying,2.0,-50.0,0.31277509094326056,0.8345
P01,03,segment_0626,free_movement,3.0,-10.0,0.32009152845704597,1.082
P01,03,segment_0627,carrying,3.0,290.0,0.4338074145335583,1.134
P01,03,segment_0628,free_movement,4.25,-15.0,0.36471230875082805,1.88
P01,03,segment_0630,free_movement,2.25,310.0,0.535956715768344,1.3545
P01,03,segment_0631,carrying,2.25,-50.0,0.39309576241714556,1.1255
P01,03,segment_0633,carrying,0.75,-50.0,0.3780972505855548,0.828
P01,03,segment_0634,free_movement,1.0,125.0,0.5121558755141404,1.0615
P01,03,segment_0635,carrying,1.0,-50.0,0.7802368161211867,0.8165
P01,03,segment_0636,free_movement,6.0,280.0,0.34483927118622754,1.616
P01,03,segment_0637,carrying,6.0,-45.0,0.5183846907574109,1.2865
P01,03,segment_0638,free_movement,1.0,15.0,0.3828030235285495,1.1375
P01,03,segment_0640,free_movement,2.0,0.0,0.3754069172248957,1.0545
P01,03,segment_0642,free_movement,0.75,235.0,0.4189587458344578,0.8035
P01,03,segment_0643,carrying,0.75,55.0,0.31651725736649394,0.906
P01,03,segment_0644,free_movement,6.0,5.0,0.6306231569034288,1.4065
P01,03,segment_0646,free_movement,4.25,-45.0,0.39730259759088105,1.2045
P01,03,segment_0648,free_movement,2.25,-50.0,0.5092746592431106,1.3675
P01,03,segment_0649,carrying,2.25,330.0,0.4876345057849623,0.91
P01,03,segment_0650,free_movement,3.0,-15.0,0.3350033440764431,1.584
P01,03,segment_0652,free_movement,0.75,30.0,0.6088220837793158,0.9695
P01,03,segment_0654,free_movement,2.0,80.0,0.5431975104551684,1.1065
P01,03,segment_0655,carrying,2.0,-45.0,0.5487716294140653,1.1875
P01,03,segment_0659,carrying,2.25,255.0,0.3458378706863672,1.1715
P01,03,segment_0660,free_movement,6.0,30.0,0.41791224506330676,0.941
P01,03,segment_0661,carrying,6.0,-50.0,0.5792477879028334,0.8275
P01,03,segment_0662,free_movement,1.0,20.0,0.4377789888459224,0.96
P01,03,segment_0663,carrying,1.0,-40.0,0.4974169540780872,0.819
P01,03,segment_0666,free_movement,2.0,40.0,0.573443604903967,0.9985
P01,03,segment_0667,carrying,2.0,-45.0,0.5302853298269339,0.821
P01,03,segment_0668,free_movement,3.0,235.0,0.3756145293399153,1.269
P01,03,segment_0670,free_movement,1.0,15.0,0.48495300409613806,1.0255
P01,03,segment_0674,free_movement,0.75,255.0,0.5094161104614227,1.123
P01,03,segment_0675,carrying,0.75,-50.0,0.45765791796583055,0.889
P01,03,segment_0676,free_movement,4.25,-5.0,0.5952406944522332,1.512
P01,03,segment_0677,carrying,4.25,-50.0,0.44033314661070727,1.008
P01,03,segment_0680,free_movement,6.0,45.0,0.5123959799956248,1.605
P01,03,segment_0682,free_movement,2.0,-15.0,0.7650247967854469,1.1725
P01,03,segment_0683,carrying,2.0,350.0,0.3523417783452095,1.132
P01,03,segment_0684,free_movement,4.25,0.0,0.3816354877520472,1.508
P01,03,segment_0687,carrying,1.0,-50.0,0.41466925521504194,0.835
P01,03,segment_0688,free_movement,2.25,295.0,0.4277731962038874,1.7605
P01,03,segment_0690,free_movement,3.0,110.0,0.3112889880445824,1.1885
P01,03,segment_0693,carrying,0.75,-50.0,0.5113857287129866,0.9605
P01,03,segment_0694,free_movement,6.0,-50.0,0.6802412841767471,1.168
P01,03,segment_0696,free_movement,2.0,215.0,0.487615468263148,1.1765
P01,03,segment_0697,carrying,2.0,-50.0,0.47396541565677847,0.7845
P01,03,segment_0698,free_movement,2.25,335.0,0.5298201813355106,1.5585
P01,03,segment_0699,carrying,2.25,320.0,0.4017765072887487,1.1995
P01,03,segment_0700,free_movement,0.75,5.0,0.40579424260581726,2.2185
P01,03,segment_0701,carrying,0.75,240.0,0.3233932436691629,1.18
P01,03,segment_0702,free_movement,4.25,350.0,0.34397024117161223,1.388
P01,03,segment_0705,carrying,1.0,350.0,0.5423631675480626,1.0255
P01,03,segment_0706,free_movement,3.0,250.0,0.4851035269864463,1.662
P01,03,segment_0707,carrying,3.0,95.0,0.40482271982002077,0.8055
P01,03,segment_0708,free_movement,2.0,240.0,0.38196006241647723,1.21
P01,03,segment_0710,free_movement,6.0,-10.0,0.4954505261687902,1.1035
P01,03,segment_0712,free_movement,4.25,135.0,0.6339106315402546,1.208
P01,03,segment_0714,free_movement,2.25,300.0,0.4586258979593597,1.2735
P01,03,segment_0716,free_movement,3.0,-5.0,0.5733819985746705,1.5585
P01,03,segment_0717,carrying,3.0,-50.0,0.43627820919097754,1.1265
P01,03,segment_0720,free_movement,1.0,125.0,0.4443177884204072,2.987
P01,03,segment_0721,carrying,1.0,315.0,0.41119044159190593,0.946
P01,03,segment_0722,free_movement,4.25,0.0,0.5148174343976066,1.5365
P01,03,segment_0724,free_movement,0.75,-50.0,0.3722948920770931,1.314
P01,03,segment_0728,free_movement,2.25,45.0,0.49374107656987154,1.1135
P01,03,segment_0730,free_movement,6.0,5.0,0.3945241075938272,1.0275
P01,03,segment_0731,carrying,6.0,-35.0,0.4984107169878277,0.733
P01,03,segment_0732,free_movement,2.0,-10.0,0.4126152798863874,0.8325
P01,03,segment_0733,carrying,2.0,310.0,0.34014664700280645,1.051
P01,03,segment_0734,free_movement,3.0,-30.0,0.45588725928824375,0.9835
P01,03,segment_0735,carrying,3.0,255.0,0.44709238100773474,0.9615
P01,03,segment_0738,free_movement,1.0,-15.0,0.43983044146171124,1.4445
P01,03,segment_0742,free_movement,6.0,10.0,0.34512433237481466,1.3215
P01,03,segment_0744,free_movement,4.25,155.0,0.3740315314480186,1.289
P01,03,segment_0745,carrying,4.25,350.0,0.5510119416345429,1.1475
P01,03,segment_0746,free_movement,0.75,5.0,0.5317485349258555,0.99
P01,03,segment_0747,carrying,0.75,-20.0,0.3720932049956451,0.8185
P01,03,segment_0748,free_movement,3.0,245.0,0.5072637826767072,0.886
P01,03,segment_0749,carrying,3.0,50.0,0.3146418437834053,0.85
P01,03,segment_0750,free_movement,2.0,10.0,0.33765417823422955,1.0475
P01,03,segment_0751,carrying,2.0,285.0,0.3945426647752303,0.9275
P01,03,segment_0754,free_movement,1.0,45.0,0.4389830622204761,1.0395
P01,03,segment_0755,carrying,1.0,65.0,0.5981847410343023,0.7725
P01,03,segment_0756,free_movement,6.0,10.0,0.335703048502758,1.2865
P01,03,segment_0758,free_movement,0.75,140.0,0.4566338688827356,1.04
P01,03,segment_0759,carrying,0.75,265.0,0.38687228535476914,0.96
P01,03,segment_0760,free_movement,4.25,35.0,0.5060762178789461,1.4125
P01,03,segment_0761,carrying,4.25,310.0,0.3419489415533576,0.957
P01,03,segment_0762,free_movement,3.0,180.0,0.4901669594103229,1.0375
P01,03,segment_0763,carrying,3.0,300.0,0.7477368089873548,0.717
P01,03,segment_0764,free_movement,2.25,-10.0,0.5692212510346711,1.313
P01,03,segment_0766,free_movement,6.0,-10.0,0.41903712700930107,1.219
P01,03,segment_0768,free_movement,3.0,5.0,0.34999397008626293,2.419
P01,03,segment_0769,carrying,3.0,-40.0,0.33836856027188783,0.8295
P01,03,segment_0771,carrying,0.75,250.0,0.3270674105365463,1.5505
P01,03,segment_0773,carrying,1.0,-50.0,0.6198459895754942,0.9825
P01,03,segment_0774,free_movement,4.25,130.0,0.4185343508995935,1.1875
P01,03,segment_0776,free_movement,2.0,10.0,0.6438583564029584,1.0125
P01,03,segment_0777,carrying,2.0,305.0,0.36147821984039397,0.8175
P01,03,segment_0780,free_movement,3.0,20.0,0.625226289690114,1.1955
P01,03,segment_0784,free_movement,2.0,-50.0,0.45786456015090776,1.0115
P01,03,segment_0785,carrying,2.0,255.0,0.4901158726143185,0.8195
P01,03,segment_0786,free_movement,2.25,350.0,0.43609131447324445,1.4985
P01,03,segment_0789,carrying,1.0,85.0,0.3173692513637063,0.792
P01,03,segment_0790,free_movement,4.25,350.0,0.33068476508852884,1.329
P01,03,segment_0791,carrying,4.25,-20.0,0.3441766877904814,1.127
P01,03,segment_0792,free_movement,3.0,90.0,0.4271986837783637,1.091
P01,03,segment_0794,free_movement,1.0,305.0,0.34058928167179425,1.0465
P01,03,segment_0795,carrying,1.0,-50.0,0.40785956550723346,1.043
P01,03,segment_0796,free_movement,2.25,185.0,0.4149944918434842,1.225
P01,03,segment_0797,carrying,2.25,315.0,0.5234401268749325,1.1045
P01,03,segment_0799,carrying,4.25,280.0,0.4176844383025178,0.951
P01,03,segment_0800,free_movement,0.75,5.0,0.6077866092752087,1.041
P01,03,segment_0801,carrying,0.75,240.0,0.4994645395534849,0.8105
P01,03,segment_0802,free_movement,6.0,140.0,0.5488892581309612,1.255
P01,03,segment_0804,free_movement,2.0,25.0,0.46144619701822626,1.13
P01,03,segment_0806,free_movement,2.25,205.0,0.4315466303523566,1.406
P01,03,segment_0807,carrying,2.25,-15.0,0.38416150502801916,1.0735
P01,03,segment_0810,free_movement,0.75,10.0,0.6540850126493964,0.8505
P01,03,segment_0813,carrying,1.0,80.0,0.30796332374607316,1.29
P01,03,segment_0814,free_movement,2.0,-5.0,0.5658492563357529,0.981
P01,03,segment_0815,carrying,2.0,290.0,0.325788465060218,0.926
P01,03,segment_0817,carrying,4.25,-20.0,0.37297562637916565,1.234
P01,03,segment_0818,free_movement,3.0,40.0,0.41139275661653046,0.993
P01,03,segment_0819,carrying,3.0,325.0,0.3366242316641217,1.057
P01,03,segment_0820,free_movement,2.25,20.0,0.3957653849767754,1.3305
P01,03,segment_0822,free_movement,3.0,125.0,0.4906313578096946,0.833
P01,03,segment_0824,free_movement,4.25,10.0,0.5620282452732632,2.2685
P01,03,segment_0826,free_movement,6.0,0.0,0.42792085987109973,1.3495
P01,03,segment_0827,carrying,6.0,-50.0,0.45553609062460887,1.299
P01,03,segment_0828,free_movement,2.0,10.0,0.5183670547664616,1.1945
P01,03,segment_0830,free_movement,0.75,160.0,0.3740022135364095,1.104
P01,03,segment_0831,carrying,0.75,55.0,0.5523989228578547,2.1445
P01,03,segment_0832,free_movement,1.0,200.0,0.4468862079004618,1.154
P01,03,segment_0833,carrying,1.0,-50.0,0.30930294300811595,1.023
P01,03,segment_0834,free_movement,0.75,315.0,0.5566687339939657,0.786
P01,03,segment_0835,carrying,0.75,280.0,0.4121874761257634,0.917
P01,03,segment_0836,free_movement,1.0,55.0,0.34582417404297594,1.1615
P01,03,segment_0837,carrying,1.0,280.0,0.48088601855191715,0.8045
P01,03,segment_0838,free_movement,4.25,335.0,0.36561501440003175,1.313
P01,03,segment_0840,free_movement,2.25,0.0,0.40888241143205967,1.551
P01,03,segment_0842,free_movement,3.0,0.0,0.3797260559279014,1.1905
P01,03,segment_0843,carrying,3.0,335.0,0.4920817753535469,0.9515
P01,03,segment_0844,free_movement,6.0,0.0,0.6525207412390504,1.3845
P01,03,segment_0845,carrying,6.0,-50.0,0.3884419928505575,0.7815
P01,03,segment_0846,free_movement,2.0,-10.0,0.5086044008283339,1.009
P01,03,segment_0848,free_movement,0.75,90.0,0.3565449443875258,1.251
P01,03,segment_0849,carrying,0.75,310.0,0.3957256213417774,1.1235
P01,03,segment_0850,free_movement,2.0,30.0,0.44799842639282583,1.0645
P01,03,segment_0851,carrying,2.0,-50.0,0.543714698808631,0.8445
P01,03,segment_0854,free_movement,6.0,5.0,0.3057694430976375,1.405
P01,03,segment_0855,carrying,6.0,-45.0,0.5767709369111924,0.92
P01,03,segment_0858,free_movement,2.25,350.0,0.4418832796170615,1.5155
P01,03,segment_0859,carrying,2.25,305.0,0.5117337614628908,0.987
P01,03,segment_0860,free_movement,1.0,320.0,0.8298642807433061,1.041
P01,03,segment_0861,carrying,1.0,-50.0,0.34870827451484854,0.8455
P01,03,segment_0863,carrying,6.0,335.0,0.39358011339431,1.1665
P01,03,segment_0864,free_movement,0.75,-10.0,0.579336983307631,1.038
P01,03,segment_0866,free_movement,2.0,-15.0,0.7214247883031474,1.0285
P01,03,segment_0867,carrying,2.0,265.0,0.7489164243068026,0.7075
P01,03,segment_0868,free_movement,1.0,230.0,0.7769800372169204,0.8625
P01,03,segment_0872,free_movement,3.0,185.0,0.4306798796928225,1.093
P01,03,segment_0873,carrying,3.0,305.0,0.4689402462250643,0.812
P01,03,segment_0874,free_movement,4.25,15.0,0.38490595930710336,1.923
P01,03,segment_0875,carrying,4.25,-20.0,0.3846746027139914,1.06
P01,03,segment_0876,free_movement,0.75,10.0,0.4273640236741404,1.3255
P01,03,segment_0877,carrying,0.75,345.0,0.3763434930363951,0.748
P01,03,segment_0879,carrying,2.25,320.0,0.37960895256706895,0.8295
P01,03,segment_0880,free_movement,1.0,265.0,0.4172179033594887,1.743
P01,03,segment_0881,carrying,1.0,-50.0,0.4014224111414866,1.279
P01,03,segment_0882,free_movement,4.25,10.0,0.5919692544022117,1.2385
P01,03,segment_0884,free_movement,6.0,-40.0,0.4149250391855421,1.0275
P01,03,segment_0885,carrying,6.0,25.0,0.301691193243517,1.0505
P01,03,segment_0886,free_movement,2.0,-45.0,0.6408061113333335,1.084
P01,03,segment_0888,free_movement,3.0,0.0,0.6105821740910251,1.0905
P01,03,segment_0890,free_movement,1.0,-50.0,0.30500339523109216,1.1985
P01,03,segment_0891,carrying,1.0,-50.0,0.46834051273562094,0.843
P01,03,segment_0892,free_movement,0.75,175.0,0.3177485360455663,0.8165
P01,03,segment_0893,carrying,0.75,-35.0,0.5461724962673324,0.7575
P01,03,segment_0896,free_movement,3.0,10.0,0.40323823872234893,1.382
P01,03,segment_0898,free_movement,2.25,240.0,0.3768421080587407,1.192
P01,03,segment_0900,free_movement,6.0,245.0,0.49301117506296277,1.29
P01,03,segment_0902,free_movement,2.0,125.0,0.5542121155554254,0.9875
P01,03,segment_0903,carrying,2.0,-50.0,0.49913872651293173,0.775
P01,03,segment_0904,free_movement,6.0,5.0,0.5321070110552361,1.5435
P01,03,segment_0906,free_movement,0.75,160.0,0.578605407446541,0.856
P01,03,segment_0907,carrying,0.75,225.0,0.3184189370187372,0.808
P01,03,segment_0909,carrying,2.25,320.0,0.4379446653732527,1.132
P01,03,segment_0910,free_movement,1.0,30.0,0.58924007625884,0.8605
P01,03,segment_0912,free_movement,3.0,125.0,0.35139582738932423,0.9365
P01,03,segment_0916,free_movement,2.0,105.0,0.5724636712845922,1.0265
P01,03,segment_0917,carrying,2.0,-50.0,0.3507131481408362,1.4
P01,03,segment_0918,free_movement,3.0,5.0,0.41568282704989185,0.8475
P01,03,segment_0919,carrying,3.0,315.0,0.38656882203550186,0.9615
P01,03,segment_0920,free_movement,0.75,260.0,0.3834017535791873,1.196
P01,03,segment_0921,carrying,0.75,-50.0,0.43631368695996686,0.928
P01,03,segment_0922,free_movement,4.25,5.0,0.3787727760933952,1.3495
P01,03,segment_0924,free_movement,1.0,270.0,0.3731949511294437,0.8895
P01,03,segment_0925,carrying,1.0,335.0,0.40806652287421646,0.913
P01,03,segment_0926,free_movement,6.0,-50.0,0.4989123187017879,1.2215
P01,03,segment_0928,free_movement,2.0,-10.0,0.45880910946378783,0.8845
P01,03,segment_0929,carrying,2.0,265.0,0.324597749037807,0.717
P01,03,segment_0932,free_movement,0.75,195.0,0.5017519813037563,0.946
P01,03,segment_0933,carrying,0.75,285.0,0.5802693846346227,0.8205
P01,03,segment_0934,free_movement,4.25,5.0,0.5233992737436992,1.2005
P01,03,segment_0936,free_movement,6.0,55.0,0.3604858403121508,1.3705
P01,03,segment_0937,carrying,6.0,-50.0,0.3672378524395775,0.7995
P01,03,segment_0939,carrying,2.25,295.0,0.40087702975820877,1.0135
P01,03,segment_0940,free_movement,2.0,110.0,0.549138456818443,0.885
P01,03,segment_0943,carrying,1.0,-50.0,0.3495220522148152,1.966
P01,03,segment_0946,free_movement,0.75,210.0,0.5363911742993974,1.1685
P01,03,segment_0947,carrying,0.75,-35.0,0.5109338774662114,0.8895
P01,03,segment_0948,free_movement,2.25,300.0,0.5098954723582729,0.9895
P01,03,segment_0949,carrying,2.25,330.0,0.40467593091764975,0.9115
P01,03,segment_0950,free_movement,2.0,25.0,0.7429551406393705,1.055
P01,03,segment_0952,free_movement,4.25,-25.0,0.3393818585663271,1.205
P01,03,segment_0953,carrying,4.25,330.0,0.4071348282200894,1.2315
P01,03,segment_0954,free_movement,1.0,120.0,0.5971433188005477,0.8975
P01,03,segment_0956,free_movement,3.0,55.0,0.573766231648286,1.339
P01,03,segment_0958,free_movement,6.0,-10.0,0.6032405489269518,0.872
P01,03,segment_0960,free_movement,2.25,-35.0,0.337590238594482,1.256
P01,03,segment_0963,carrying,3.0,25.0,0.6089559429170844,0.828
P01,03,segment_0964,free_movement,0.75,45.0,0.459159509043921,1.2515
P01,03,segment_0966,free_movement,2.0,230.0,0.441811959296208,1.0595
P01,03,segment_0969,carrying,4.25,-50.0,0.39141485909327506,0.9725
P01,03,segment_0971,carrying,6.0,-50.0,0.4268683167273242,1.048
P01,03,segment_0972,free_movement,1.0,60.0,0.42789107133236787,0.8205
P01,03,segment_0974,free_movement,2.25,240.0,0.4854023169394589,1.638
P01,03,segment_0975,carrying,2.25,270.0,0.5645258603328396,1.2215
P01,03,segment_0977,carrying,4.25,350.0,0.4231592175258361,1.799
P01,03,segment_0978,free_movement,2.0,0.0,0.5560100267508004,0.99
P01,03,segment_0980,free_movement,1.0,170.0,0.426952806278422,1.1035
P01,03,segment_0982,free_movement,6.0,215.0,0.48993908130788566,1.169
P01,03,segment_0984,free_movement,0.75,40.0,0.5768049708969851,0.9885
P01,03,segment_0985,carrying,0.75,30.0,0.5743599139689741,0.98
P01,03,segment_0986,free_movement,3.0,220.0,0.3473758205679402,1.1295
P01,03,segment_0987,carrying,3.0,-50.0,0.3201725634469599,1.017
P01,03,segment_0988,free_movement,0.75,350.0,0.32661369424213976,1.1175
P01,03,segment_0990,free_movement,2.0,290.0,0.44948812116486075,1.2535
P01,03,segment_0992,free_movement,1.0,195.0,0.4633057263196407,1.064
P01,03,segment_0993,carrying,1.0,165.0,0.3115617050321082,1.1955
P01,03,segment_0994,free_movement,2.25,30.0,0.3538987944203888,1.4665
P01,03,segment_0996,free_movement,4.25,305.0,0.40844830396022824,1.37
P01,03,segment_0997,free_movement,2.0,5.0,0.7038938827227843,1.0825
P01,03,segment_0999,free_movement,2.25,350.0,0.44421304899393055,1.4245
P01,03,segment_1001,free_movement,3.0,70.0,0.6311013981678911,1.2985
P01,03,segment_1002,carrying,3.0,350.0,0.34229865565168033,1.2545
P01,03,segment_1003,free_movement,4.25,0.0,0.3574351461764987,1.472
P01,03,segment_1004,carrying,4.25,-50.0,0.34781797470744324,1.1405
P01,03,segment_1007,free_movement,0.75,-10.0,0.42907291081159593,1.0895
P01,03,segment_1009,free_movement,1.0,350.0,0.523987918291784,1.1905
P01,03,segment_1011,free_movement,2.25,5.0,0.35459041129803154,1.431
P01,03,segment_1013,free_movement,6.0,-40.0,0.5782690775658663,0.948
P01,03,segment_1015,free_movement,2.0,-5.0,0.5123425186274424,1.2865
P01,03,segment_1021,free_movement,0.75,-15.0,0.4272403812419872,1.186
P01,03,segment_1022,carrying,0.75,350.0,0.5004560313693446,1.1645
P01,03,segment_1023,free_movement,1.0,5.0,0.48446017381482687,1.5055
P01,03,segment_1029,free_movement,6.0,155.0,0.38783484756830444,1.213
P01,03,segment_1031,free_movement,0.75,250.0,0.41031783039863795,1.5715
P01,03,segment_1033,free_movement,3.0,-5.0,0.6935381667633498,1.2035
P01,03,segment_1034,carrying,3.0,80.0,0.5821824964903906,1.0295
P01,03,segment_1035,free_movement,1.0,25.0,0.46491277013581206,0.7685
P01,03,segment_1036,carrying,1.0,-35.0,0.5238385515001786,1.2275
P01,03,segment_1037,free_movement,2.0,330.0,0.6782577512073187,1.062
P01,03,segment_1039,free_movement,2.0,170.0,0.3958138101731311,1.2345
P01,03,segment_1041,free_movement,1.0,90.0,0.499804659735419,0.991
P01,03,segment_1042,carrying,1.0,170.0,0.30338204730786716,1.266
P01,03,segment_1043,free_movement,3.0,55.0,0.44279638719652226,1.027
P01,03,segment_1044,carrying,3.0,-40.0,0.41571799872249715,0.75
P01,03,segment_1045,free_movement,4.25,310.0,0.39256217752752204,1.071
P01,03,segment_1047,free_movement,6.0,5.0,0.6597640237093649,1.785
P01,03,segment_1049,free_movement,2.25,210.0,0.30169516658823786,1.2765
P01,03,segment_1052,carrying,0.75,195.0,0.44225130407333635,0.8865
P01,03,segment_1053,free_movement,1.0,40.0,0.39558595214408493,1.365
P01,03,segment_1057,free_movement,6.0,40.0,0.5931271531416167,1.2935
P01,03,segment_1059,free_movement,2.25,145.0,0.4530115581123367,1.078
P01,03,segment_1060,carrying,2.25,-50.0,0.3830784774536728,0.816
P01,03,segment_1061,free_movement,0.75,160.0,0.34082411892709336,1.129
P01,03,segment_1062,carrying,0.75,-50.0,0.3401990977975294,1.2255
P01,03,segment_1063,free_movement,4.25,350.0,0.4619898048220607,1.253
P01,03,segment_1065,free_movement,3.0,-5.0,0.3432402972885091,1.1745
P01,03,segment_1066,carrying,3.0,15.0,0.5151985836184755,0.862
P01,03,segment_1067,free_movement,4.25,10.0,0.38064406464344397,1.6405
P01,03,segment_1069,free_movement,6.0,-15.0,0.5228203292222693,0.9205
P01,03,segment_1071,free_movement,2.0,-50.0,0.5520142514882398,0.851
P01,03,segment_1073,free_movement,3.0,-5.0,0.44109611095929974,1.3175
P01,03,segment_1075,free_movement,2.25,345.0,0.3070415867956918,1.7605
P01,03,segment_1077,free_movement,1.0,65.0,0.4659599609668996,1.0185
P01,03,segment_1078,carrying,1.0,-50.0,0.43119444922296934,1.0785
P01,03,segment_1079,free_movement,0.75,-50.0,0.40398577689094467,1.0
P01,03,segment_1081,free_movement,2.25,215.0,0.4329776513084872,1.356
P01,03,segment_1082,carrying,2.25,325.0,0.7533894525726593,1.1215
P01,03,segment_1083,free_movement,6.0,-5.0,0.6034897813791961,1.2595
P01,03,segment_1087,free_movement,4.25,20.0,0.40799374705794633,1.417
P01,03,segment_1093,free_movement,1.0,245.0,0.49010818612818446,1.066
P01,03,segment_1094,carrying,1.0,310.0,0.30912592900508146,0.962
P01,03,segment_1095,free_movement,2.25,130.0,0.509647368524236,1.3635
P01,03,segment_1098,carrying,0.75,285.0,0.37529157793212514,0.98
P01,03,segment_1099,free_movement,3.0,-15.0,0.45572651055493474,1.1745
P01,03,segment_1100,carrying,3.0,345.0,0.41753778187204077,1.004
P01,03,segment_1101,free_movement,2.0,-15.0,0.6604810906673048,1.1945
P01,03,segment_1102,carrying,2.0,295.0,0.6208170909321026,0.9135
P01,03,segment_1103,free_movement,6.0,0.0,0.44107987649281066,1.5025
P01,03,segment_1104,carrying,6.0,-40.0,0.5200941612890891,1.058
P01,03,segment_1105,free_movement,1.0,-35.0,0.6603244108739627,1.0655
P01,03,segment_1109,free_movement,6.0,0.0,0.42511212268763154,1.3075
P01,03,segment_1111,free_movement,2.0,165.0,0.4650579662348171,1.1
P01,03,segment_1112,carrying,2.0,-50.0,0.3930792885893141,1.906
P01,03,segment_1114,carrying,3.0,120.0,0.5168422628503833,0.95
P01,03,segment_1115,free_movement,0.75,5.0,0.47606360926365526,1.36
P01,03,segment_1117,free_movement,2.25,140.0,0.4164883327766561,1.512
P01,03,segment_1119,free_movement,1.0,10.0,0.4185073863359972,1.695
P01,03,segment_1120,carrying,1.0,350.0,0.490668704503565,0.784
P01,03,segment_1121,free_movement,4.25,10.0,0.41080094994022864,1.597
P01,03,segment_1123,free_movement,6.0,125.0,0.42072994603314284,1.026
P01,03,segment_1127,free_movement,3.0,190.0,0.4573762355729658,1.342
P01,03,segment_1131,free_movement,4.25,20.0,0.38334913868551584,1.0975
P01,03,segment_1133,free_movement,2.0,205.0,0.401655670587626,1.291
P01,03,segment_1135,free_movement,0.75,275.0,0.4291913447066712,1.116
P01,03,segment_1137,free_movement,2.25,350.0,0.3188954717978897,1.464
P01,03,segment_1138,carrying,2.25,350.0,0.3363093962603287,0.831
P01,03,segment_1139,free_movement,3.0,10.0,0.5609268573111371,1.232
P01,03,segment_1140,carrying,3.0,250.0,0.3480773668189517,0.816
P01,03,segment_1141,free_movement,6.0,0.0,0.44583030292884,1.2145
P01,03,segment_1143,free_movement,0.75,145.0,0.43137725070109156,1.0445
P01,03,segment_1145,free_movement,2.0,-45.0,0.41388661354924355,1.0635
P01,03,segment_1149,free_movement,1.0,340.0,0.3168389357507496,1.1
P01,03,segment_1156,carrying,2.0,-50.0,0.5474459313752189,0.8575
P01,03,segment_1160,carrying,2.25,-50.0,0.300691690836303,1.174
P01,03,segment_1161,free_movement,4.25,-40.0,0.5683004112511647,1.775
P01,03,segment_1162,carrying,4.25,-50.0,0.3220747295113047,1.186
P01,03,segment_1163,free_movement,1.0,130.0,0.3301101167687755,1.0605
P01,03,segment_1164,carrying,1.0,-35.0,0.4316080531668133,1.5225
P01,03,segment_1165,free_movement,6.0,340.0,0.32564792111258456,1.4305
P01,03,segment_1167,free_movement,3.0,-15.0,0.44620809006828427,1.102
P01,03,segment_1168,carrying,3.0,-50.0,0.3102881756476312,1.168
P01,03,segment_1169,free_movement,1.0,145.0,0.4406855392808678,0.9035
P01,03,segment_1170,carrying,1.0,305.0,0.4375544837760747,0.8405
P01,03,segment_1171,free_movement,0.75,10.0,0.6149935707599538,1.057
P01,03,segment_1172,carrying,0.75,255.0,0.5227008468196462,0.838
P01,03,segment_1173,free_movement,2.0,110.0,0.5552011274591633,0.747
P01,03,segment_1175,free_movement,4.25,160.0,0.4205758256291565,1.0555
P01,03,segment_1177,free_movement,2.25,215.0,0.33453359030149954,1.9205
P01,03,segment_1178,carrying,2.25,95.0,0.51686416614393,1.3765
P01,03,segment_1181,free_movement,6.0,70.0,0.36877584951804104,1.442
P01,03,segment_1182,carrying,6.0,-50.0,0.4563501608625885,0.76
P01,03,segment_1185,free_movement,4.25,0.0,0.5471456906947657,1.773
P01,03,segment_1191,free_movement,1.0,135.0,0.3568181424989145,1.1925
P01,03,segment_1193,free_movement,6.0,5.0,0.37863429060241166,1.4045
P01,03,segment_1197,free_movement,4.25,50.0,0.3235488905013146,1.195
P01,03,segment_1199,free_movement,2.25,260.0,0.3718890269011752,1.4295
P01,03,segment_1202,carrying,1.0,300.0,0.4169379130963213,0.9995
P01,03,segment_1203,free_movement,2.0,145.0,0.4855065849342148,1.188
P01,03,segment_1206,carrying,3.0,-35.0,0.37420096434815453,1.147
P01,03,segment_1207,free_movement,2.0,-10.0,0.6354033664331473,1.2
P01,03,segment_1211,free_movement,0.75,80.0,0.31278629411696396,1.094
P01,03,segment_1212,carrying,0.75,300.0,0.4015644381886622,0.799
P01,03,segment_1213,free_movement,6.0,0.0,0.34657758735032623,2.092
P01,03,segment_1215,free_movement,1.0,-50.0,0.3618327467040217,0.9765
P01,03,segment_1216,carrying,1.0,-50.0,0.42739100475834585,1.171
P01,03,segment_1217,free_movement,4.25,10.0,0.48985319184890624,1.0535
P01,03,segment_1219,free_movement,3.0,195.0,0.3038308850474782,2.1585
P01,03,segment_1221,free_movement,4.25,215.0,0.5284535595040298,1.4805
P01,03,segment_1223,free_movement,2.0,145.0,0.3978224846271905,1.265
P01,03,segment_1225,free_movement,6.0,10.0,0.5452597514392119,1.598
P01,03,segment_1227,free_movement,3.0,60.0,0.36976285622898813,1.1785
P01,03,segment_1231,free_movement,0.75,40.0,0.5383631729644491,0.907
P01,03,segment_1232,carrying,0.75,-50.0,0.32445592460766226,1.107
P01,03,segment_1233,free_movement,1.0,215.0,0.4267143785578044,1.396
P01,03,segment_1234,carrying,1.0,-35.0,0.47088123667099463,0.963
P01,03,segment_1235,free_movement,4.25,305.0,0.340785254868045,1.6355
P01,03,segment_1236,carrying,4.25,-50.0,0.3349392761619474,1.1715
P01,03,segment_1238,carrying,1.0,285.0,0.6107684159645714,0.835
P01,03,segment_1242,carrying,2.0,-45.0,0.46608415234540407,1.3765
P01,03,segment_1243,free_movement,3.0,5.0,0.47402301428086235,1.504
P01,03,segment_1244,carrying,3.0,125.0,0.31156670422696614,1.304
P01,03,segment_1246,carrying,0.75,310.0,0.3255042258958194,0.9655
P01,03,segment_1247,free_movement,6.0,-30.0,0.42846136359177567,1.175
P01,03,segment_1248,carrying,6.0,220.0,0.30163014381474723,1.1955
P01,03,segment_1249,free_movement,1.0,5.0,0.5579071317398624,1.329
P01,03,segment_1250,carrying,1.0,-5.0,0.35976420434488743,1.38
P01,03,segment_1251,free_movement,2.0,110.0,0.5292817650587617,1.736
P01,03,segment_1255,free_movement,4.25,45.0,0.7943911129063482,2.2385
P01,03,segment_1257,free_movement,2.25,110.0,0.36653193501709114,1.6845
P01,03,segment_1258,carrying,2.25,295.0,0.4647248959565616,1.209
P01,03,segment_1259,free_movement,6.0,0.0,0.4484450744562831,1.466
P01,03,segment_1260,carrying,6.0,25.0,0.3855249571029291,1.633
P01,03,segment_1262,carrying,0.75,-45.0,0.5856658713195679,0.9145
P01,03,segment_1263,free_movement,3.0,180.0,0.48949299884594366,1.372
P01,03,segment_1265,free_movement,4.25,5.0,0.3795050944500579,1.851
P01,03,segment_1266,carrying,4.25,-30.0,0.3076395073851093,1.038
P01,03,segment_1267,free_movement,2.25,240.0,0.47837608607211285,1.047
P01,03,segment_1269,free_movement,2.0,0.0,0.42164861335879544,1.1145
P01,03,segment_1270,carrying,2.0,165.0,0.39926495669279655,0.7685
P01,03,segment_1271,free_movement,1.0,-40.0,0.5627154867917837,0.917
P01,03,segment_1272,carrying,1.0,240.0,0.5047067422959325,0.843
P01,03,segment_1273,free_movement,6.0,90.0,0.5753365676524773,1.0415
P01,03,segment_1275,free_movement,0.75,5.0,0.4778320627535174,1.014
P01,03,segment_1276,carrying,0.75,-50.0,0.33706005951387086,0.7795
P01,03,segment_1277,free_movement,6.0,225.0,0.5407365333305523,1.0755
P01,03,segment_1279,free_movement,4.25,20.0,0.3109219420293049,1.0735
P01,03,segment_1281,free_movement,1.0,185.0,0.5177397942232205,1.2135
P01,03,segment_1282,carrying,1.0,-50.0,0.5762185758708929,1.1745
P01,03,segment_1283,free_movement,0.75,-15.0,0.6131656373173915,1.0135
P01,03,segment_1284,carrying,0.75,280.0,0.4609122726441796,0.968
P01,03,segment_1285,free_movement,2.25,350.0,0.30671611793339515,1.24
P01,03,segment_1287,free_movement,2.0,125.0,0.3025105335630876,0.8685
P01,03,segment_1289,free_movement,3.0,25.0,0.5267002208520195,1.4015
P01,03,segment_1290,carrying,3.0,-15.0,0.35301584698104244,0.931
P01,03,segment_1293,free_movement,1.0,205.0,0.5351889944257453,1.6335
P01,03,segment_1294,carrying,1.0,350.0,0.30980054991916967,1.15
P01,03,segment_1295,free_movement,4.25,0.0,0.37975846796570034,1.3035
P01,03,segment_1299,free_movement,2.25,200.0,0.7034294770142729,0.99
P01,03,segment_1301,free_movement,3.0,10.0,0.4948683881954531,1.036
P01,03,segment_1307,free_movement,2.0,-10.0,0.3611727941312327,1.098
P01,03,segment_1308,carrying,2.0,175.0,0.31104657514518963,1.26
P01,03,segment_1309,free_movement,3.0,40.0,0.5104488287436563,1.079
P01,03,segment_1311,free_movement,6.0,20.0,0.4430803330926059,1.276
P01,03,segment_1315,free_movement,1.0,-25.0,0.4736771662844974,0.8615
P01,03,segment_1317,free_movement,0.75,240.0,0.4852364424704567,1.35
P01,03,segment_1320,carrying,6.0,270.0,0.641383765457458,1.091
P01,03,segment_1321,free_movement,3.0,45.0,0.5102864725582722,1.3955
P01,03,segment_1323,free_movement,0.75,290.0,0.3375381288882964,1.393
P01,03,segment_1324,carrying,0.75,350.0,0.3304055339913235,1.228
P01,03,segment_1325,free_movement,2.0,10.0,0.5081114494190149,1.122
P01,03,segment_1327,free_movement,4.25,205.0,0.48160517838860445,1.5855
P01,03,segment_1329,free_movement,1.0,0.0,0.5817203764405464,1.1815
P01,03,segment_1330,carrying,1.0,325.0,0.4937852733670508,0.8245
P01,03,segment_1331,free_movement,2.25,345.0,0.6239376394158859,1.21
P01,03,segment_1332,carrying,2.25,335.0,0.41132055643515264,1.136
P01,03,segment_1333,free_movement,4.25,0.0,0.6070164822770622,1.6015
P01,03,segment_1336,carrying,2.0,350.0,0.4316425649751002,0.8505
P01,03,segment_1337,free_movement,3.0,-35.0,0.4771861462843613,0.85
P01,03,segment_1339,free_movement,6.0,260.0,0.3666972847108854,1.361
P01,03,segment_1340,carrying,6.0,-15.0,0.44299228898872567,0.8895
P01,03,segment_1341,free_movement,2.25,200.0,0.3039448570966221,1.373
P01,03,segment_1343,free_movement,1.0,10.0,0.36486410051046886,1.203
P01,03,segment_1344,carrying,1.0,50.0,0.3355270154186387,1.2185
P01,03,segment_1345,free_movement,0.75,95.0,0.3768631558297167,1.51
P01,03,segment_1347,free_movement,6.0,15.0,0.3886585323430942,0.9955
P01,03,segment_1348,carrying,6.0,350.0,0.37276606743296753,0.8915
P01,03,segment_1349,free_movement,1.0,-10.0,0.4210930474635628,1.4725
P01,03,segment_1350,carrying,1.0,255.0,0.5194796184593419,0.9605
P01,03,segment_1351,free_movement,3.0,0.0,0.47963783411619304,1.3175
P01,03,segment_1352,carrying,3.0,-20.0,0.3722474851431025,1.289
P01,03,segment_1353,free_movement,4.25,215.0,0.3720874787784533,1.804
P01,03,segment_1354,carrying,4.25,285.0,0.3552328550848351,1.294
P01,03,segment_1355,free_movement,2.0,-50.0,0.5243863144041484,0.897
P01,03,segment_1358,carrying,2.25,-15.0,0.4317671494577605,1.0535
P01,03,segment_1359,free_movement,0.75,130.0,0.36917076323023756,0.978
P01,03,segment_1361,free_movement,2.25,85.0,0.33058402146255533,1.397
P01,03,segment_1363,free_movement,4.25,15.0,0.40380473608505024,1.4885
P01,03,segment_1365,free_movement,6.0,35.0,0.46061659105261576,1.779
P01,03,segment_1367,free_movement,3.0,35.0,0.5148811326891087,1.1075
P01,03,segment_1369,free_movement,0.75,5.0,0.5084548859552546,1.055
P01,03,segment_1371,free_movement,1.0,25.0,0.3684448508069144,1.091
P01,03,segment_1372,carrying,1.0,335.0,0.4126661687023026,1.171
P01,03,segment_1373,free_movement,2.0,-50.0,0.39118272426755185,1.127
P01,03,segment_1376,carrying,0.75,-30.0,0.46939915503846347,1.045
P01,03,segment_1377,free_movement,4.25,-20.0,0.3042712210450083,1.747
P01,03,segment_1378,carrying,4.25,350.0,0.31153069114640736,1.0375
P01,03,segment_1379,free_movement,2.0,165.0,0.41767217418844127,1.018
P01,03,segment_1380,carrying,2.0,-50.0,0.5209072273530838,1.039
P01,03,segment_1381,free_movement,6.0,220.0,0.3316586726300678,1.399
P01,03,segment_1383,free_movement,1.0,295.0,0.455988238897812,1.29
P01,03,segment_1385,free_movement,2.25,200.0,0.5532210026879335,1.257
P01,03,segment_1386,carrying,2.25,350.0,0.4318107750190298,1.01
P01,03,segment_1387,free_movement,3.0,-15.0,0.4911495117897359,1.042
P01,03,segment_1391,free_movement,1.0,60.0,0.38259905956459916,1.253
P01,03,segment_1393,free_movement,4.25,290.0,0.3284012364959914,1.375
P01,03,segment_1394,carrying,4.25,285.0,0.30615096449617424,0.9855
P01,03,segment_1395,free_movement,3.0,190.0,0.35809457582348914,1.076
P01,03,segment_1396,carrying,3.0,-50.0,0.3721828910017367,1.018
P01,03,segment_1397,free_movement,2.25,350.0,0.4774207779489645,1.903
P01,03,segment_1400,carrying,0.75,265.0,0.4691849062664107,0.8695
P01,03,segment_1401,free_movement,2.0,335.0,0.4227900568903373,1.322
P01,03,segment_1403,free_movement,6.0,25.0,0.3200184052391695,1.1835
P01,03,segment_1404,carrying,6.0,-45.0,0.392598553512635,1.2445
P01,03,segment_1407,free_movement,3.0,340.0,0.36619575123912373,1.4295
P01,03,segment_1408,carrying,3.0,-50.0,0.34541666306404356,1.2365
P01,03,segment_1410,carrying,4.25,-50.0,0.3981992409750948,0.8545
P01,03,segment_1411,free_movement,2.0,250.0,0.38443966330846435,1.174
P01,03,segment_1412,carrying,2.0,350.0,0.4336251255746952,0.961
P01,03,segment_1413,free_movement,0.75,180.0,0.41097011816927154,1.063
P01,03,segment_1414,carrying,0.75,110.0,0.31754143298664034,1.0745
P01,03,segment_1415,free_movement,2.25,285.0,0.3226625306548171,1.38
P01,03,segment_1416,carrying,2.25,-50.0,0.3040449434335135,0.9945
P01,03,segment_1419,free_movement,1.0,15.0,0.3349982263100952,1.098
P01,03,segment_1420,carrying,1.0,-35.0,0.41677355758765505,0.9045
P01,03,segment_1421,free_movement,3.0,60.0,0.3762655864208625,1.1365
P01,03,segment_1423,free_movement,4.25,25.0,0.5376599990663401,1.174
P01,03,segment_1425,free_movement,6.0,0.0,0.7180972914155093,1.0945
P01,03,segment_1427,free_movement,2.0,35.0,0.41095177497607244,1.0455
P01,03,segment_1428,carrying,2.0,-50.0,0.3738934797445443,1.024
P01,03,segment_1429,free_movement,2.25,145.0,0.5269162487547178,1.1675
P01,03,segment_1430,carrying,2.25,115.0,0.31233509606263044,0.9245
P01,03,segment_1431,free_movement,2.0,10.0,0.6033160751411262,1.001
P01,03,segment_1433,free_movement,2.25,85.0,0.38083475193136834,1.206
P01,03,segment_1435,free_movement,6.0,-20.0,0.5816081328041472,0.937
P01,03,segment_1437,free_movement,1.0,45.0,0.3127843150447124,0.84
P01,03,segment_1440,carrying,0.75,45.0,0.49712688959174833,1.1675
P01,03,segment_1441,free_movement,4.25,270.0,0.38004648852653106,1.487
P01,03,segment_1443,free_movement,3.0,155.0,0.31807246692583546,1.684
P01,03,segment_1447,free_movement,0.75,10.0,0.5934666383884617,1.117
P01,03,segment_1448,carrying,0.75,280.0,0.44980489933581874,0.8285
P01,03,segment_1451,free_movement,2.25,140.0,0.4266610779896913,1.411
P01,03,segment_1452,carrying,2.25,-25.0,0.3684516404314469,1.117
P01,03,segment_1453,free_movement,4.25,10.0,0.6298213490238153,1.5175
P01,03,segment_1455,free_movement,2.0,195.0,0.46803105935844724,1.067
P01,03,segment_1457,free_movement,6.0,15.0,0.5907344853768507,1.103
P01,03,segment_1459,free_movement,2.0,255.0,0.3503775639731645,0.978
P01,03,segment_1460,carrying,2.0,-50.0,0.40484029163894786,0.8445
P01,03,segment_1463,free_movement,1.0,315.0,0.44470390498645784,1.003
P01,03,segment_1464,carrying,1.0,-50.0,0.40602074223294754,1.012
P01,03,segment_1465,free_movement,3.0,125.0,0.47566730045970596,1.0775
P01,03,segment_1468,carrying,2.25,330.0,0.3020494354443051,0.972
P01,03,segment_1469,free_movement,0.75,-10.0,0.41945941020006733,0.751
P01,03,segment_1470,carrying,0.75,265.0,0.32869962916146644,0.7335
P01,03,segment_1471,free_movement,4.25,-10.0,0.415735424043883,1.3395
P01,03,segment_1474,carrying,4.25,-50.0,0.4046233422887194,1.2235
P01,03,segment_1477,free_movement,2.0,20.0,0.49687888022907706,1.082
P01,03,segment_1478,carrying,2.0,135.0,0.45122456904445907,0.9115
P01,03,segment_1479,free_movement,0.75,200.0,0.3211679588297976,1.3105
P01,03,segment_1480,carrying,0.75,-35.0,0.5046675792481936,1.021
P01,03,segment_1481,free_movement,6.0,50.0,0.6619667234799829,1.1695
P01,03,segment_1485,free_movement,1.0,110.0,0.3904166693360916,0.95
P01,03,segment_1487,free_movement,3.0,10.0,0.3530543595411022,1.262
P01,03,segment_1488,carrying,3.0,-15.0,0.33621319292513496,1.078
P01,03,segment_1489,free_movement,1.0,85.0,0.5125209233274023,1.11
P01,03,segment_1494,carrying,0.75,285.0,0.41442298148872186,0.881
P01,03,segment_1495,free_movement,2.25,5.0,0.34416538123220597,1.501
P01,03,segment_1496,free_movement,2.25,235.0,0.5185319061032565,1.3355
P01,03,segment_1497,carrying,2.25,-10.0,0.6275270073814089,1.431
P01,03,segment_1498,free_movement,1.0,10.0,0.4996161566916889,1.1645
P01,03,segment_1499,carrying,1.0,-45.0,0.5373487189027574,0.8215
P01,03,segment_1500,free_movement,2.0,80.0,0.3863314689179768,1.408
P01,03,segment_1501,carrying,2.0,-50.0,0.46651033859293517,0.9865
P01,03,segment_1503,carrying,3.0,-50.0,0.3178233697051212,1.1115
P01,03,segment_1505,carrying,0.75,270.0,0.47664343957612965,0.8855
P01,03,segment_1508,free_movement,6.0,-5.0,0.5963905942080914,0.942
P01,03,segment_1509,carrying,6.0,-35.0,0.4200651858977604,0.802
P01,03,segment_1512,free_movement,1.0,-40.0,0.3591599341124026,1.184
P01,03,segment_1513,carrying,1.0,75.0,0.3991968503331532,0.7905
P01,03,segment_1514,free_movement,0.75,95.0,0.45749253540628426,1.016
P01,03,segment_1515,carrying,0.75,350.0,0.45324164849648013,0.9055
P01,03,segment_1516,free_movement,3.0,250.0,0.366178967665677,1.0065
P01,03,segment_1520,free_movement,2.25,-50.0,0.3386377617500586,1.3595
P01,03,segment_1522,free_movement,2.0,15.0,0.6665380804420914,1.2365
P01,03,segment_1524,free_movement,2.0,40.0,0.43817696889939334,1.248
P01,03,segment_1528,free_movement,3.0,100.0,0.5117331184382125,1.025
P01,03,segment_1530,free_movement,1.0,0.0,0.6177085528790422,1.114
P01,03,segment_1531,carrying,1.0,-50.0,0.41621515692706923,0.9245
P01,03,segment_1532,free_movement,0.75,10.0,0.7084818265746243,1.2375
P01,03,segment_1534,free_movement,6.0,260.0,0.5477480982057453,1.0685
P01,03,segment_1535,carrying,6.0,-50.0,0.3297883112481088,1.1985
P01,03,segment_1536,free_movement,2.25,25.0,0.5002587207730811,1.068
P01,03,segment_1538,free_movement,0.75,295.0,0.5615405684163081,1.0085
P01,03,segment_1539,carrying,0.75,-15.0,0.3913700933745456,0.9755
P01,03,segment_1540,free_movement,2.25,125.0,0.36119573612187383,1.647
P01,03,segment_1541,carrying,2.25,-35.0,0.30083814125721436,1.2975
P01,03,segment_1542,free_movement,2.0,255.0,0.67313754288808,1.1925
P01,03,segment_1543,carrying,2.0,-50.0,0.3416708148436609,1.165
P01,03,segment_1544,free_movement,6.0,-25.0,0.34339929426459026,1.1685
P01,03,segment_1546,free_movement,3.0,270.0,0.4652738009979558,1.134
P01,03,segment_1548,free_movement,4.25,0.0,0.5214822794627793,1.1895
P01,03,segment_1550,free_movement,1.0,200.0,0.46248477827483847,1.3765
P01,03,segment_1551,carrying,1.0,-35.0,0.46619912451866896,1.2355
P01,03,segment_1552,free_movement,1.0,160.0,0.3942985100811789,1.252
P01,03,segment_1555,carrying,0.75,350.0,0.3810623509557619,0.9695
P01,03,segment_1557,carrying,4.25,-15.0,0.46346357688639717,2.345
P01,03,segment_1558,free_movement,6.0,60.0,0.35683708634796774,1.1205
P01,03,segment_1560,free_movement,3.0,-15.0,0.4945909889309517,1.0295
P01,03,segment_1563,carrying,2.0,-50.0,0.5271617207526454,1.184
P01,03,segment_1564,free_movement,2.25,195.0,0.3521883994075227,1.6485
P01,03,segment_1565,carrying,2.25,350.0,0.46178634599699686,0.9625
P01,03,segment_1568,free_movement,1.0,350.0,0.38249283217937147,0.9915
P01,03,segment_1569,carrying,1.0,-20.0,0.42598561658821005,0.958
P01,03,segment_1570,free_movement,3.0,350.0,0.5945929009212303,1.262
P01,03,segment_1572,free_movement,2.0,-5.0,0.5883208821141686,1.0505
P01,03,segment_1573,carrying,2.0,35.0,0.43205385717946837,0.7795
P01,03,segment_1574,free_movement,0.75,250.0,0.47397458557316713,1.226
P01,03,segment_1576,free_movement,2.25,240.0,0.5506756512522158,1.031
P01,03,segment_1577,carrying,2.25,335.0,0.6003328925932927,0.984
P01,03,segment_1578,free_movement,6.0,330.0,0.577518955643343,1.3105
P01,03,segment_1580,free_movement,1.0,100.0,0.45131382006914317,0.8855
P01,03,segment_1581,carrying,1.0,335.0,0.6185094253178122,0.9095
P01,03,segment_1583,carrying,6.0,-50.0,0.4350148988136684,1.0705
P01,03,segment_1584,free_movement,0.75,10.0,0.48434567401921236,1.3055
P01,03,segment_1585,carrying,0.75,-50.0,0.41793953600043793,0.8435
P01,03,segment_1588,free_movement,2.25,310.0,0.4864583455859221,1.1995
P01,03,segment_1592,free_movement,2.0,-50.0,0.5766955371886796,0.994
P01,03,segment_1593,carrying,2.0,295.0,0.5578169773312281,0.864
P01,03,segment_1595,carrying,0.75,295.0,0.5443493921979613,0.9085
P01,03,segment_1596,free_movement,2.0,265.0,0.45504034702727697,1.209
P01,03,segment_1597,carrying,2.0,-50.0,0.44742160353469185,1.2005
P01,03,segment_1600,free_movement,2.25,35.0,0.5239265812740493,1.541
P01,03,segment_1602,free_movement,3.0,205.0,0.5069969045647801,1.102
P01,03,segment_1603,carrying,3.0,-50.0,0.3041732847695456,1.039
P01,03,segment_1604,free_movement,6.0,145.0,0.46921177545063786,1.025
P01,03,segment_1606,free_movement,1.0,235.0,0.36631203076176777,1.1725
P01,03,segment_1607,carrying,1.0,-50.0,0.3004438162505015,1.2145
P01,03,segment_1608,free_movement,2.0,0.0,0.608289664591573,1.065
P01,03,segment_1609,carrying,2.0,350.0,0.4155145560288311,0.9505
P01,03,segment_1610,free_movement,6.0,-25.0,0.5565786979324778,1.268
P01,03,segment_1612,free_movement,2.25,-30.0,0.3424255445256908,1.2775
P01,03,segment_1613,carrying,2.25,265.0,0.323304460685026,1.2165
P01,03,segment_1614,free_movement,0.75,60.0,0.4929203429560177,1.239
P01,03,segment_1616,free_movement,4.25,285.0,0.36867151549120986,1.6375
P01,03,segment_1620,free_movement,3.0,-5.0,0.3404303498007607,1.0475
P01,03,segment_1626,free_movement,1.0,140.0,0.45878037249352865,0.856
P01,03,segment_1627,carrying,1.0,-50.0,0.6023910747569774,0.758
P01,03,segment_1628,free_movement,2.25,160.0,0.41928742240030625,1.126
P01,03,segment_1629,carrying,2.25,205.0,0.3556142497285135,0.992
P01,03,segment_1630,free_movement,4.25,10.0,0.5177624498131037,1.2965
P01,03,segment_1632,free_movement,0.75,350.0,0.3246574448364956,1.074
P01,03,segment_1634,free_movement,6.0,135.0,0.6308072951143887,1.0805
P01,03,segment_1637,carrying,4.25,20.0,0.4957928764392205,0.716
P01,03,segment_1638,free_movement,2.25,315.0,0.30365778391640785,1.204
P01,03,segment_1639,carrying,2.25,110.0,0.528427540945869,1.085
P01,03,segment_1640,free_movement,2.0,-35.0,0.46389148622219045,1.397
P01,03,segment_1642,free_movement,6.0,75.0,0.4530024254613961,1.431
P01,03,segment_1644,free_movement,1.0,-50.0,0.38572451572488425,0.9795
P01,03,segment_1645,carrying,1.0,280.0,0.35061374064712275,0.943
P01,03,segment_1646,free_movement,0.75,205.0,0.4495300571191348,1.175
P01,03,segment_1648,free_movement,3.0,-10.0,0.3871578751894839,0.952
P01,03,segment_1649,carrying,3.0,15.0,0.3850491763364279,0.9865
P01,03,segment_1650,free_movement,2.25,-10.0,0.4988413613834498,1.5835
P01,03,segment_1651,carrying,2.25,260.0,0.31503030761978534,0.7685
P01,03,segment_1652,free_movement,1.0,70.0,0.42039262674514055,0.9815
P01,03,segment_1653,carrying,1.0,-50.0,0.6938980318733566,1.116
P01,03,segment_1654,free_movement,3.0,115.0,0.5014107272642077,1.1745
P01,03,segment_1655,carrying,3.0,135.0,0.37419524127957793,1.1545
P01,03,segment_1656,free_movement,2.0,260.0,0.4168393056351755,1.156
P01,03,segment_1658,free_movement,0.75,5.0,0.3910537205252091,1.132
P01,03,segment_1659,carrying,0.75,0.0,0.6297214082614989,0.9205
P01,03,segment_1660,free_movement,6.0,0.0,0.4480532294351099,1.456
P01,03,segment_1666,free_movement,3.0,75.0,0.5779342854084787,1.0405
P01,03,segment_1667,carrying,3.0,275.0,0.37781806911320925,1.0535
P01,03,segment_1670,free_movement,4.25,0.0,0.4794614216497434,1.6605
P01,03,segment_1672,free_movement,0.75,-45.0,0.5973100654637256,1.0385
P01,03,segment_1673,carrying,0.75,-50.0,0.3564972116168974,1.033
P01,03,segment_1674,free_movement,2.0,55.0,0.4613931199712971,1.097
P01,03,segment_1677,carrying,6.0,-25.0,0.4039223368155406,1.219
P01,03,segment_1680,free_movement,1.0,235.0,0.45242397989247957,1.1495
P01,03,segment_1682,free_movement,6.0,65.0,0.5139674657971154,1.3225
P01,03,segment_1683,carrying,6.0,-50.0,0.4414268556696822,0.8095
P01,03,segment_1685,carrying,4.25,-50.0,0.5065837670973805,1.7895
P01,03,segment_1686,free_movement,2.25,55.0,0.43072195857947443,1.102
P01,03,segment_1692,free_movement,0.75,-50.0,0.6363307465662034,0.977
P01,03,segment_1693,carrying,0.75,295.0,0.4494179645679067,0.8195
P01,03,segment_1694,free_movement,2.25,150.0,0.3780853241975867,0.938
P01,03,segment_1696,free_movement,1.0,95.0,0.6841767364913243,0.9565
P01,03,segment_1698,free_movement,3.0,10.0,0.5755048704801355,0.97
P01,03,segment_1699,carrying,3.0,-50.0,0.3927813474745399,0.8625
P01,03,segment_1700,free_movement,2.0,105.0,0.3974521785401508,0.972
P01,03,segment_1701,carrying,2.0,-50.0,0.6078122965121793,1.0425
P01,03,segment_1702,free_movement,4.25,20.0,0.3557742794861561,1.3595
P01,03,segment_1703,carrying,4.25,195.0,0.3300981902377116,1.0555
P01,03,segment_1704,free_movement,6.0,35.0,0.41621415221527935,1.22
P01,03,segment_1709,carrying,0.75,-50.0,0.35339317601889375,0.777
P01,03,segment_1712,free_movement,4.25,15.0,0.47481139068717937,1.025
P01,03,segment_1716,free_movement,2.0,300.0,0.4471946110899432,1.1735
P01,03,segment_1718,free_movement,1.0,325.0,0.32793540267932064,1.085
P01,03,segment_1719,carrying,1.0,-50.0,0.5482540361109923,1.4075
P01,03,segment_1720,free_movement,3.0,160.0,0.5681111848729683,1.0755
P01,03,segment_1721,carrying,3.0,-50.0,0.44240226783591713,0.9685
P01,03,segment_1723,carrying,2.25,315.0,0.3274286139852382,1.0415
P01,03,segment_1724,free_movement,0.75,205.0,0.5632949541822493,0.9435
P01,03,segment_1725,carrying,0.75,320.0,0.44994383210918315,0.9825
P01,03,segment_1726,free_movement,4.25,325.0,0.47502728334332434,1.362
P01,03,segment_1727,carrying,4.25,-50.0,0.4581507482507686,2.5985
P01,03,segment_1730,free_movement,1.0,85.0,0.6307431613333384,1.201
P01,03,segment_1731,carrying,1.0,320.0,0.5132844271264374,0.967
P01,03,segment_1732,free_movement,6.0,350.0,0.46383661275143934,1.4805
P01,03,segment_1734,free_movement,2.0,30.0,0.3598085010267378,1.1215
P01,03,segment_1735,carrying,2.0,-50.0,0.4926263511079984,1.1825
P01,03,segment_1738,free_movement,3.0,-5.0,0.4286558020536054,1.023
P01,03,segment_1744,free_movement,2.25,250.0,0.40415802753244734,1.1685
P01,03,segment_1745,carrying,2.25,100.0,0.5430536855442414,1.086
P01,03,segment_1746,free_movement,0.75,5.0,0.43124963119395726,1.181
P01,03,segment_1747,carrying,0.75,-10.0,0.5999353432306319,0.861
P01,03,segment_1748,free_movement,2.25,295.0,0.37027214563825683,1.4265
P01,03,segment_1749,carrying,2.25,130.0,0.3157952975502195,1.0765
P01,03,segment_1752,free_movement,2.0,55.0,0.4948047240791646,0.9995
P01,03,segment_1755,carrying,0.75,-25.0,0.425627223197946,0.8315
P01,03,segment_1756,free_movement,3.0,185.0,0.5770572810340766,0.835
P01,03,segment_1761,carrying,6.0,-50.0,0.4424035754085751,0.8415
P01,03,segment_1762,free_movement,0.75,45.0,0.7822665422862694,1.0305
P01,03,segment_1763,carrying,0.75,260.0,0.42435787206178593,1.0895
P01,03,segment_1764,free_movement,2.25,175.0,0.44510538007686734,1.4445
P01,03,segment_1765,carrying,2.25,310.0,0.43507312101979856,0.8445
P01,03,segment_1766,free_movement,1.0,130.0,0.38135802966608107,0.835
P01,03,segment_1767,carrying,1.0,-45.0,0.6961130561063188,0.8285
P01,03,segment_1768,free_movement,3.0,85.0,0.3682195529306811,0.9445
P01,03,segment_1771,carrying,2.0,305.0,0.371369427557168,0.8065
P01,03,segment_1772,free_movement,4.25,10.0,0.34537709685556844,1.1855
P01,03,segment_1775,carrying,6.0,340.0,0.4137428732116617,0.982
P01,03,segment_1776,free_movement,3.0,-20.0,0.6346142532843769,1.1825
P01,03,segment_1780,free_movement,6.0,290.0,0.5539402035903537,1.352
P01,03,segment_1782,free_movement,1.0,40.0,0.35168665131293986,1.1705
P01,03,segment_1783,carrying,1.0,310.0,0.5113913658204225,0.936
P01,03,segment_1784,free_movement,4.25,250.0,0.31287856447673285,0.8755
P01,03,segment_1788,free_movement,2.25,285.0,0.5791981820003802,1.028
P01,03,segment_1790,free_movement,2.0,0.0,0.45178824338723056,1.1595
P01,03,segment_1791,carrying,2.0,320.0,0.42846556319163115,0.9265
P01,03,segment_1792,free_movement,0.75,-50.0,0.631244306500991,1.0635
P01,03,segment_1796,free_movement,4.25,75.0,0.8280328820200601,0.793
P01,03,segment_1797,carrying,4.25,-50.0,0.3832836489490321,0.725
P01,03,segment_1801,carrying,6.0,-50.0,0.348958768779344,1.088
P01,03,segment_1804,free_movement,1.0,-50.0,0.4292749624342552,1.124
P01,03,segment_1806,free_movement,6.0,-15.0,0.6208556599855993,1.264
P01,03,segment_1807,carrying,6.0,50.0,0.3384194913679912,0.946
P01,03,segment_1808,free_movement,2.25,45.0,0.3409100261450623,1.3985
P01,03,segment_1809,carrying,2.25,20.0,0.4053307109866983,1.134
P01,03,segment_1810,free_movement,0.75,10.0,0.5654216929554245,0.882
P01,03,segment_1811,carrying,0.75,75.0,0.562303303953749,0.707
P01,03,segment_1814,free_movement,4.25,-20.0,0.40396292972773445,1.384
P01,03,segment_1816,free_movement,2.0,60.0,0.4331207918531056,1.0425
P01,03,segment_1818,free_movement,3.0,-50.0,0.31378454519595783,0.97
P01,03,segment_1820,free_movement,6.0,30.0,0.4165371548479477,1.2075
P01,03,segment_1825,carrying,1.0,-5.0,0.4534399282100373,0.7025
P01,03,segment_1828,free_movement,2.0,200.0,0.4728342223203333,1.104
P01,03,segment_1830,free_movement,2.25,95.0,0.3160497530605903,1.619
P01,03,segment_1832,free_movement,2.25,125.0,0.4648470566277088,1.2075
P01,03,segment_1833,carrying,2.25,185.0,0.31812563964343576,0.966
P01,03,segment_1834,free_movement,6.0,25.0,0.344154627680066,1.0055
P01,03,segment_1838,free_movement,3.0,-20.0,0.37651053666188755,1.0505
P01,03,segment_1839,carrying,3.0,280.0,0.3120722225654083,0.8265
P01,03,segment_1840,free_movement,2.0,240.0,0.410812031888867,1.223
P01,03,segment_1842,free_movement,0.75,-50.0,0.44370272877869027,0.7345
P01,03,segment_1844,free_movement,1.0,235.0,0.4554487919956809,1.245
P01,03,segment_1845,carrying,1.0,70.0,0.5107214396082068,1.5215
P01,03,segment_1848,free_movement,0.75,190.0,0.6064476123848258,1.0775
P01,03,segment_1849,carrying,0.75,-50.0,0.45777569597273254,1.0895
P01,03,segment_1850,free_movement,4.25,40.0,0.5170165337620922,1.6035
P01,03,segment_1852,free_movement,6.0,250.0,0.37298661141437306,1.2
P01,03,segment_1856,free_movement,3.0,0.0,0.6190959779602623,1.2575
P01,03,segment_1858,free_movement,2.0,145.0,0.376989696539832,1.276
P01,03,segment_1859,carrying,2.0,60.0,0.3468858878779492,0.894
P01,03,segment_1860,free_movement,4.25,-10.0,0.39259820538496254,1.682
P01,03,segment_1861,carrying,4.25,320.0,0.3328636947224535,2.832
P01,03,segment_1862,free_movement,6.0,35.0,0.3972251372655204,1.226
P01,03,segment_1864,free_movement,2.25,-30.0,0.4215353189178124,1.2435
P01,03,segment_1866,free_movement,2.0,270.0,0.34976732902856933,1.202
P01,03,segment_1867,carrying,2.0,-45.0,0.6616070309907114,0.7665
P01,03,segment_1870,free_movement,0.75,245.0,0.5221994389478173,1.2865
P01,03,segment_1872,free_movement,1.0,115.0,0.570817962705441,1.062
P01,03,segment_1873,carrying,1.0,-50.0,0.40235650461245276,1.5465
P01,03,segment_1875,carrying,0.75,25.0,0.7533785456662646,0.8505
P01,03,segment_1881,carrying,4.25,-50.0,0.3553846228509242,1.1205
P01,03,segment_1884,free_movement,6.0,230.0,0.3309178319244519,1.2955
P01,03,segment_1888,free_movement,2.25,45.0,0.4519378401576867,1.679
P01,03,segment_1890,free_movement,3.0,-50.0,0.5036108582511234,1.3685
P01,03,segment_1893,carrying,6.0,35.0,0.3816123772027398,0.848
P01,03,segment_1894,free_movement,2.0,-20.0,0.35419011293136954,1.075
P01,03,segment_1898,free_movement,0.75,120.0,0.3520879347326247,1.1355
P01,03,segment_1900,free_movement,4.25,10.0,0.4521495756636206,1.4125
P01,03,segment_1902,free_movement,2.25,115.0,0.4506141747620069,1.6975
P01,03,segment_1904,free_movement,6.0,350.0,0.30836637830744595,1.1695
P01,03,segment_1908,free_movement,0.75,-50.0,0.6096437223629625,1.2375
P01,03,segment_1910,free_movement,2.0,10.0,0.4210638173645057,0.828
P01,03,segment_1912,free_movement,3.0,25.0,0.48236023235057957,1.1085
P01,03,segment_1913,carrying,3.0,-50.0,0.41867099307287514,1.1505
P01,03,segment_1914,free_movement,4.25,0.0,0.5602593605061488,1.4025
P01,03,segment_1916,free_movement,2.25,90.0,0.5657514549111601,1.028
P01,03,segment_1917,carrying,2.25,95.0,0.4275264840047917,0.9775
P01,03,segment_1918,free_movement,4.25,20.0,0.392396836421111,1.2985
P01,03,segment_1920,free_movement,1.0,180.0,0.6643323426061768,0.987
P01,03,segment_1921,carrying,1.0,70.0,0.5215515834546419,1.2585
P01,03,segment_1922,free_movement,6.0,10.0,0.5811785785219719,1.5015
P01,03,segment_1924,free_movement,3.0,5.0,0.46975495919558796,1.3375
P01,03,segment_1926,free_movement,0.75,175.0,0.4583644040939835,1.221
P01,03,segment_1927,carrying,0.75,130.0,0.5086542536754757,1.043
P01,03,segment_1930,free_movement,3.0,35.0,0.3831185066635928,0.8205
P01,03,segment_1932,free_movement,0.75,115.0,0.3245312274354178,0.9975
P01,03,segment_1933,carrying,0.75,215.0,0.6221622356571964,0.9885
P01,03,segment_1934,free_movement,2.0,25.0,0.547901931440476,0.912
P01,03,segment_1935,carrying,2.0,-15.0,0.31489924975854455,0.856
P01,03,segment_1936,free_movement,4.25,-50.0,0.34672550405362224,1.134
P01,03,segment_1941,carrying,1.0,-25.0,0.3685825275430146,1.018
P01,03,segment_1942,free_movement,6.0,350.0,0.3537673305643633,1.317
P01,03,segment_1943,carrying,6.0,350.0,0.39213607937250544,2.2305
P01,03,segment_1944,free_movement,0.75,85.0,0.4061541804830546,1.0435
P01,03,segment_1946,free_movement,3.0,185.0,0.4348457011757601,1.0145
P01,03,segment_1948,free_movement,2.25,325.0,0.3894682813438681,1.5105
P01,03,segment_1949,carrying,2.25,165.0,0.4733629465869949,0.9505
P01,03,segment_1952,free_movement,2.0,145.0,0.49564503756082684,0.885
P01,03,segment_1954,free_movement,1.0,-30.0,0.35240639936603446,0.943
P01,03,segment_1955,carrying,1.0,320.0,0.5556746685232826,1.04
P01,03,segment_1956,free_movement,4.25,220.0,0.4159545987043196,0.997
P01,03,segment_1957,carrying,4.25,320.0,0.40887713616499055,1.1875
P01,03,segment_1958,free_movement,6.0,-50.0,0.5774942599483562,1.0925
P01,03,segment_1960,free_movement,2.25,235.0,0.5178430048657686,1.595
P01,03,segment_1961,carrying,2.25,115.0,0.5587320835852939,1.131
P01,03,segment_1962,free_movement,2.0,10.0,0.47643613443754484,1.3085
P01,03,segment_1963,carrying,2.0,-50.0,0.7024325015898508,0.94
P01,03,segment_1965,carrying,4.25,-40.0,0.39889273231842287,1.1455
P01,03,segment_1966,free_movement,3.0,15.0,0.3887492696730412,1.405
P01,03,segment_1967,carrying,3.0,35.0,0.30459237090213126,0.96
P01,03,segment_1969,carrying,1.0,45.0,0.4076890990605955,1.525
P01,03,segment_1971,carrying,0.75,20.0,0.3931768676953494,0.9115
P01,03,segment_1972,free_movement,2.25,175.0,0.30518601301485837,1.2845
P01,03,segment_1974,free_movement,4.25,-40.0,0.38790941857426964,1.1715
P01,03,segment_1978,free_movement,0.75,130.0,0.5485207356383315,0.942
P01,03,segment_1982,free_movement,3.0,-15.0,0.5110155721751803,0.8145
P01,03,segment_1984,free_movement,6.0,10.0,0.3794712929755486,0.7555
P01,03,segment_1987,carrying,2.0,-40.0,0.6874604946419058,0.729
P01,03,segment_1988,free_movement,3.0,260.0,0.33911021162447774,0.748
P01,03,segment_1992,free_movement,1.0,350.0,0.4643218462917077,1.1225
P01,03,segment_1994,free_movement,2.25,345.0,0.3597825106118425,1.28
P02,01,segment_0000,free_movement,4.25,0.0,0.5377734873711381,6.4395
P02,01,segment_0002,free_movement,6.0,170.0,0.5114021778186417,2.4425
P02,01,segment_0003,carrying,6.0,165.0,0.32867912760567297,1.0575
P02,01,segment_0004,free_movement,2.25,-10.0,0.5140559211830631,1.755
P02,01,segment_0008,free_movement,2.0,-5.0,0.35319877109695064,1.372
P02,01,segment_0012,free_movement,1.0,290.0,0.3724184178624779,1.584
P02,01,segment_0014,free_movement,6.0,5.0,0.696951863275994,1.4635
P02,01,segment_0015,carrying,6.0,-50.0,0.3619942567744256,1.679
P02,01,segment_0016,free_movement,4.25,0.0,0.6913404852874693,1.65
P02,01,segment_0018,free_movement,0.75,-5.0,0.5041114223469526,2.0085
P02,01,segment_0019,carrying,0.75,335.0,0.36721470584281185,1.172
P02,01,segment_0020,free_movement,2.25,5.0,0.4167058896435146,2.369
P02,01,segment_0022,free_movement,2.0,0.0,0.6788233247743489,2.262
P02,01,segment_0024,free_movement,3.0,-10.0,0.44729228678911753,1.4255
P02,01,segment_0025,carrying,3.0,-50.0,0.35517275567072903,1.0055
P02,01,segment_0026,free_movement,1.0,310.0,0.3226814871220335,1.8395
P02,01,segment_0028,free_movement,2.25,10.0,0.6254467606153175,1.681
P02,01,segment_0030,free_movement,4.25,5.0,0.706692796644399,1.8405
P02,01,segment_0032,free_movement,0.75,-50.0,0.5360780903839429,2.3535
P02,01,segment_0033,carrying,0.75,335.0,0.5257418535113966,1.1335
P02,01,segment_0034,free_movement,2.0,0.0,0.5487459080018554,3.8655
P02,01,segment_0036,free_movement,6.0,0.0,0.629784545859877,2.174
P02,01,segment_0037,carrying,6.0,330.0,0.4807047171383099,1.324
P02,01,segment_0038,free_movement,1.0,-5.0,0.5040153239618423,1.6805
P02,01,segment_0040,free_movement,3.0,5.0,0.6813552645502188,1.369
P02,01,segment_0042,free_movement,1.0,0.0,0.5127007355123289,1.502
P02,01,segment_0044,free_movement,2.0,-30.0,0.4566234195959872,1.7735
P02,01,segment_0046,free_movement,4.25,15.0,0.5258584890669403,1.9685
P02,01,segment_0047,carrying,4.25,-45.0,0.4342134623423485,1.542
P02,01,segment_0048,free_movement,6.0,45.0,0.608508137970499,1.994
P02,01,segment_0050,free_movement,0.75,245.0,0.445475931286433,1.2745
P02,01,segment_0054,free_movement,2.25,0.0,0.5880364287124367,1.4735
P02,01,segment_0055,carrying,2.25,-40.0,0.44347986758560287,1.376
P02,01,segment_0056,free_movement,2.0,-50.0,0.5161261338378771,1.67
P02,01,segment_0058,free_movement,2.25,10.0,0.4589675763128078,1.7075
P02,01,segment_0060,free_movement,1.0,270.0,0.6117672991431257,1.6945
P02,01,segment_0061,carrying,1.0,-25.0,0.5249242146640136,1.302
P02,01,segment_0062,free_movement,3.0,290.0,0.4806994665041333,1.2945
P02,01,segment_0063,carrying,3.0,-50.0,0.31645095923388933,1.3735
P02,01,segment_0064,free_movement,0.75,245.0,0.501778985783028,1.439
P02,01,segment_0065,carrying,0.75,-50.0,0.49213018626024085,1.193
P02,01,segment_0066,free_movement,4.25,65.0,0.4964006909692493,2.3105
P02,01,segment_0067,carrying,4.25,205.0,0.43400449017008147,1.4625
P02,01,segment_0068,free_movement,6.0,20.0,0.6138133636567413,1.3985
P02,01,segment_0069,carrying,6.0,230.0,0.5665200446807803,0.912
P02,01,segment_0070,free_movement,4.25,-20.0,0.7828176997189594,1.4715
P02,01,segment_0074,free_movement,1.0,-15.0,0.6652458120268511,1.573
P02,01,segment_0077,carrying,0.75,330.0,0.36756665432769897,1.264
P02,01,segment_0080,free_movement,2.0,-30.0,0.38999473425793185,1.2335
P02,01,segment_0082,free_movement,6.0,5.0,0.6022997414251164,2.053
P02,01,segment_0083,carrying,6.0,-30.0,0.3739062567639451,1.7135
P02,01,segment_0084,free_movement,2.0,-5.0,0.7319120581069254,1.681
P02,01,segment_0086,free_movement,6.0,-5.0,0.5867791327605579,1.4965
P02,01,segment_0088,free_movement,2.25,80.0,0.5974268933890425,1.455
P02,01,segment_0089,carrying,2.25,-30.0,0.3361763986005071,1.1165
P02,01,segment_0090,free_movement,4.25,35.0,0.38370936951300133,1.8665
P02,01,segment_0092,free_movement,0.75,-20.0,0.45767029881570054,1.646
P02,01,segment_0094,free_movement,1.0,-45.0,0.34221262805610897,1.3005
P02,01,segment_0095,carrying,1.0,-50.0,0.3493766229580704,0.897
P02,01,segment_0096,free_movement,3.0,0.0,0.3927981491619366,1.342
P02,01,segment_0097,carrying,3.0,350.0,0.4534775049587989,1.2685
P02,01,segment_0100,free_movement,6.0,5.0,0.4922318999323147,1.193
P02,01,segment_0101,carrying,6.0,-25.0,0.3631727775700718,1.033
P02,01,segment_0102,free_movement,2.0,0.0,0.8643413120394089,1.9825
P02,01,segment_0104,free_movement,0.75,160.0,0.6361040813240526,1.1645
P02,01,segment_0105,carrying,0.75,-50.0,0.3773677325283831,1.0125
P02,01,segment_0106,free_movement,4.25,25.0,0.4658013090506837,1.7215
P02,01,segment_0108,free_movement,3.0,0.0,0.47532171780551813,1.719
P02,01,segment_0109,carrying,3.0,-30.0,0.3200323412232303,1.36
P02,01,segment_0110,free_movement,2.25,0.0,0.38431061813759126,2.054
P02,01,segment_0112,free_movement,1.0,-5.0,0.38205377799118767,1.23
P02,01,segment_0113,carrying,1.0,-50.0,0.5078801093734677,0.9865
P02,01,segment_0114,free_movement,2.25,10.0,0.5810843448389837,2.8
P02,01,segment_0116,free_movement,4.25,80.0,0.4243701050626823,1.896
P02,01,segment_0117,carrying,4.25,-50.0,0.395431731259099,1.6215
P02,01,segment_0118,free_movement,6.0,-35.0,0.5751789367675073,1.6525
P02,01,segment_0119,carrying,6.0,-50.0,0.38329696442136507,1.026
P02,01,segment_0120,free_movement,0.75,-50.0,0.3765072048431759,0.994
P02,01,segment_0122,free_movement,2.0,305.0,0.38131136095496954,1.408
P02,01,segment_0124,free_movement,3.0,0.0,0.751361197795098,1.166
P02,01,segment_0126,free_movement,3.0,5.0,0.4272704468270936,1.4825
P02,01,segment_0128,free_movement,2.0,5.0,0.5813227637142537,1.506
P02,01,segment_0130,free_movement,0.75,0.0,0.7702208328324879,1.208
P02,01,segment_0132,free_movement,4.25,5.0,0.48416248287697655,1.696
P02,01,segment_0134,free_movement,2.25,250.0,0.4146568066337461,1.7465
P02,01,segment_0135,carrying,2.25,240.0,0.3788913879561338,0.865
P02,01,segment_0136,free_movement,6.0,-25.0,0.36559003118791855,1.3325
P02,01,segment_0138,free_movement,1.0,-35.0,0.7435991707302355,1.529
P02,01,segment_0140,free_movement,1.0,220.0,0.5179602274681366,1.5335
P02,01,segment_0142,free_movement,3.0,5.0,0.45184040923042973,1.463
P02,01,segment_0143,carrying,3.0,-35.0,0.3183591854073764,1.641
P02,01,segment_0144,free_movement,6.0,5.0,0.8235991465240322,1.265
P02,01,segment_0146,free_movement,4.25,5.0,0.5727494880962484,1.472
P02,01,segment_0148,free_movement,2.0,350.0,0.538497022320018,1.278
P02,01,segment_0152,free_movement,2.25,5.0,0.41619528756666335,1.4335
P02,01,segment_0153,carrying,2.25,-25.0,0.45121447236210027,1.4095
P02,01,segment_0155,carrying,4.25,350.0,0.4805691663486478,1.319
P02,01,segment_0156,free_movement,0.75,350.0,0.3726201103328685,1.408
P02,01,segment_0158,free_movement,2.25,85.0,0.3133961761634917,1.1885
P02,01,segment_0160,free_movement,3.0,5.0,0.4310409959469005,1.6905
P02,01,segment_0161,carrying,3.0,-50.0,0.32741901803484197,1.422
P02,01,segment_0162,free_movement,6.0,-20.0,0.49486648263452954,1.257
P02,01,segment_0164,free_movement,2.0,70.0,0.4763213550534441,1.6295
P02,01,segment_0166,free_movement,1.0,200.0,0.5949270162298844,1.155
P02,01,segment_0167,carrying,1.0,-50.0,0.3831876295312476,0.993
P02,01,segment_0168,free_movement,4.25,135.0,0.5126925346695964,1.383
P02,01,segment_0169,carrying,4.25,-50.0,0.45928367431713163,1.0815
P02,01,segment_0170,free_movement,0.75,-15.0,0.383505842211677,1.3865
P02,01,segment_0171,carrying,0.75,295.0,0.3599387645934408,1.116
P02,01,segment_0172,free_movement,3.0,-50.0,0.3487135796977914,1.47
P02,01,segment_0173,carrying,3.0,160.0,0.34126098139398453,0.8185
P02,01,segment_0175,carrying,2.0,-50.0,0.4569595521309617,1.211
P02,01,segment_0176,free_movement,6.0,330.0,0.37406717382063187,1.385
P02,01,segment_0178,free_movement,1.0,190.0,0.5065771585692359,1.3245
P02,01,segment_0179,carrying,1.0,-50.0,0.5182534396743639,1.1155
P02,01,segment_0180,free_movement,2.25,110.0,0.3958431902922907,1.511
P02,01,segment_0181,carrying,2.25,350.0,0.5055314038445612,1.236
P02,01,segment_0182,free_movement,1.0,-50.0,0.3929871045679681,1.514
P02,01,segment_0184,free_movement,2.25,300.0,0.5853068832263822,1.3495
P02,01,segment_0185,carrying,2.25,-50.0,0.35930276884958146,1.4585
P02,01,segment_0186,free_movement,4.25,5.0,0.39356916273402304,1.674
P02,01,segment_0188,free_movement,2.0,-10.0,0.5441680897178331,2.0275
P02,01,segment_0189,carrying,2.0,295.0,0.3860682796999139,1.3895
P02,01,segment_0190,free_movement,3.0,80.0,0.5265180277091559,1.2615
P02,01,segment_0191,carrying,3.0,-50.0,0.3524970483409816,1.2005
P02,01,segment_0192,free_movement,6.0,5.0,0.7609281137027772,1.5995
P02,01,segment_0193,carrying,6.0,-50.0,0.4198795236273922,0.766
P02,01,segment_0194,free_movement,0.75,-5.0,0.6694833770072743,1.395
P02,01,segment_0195,carrying,0.75,350.0,0.6694971016145801,0.808
P02,01,segment_0196,free_movement,2.25,105.0,0.4427014074155291,1.421
P02,01,segment_0197,carrying,2.25,-40.0,0.3480872034368843,1.033
P02,01,segment_0198,free_movement,2.0,350.0,0.5593277483068821,1.4235
P02,01,segment_0199,carrying,2.0,-50.0,0.40128077258969364,2.029
P02,01,segment_0200,free_movement,3.0,0.0,0.4523330510809835,1.983
P02,01,segment_0201,carrying,3.0,325.0,0.4622904007344756,1.271
P02,01,segment_0202,free_movement,6.0,-5.0,0.5017673253613238,1.148
P02,01,segment_0203,carrying,6.0,-50.0,0.47311698230321075,1.0885
P02,01,segment_0204,free_movement,0.75,85.0,0.5004765533936869,1.045
P02,01,segment_0205,carrying,0.75,-40.0,0.41118615568468037,1.276
P02,01,segment_0206,free_movement,4.25,5.0,0.5354115542313184,1.755
P02,01,segment_0208,free_movement,1.0,-5.0,0.5386878238739056,1.8315
P02,01,segment_0209,carrying,1.0,-45.0,0.46507060391463817,1.3455
P02,01,segment_0210,free_movement,6.0,40.0,0.639341548089464,1.4915
P02,01,segment_0211,carrying,6.0,325.0,0.47757674212657897,1.178
P02,01,segment_0212,free_movement,3.0,0.0,0.8035516844041151,1.7165
P02,01,segment_0214,free_movement,0.75,350.0,0.398986692678023,1.417
P02,01,segment_0216,free_movement,1.0,225.0,0.36807021404781604,1.2645
P02,01,segment_0218,free_movement,2.0,340.0,0.4609827333370079,1.096
P02,01,segment_0219,carrying,2.0,110.0,0.3035162892586579,0.9865
P02,01,segment_0220,free_movement,2.25,70.0,0.5264455486382913,1.393
P02,01,segment_0221,carrying,2.25,350.0,0.3932912248946664,1.376
P02,01,segment_0222,free_movement,4.25,5.0,0.6329976960997424,1.718
P02,01,segment_0224,free_movement,1.0,5.0,0.5140127128493689,1.8035
P02,01,segment_0226,free_movement,3.0,0.0,0.5652462246188388,1.299
P02,01,segment_0228,free_movement,2.25,215.0,0.4615959807578503,1.515
P02,01,segment_0230,free_movement,2.0,-10.0,0.38543360194863463,1.174
P02,01,segment_0231,carrying,2.0,-40.0,0.35335746828479336,1.2425
P02,01,segment_0233,carrying,0.75,350.0,0.5467821069587148,1.079
P02,01,segment_0234,free_movement,4.25,-40.0,0.5797043880024247,1.216
P02,01,segment_0236,free_movement,6.0,5.0,0.5315259145220645,1.37
P02,01,segment_0237,carrying,6.0,-50.0,0.451578811866536,1.412
P02,01,segment_0238,free_movement,6.0,5.0,0.6931770941948288,1.3905
P02,01,segment_0240,free_movement,4.25,-10.0,0.5566703703037867,1.3285
P02,01,segment_0242,free_movement,2.25,245.0,0.47213513033814475,1.405
P02,01,segment_0244,free_movement,1.0,-10.0,0.4506027491957549,1.632
P02,01,segment_0245,carrying,1.0,-50.0,0.33553731351338945,1.392
P02,01,segment_0246,free_movement,2.0,335.0,0.5545525689326304,1.1855
P02,01,segment_0250,free_movement,3.0,0.0,0.4396772842996448,1.4535
P02,01,segment_0252,free_movement,4.25,80.0,0.5840033826738875,1.545
P02,01,segment_0253,carrying,4.25,215.0,0.3026167478237429,0.7585
P02,01,segment_0254,free_movement,0.75,0.0,0.4438567999079448,1.5405
P02,01,segment_0255,carrying,0.75,230.0,0.30708548823906506,0.814
P02,01,segment_0256,free_movement,6.0,15.0,0.5827113498547217,1.446
P02,01,segment_0258,free_movement,1.0,-10.0,0.6943125704648055,0.999
P02,01,segment_0259,carrying,1.0,-25.0,0.5424962004571667,0.941
P02,01,segment_0260,free_movement,3.0,270.0,0.5535195319092715,1.2595
P02,01,segment_0263,carrying,2.0,-50.0,0.40102419770503106,1.008
P02,01,segment_0264,free_movement,2.25,260.0,0.5716458921974872,1.2695
P02,01,segment_0266,free_movement,0.75,310.0,0.4686004314971677,1.1525
P02,01,segment_0267,carrying,0.75,-25.0,0.35204653652839024,1.088
P02,01,segment_0268,free_movement,6.0,-45.0,0.47183790170041207,1.117
P02,01,segment_0269,carrying,6.0,350.0,0.33799166489232696,1.191
P02,01,segment_0270,free_movement,2.25,-10.0,0.5424328214931263,1.4525
P02,01,segment_0272,free_movement,1.0,5.0,0.5626243680326235,1.2515
P02,01,segment_0276,free_movement,3.0,10.0,0.6115850126105,1.3975
P02,01,segment_0278,free_movement,4.25,-5.0,0.4212575903662068,1.457
P02,01,segment_0280,free_movement,1.0,0.0,0.7075367937955681,2.0365
P02,01,segment_0282,free_movement,3.0,240.0,0.47223528611184656,1.3825
P02,01,segment_0283,carrying,3.0,-50.0,0.31871151053986524,1.383
P02,01,segment_0284,free_movement,0.75,-5.0,0.40496269711956895,1.2135
P02,01,segment_0285,carrying,0.75,-50.0,0.36602100858952324,1.1235
P02,01,segment_0286,free_movement,6.0,25.0,0.5719341084443165,1.386
P02,01,segment_0288,free_movement,2.0,-15.0,0.6813891180670935,1.26
P02,01,segment_0290,free_movement,2.25,115.0,0.5845315302904744,1.8115
P02,01,segment_0292,free_movement,4.25,65.0,0.5150505718066589,1.6615
P02,01,segment_0294,free_movement,2.0,0.0,0.7852086729907034,2.1275
P02,01,segment_0295,carrying,2.0,275.0,0.5081243414181532,0.9755
P02,01,segment_0296,free_movement,3.0,-50.0,0.36903957534579734,1.365
P02,01,segment_0297,carrying,3.0,-50.0,0.3153089192635351,1.3355
P02,01,segment_0299,carrying,2.25,20.0,0.4457602554705082,1.168
P02,01,segment_0301,carrying,0.75,-50.0,0.38118926588017743,1.5345
P02,01,segment_0302,free_movement,1.0,340.0,0.4940556431256747,1.5025
P02,01,segment_0303,carrying,1.0,-50.0,0.3566342033835713,1.258
P02,01,segment_0304,free_movement,6.0,85.0,0.45656040555997723,1.56
P02,01,segment_0305,carrying,6.0,230.0,0.3543185106749124,1.1295
P02,01,segment_0306,free_movement,4.25,-15.0,0.7458112526660212,1.316
P02,01,segment_0307,carrying,4.25,275.0,0.37065413897637906,0.9545
P02,01,segment_0308,free_movement,2.25,10.0,0.706408964756635,1.27
P02,01,segment_0310,free_movement,2.0,5.0,0.5403006296962364,1.2835
P02,01,segment_0312,free_movement,6.0,30.0,0.5286970365351027,1.5085
P02,01,segment_0313,carrying,6.0,235.0,0.637462248384275,0.938
P02,01,segment_0314,free_movement,0.75,-10.0,0.5274133207483797,1.012
P02,01,segment_0315,carrying,0.75,-50.0,0.33223277544310603,1.275
P02,01,segment_0316,free_movement,3.0,10.0,0.6480830103874476,1.2405
P02,01,segment_0318,free_movement,1.0,200.0,0.4550588342086674,0.874
P02,01,segment_0319,carrying,1.0,-35.0,0.3860998257458325,1.174
P02,01,segment_0320,free_movement,4.25,195.0,0.5647138474535703,1.344
P02,01,segment_0322,free_movement,6.0,0.0,0.5467682976503607,1.1375
P02,01,segment_0323,carrying,6.0,-50.0,0.47441965778491185,1.2495
P02,01,segment_0324,free_movement,2.0,-5.0,0.49874251232099426,1.815
P02,01,segment_0325,carrying,2.0,-50.0,0.4189033429339055,1.319
P02,01,segment_0326,free_movement,0.75,245.0,0.42985646508957837,0.917
P02,01,segment_0327,carrying,0.75,330.0,0.5136247827963145,0.918
P02,01,segment_0328,free_movement,4.25,0.0,0.515784928537577,1.3775
P02,01,segment_0329,carrying,4.25,-50.0,0.3244890390516059,3.018
P02,01,segment_0330,free_movement,2.25,0.0,0.4763118506683379,1.3235
P02,01,segment_0336,free_movement,1.0,5.0,0.5409709192424108,1.0265
P02,01,segment_0338,free_movement,4.25,10.0,0.6848868953495323,1.297
P02,01,segment_0340,free_movement,0.75,10.0,0.4500783203515182,1.509
P02,01,segment_0342,free_movement,2.0,40.0,0.5577664662039782,1.351
P02,01,segment_0344,free_movement,6.0,245.0,0.6055209843892138,1.196
P02,01,segment_0345,carrying,6.0,-50.0,0.39503871900584697,1.478
P02,01,segment_0346,free_movement,3.0,-10.0,0.3466827358483463,1.4195
P02,01,segment_0347,carrying,3.0,-50.0,0.4603603109286401,1.488
P02,01,segment_0348,free_movement,2.25,350.0,0.39832560383896604,1.3845
P02,01,segment_0349,carrying,2.25,-40.0,0.46769727957790835,1.4575
P02,01,segment_0350,free_movement,3.0,10.0,0.5640844622408808,1.605
P02,01,segment_0352,free_movement,0.75,-20.0,0.4847780004079041,1.0965
P02,01,segment_0353,carrying,0.75,350.0,0.49648993237394906,1.1285
P02,01,segment_0354,free_movement,6.0,35.0,0.6459467530083977,1.467
P02,01,segment_0356,free_movement,2.0,0.0,0.501658442395568,1.4185
P02,01,segment_0357,carrying,2.0,-30.0,0.3039728549696513,0.835
P02,01,segment_0358,free_movement,2.25,60.0,0.6309704612598922,2.6895
P02,01,segment_0359,carrying,2.25,245.0,0.36786120933942074,1.1505
P02,01,segment_0360,free_movement,1.0,0.0,0.5845496868877438,3.227
P02,01,segment_0362,free_movement,4.25,5.0,0.6430765005164301,1.813
P02,01,segment_0363,carrying,4.25,350.0,0.49479098801343335,1.279
P02,01,segment_0364,free_movement,0.75,350.0,0.5155454356628061,1.3965
P02,01,segment_0365,carrying,0.75,-40.0,0.4838532507337129,0.7825
P02,01,segment_0366,free_movement,6.0,5.0,0.7541913559281134,1.7595
P02,01,segment_0368,free_movement,3.0,350.0,0.5592745555624355,1.767
P02,01,segment_0369,carrying,3.0,-45.0,0.4786972642323503,1.2805
P02,01,segment_0370,free_movement,1.0,350.0,0.3663719756667464,1.5325
P02,01,segment_0372,free_movement,4.25,15.0,0.5874740965256302,1.542
P02,01,segment_0374,free_movement,2.25,60.0,0.564305263983562,1.4375
P02,01,segment_0376,free_movement,2.0,5.0,0.6136536073826682,1.153
P02,01,segment_0377,carrying,2.0,350.0,0.4078131172298158,0.831
P02,01,segment_0378,free_movement,1.0,0.0,0.4113134049299474,1.319
P02,01,segment_0379,carrying,1.0,-50.0,0.3680397102862998,1.206
P02,01,segment_0380,free_movement,2.25,280.0,0.41341543605744474,1.554
P02,01,segment_0382,free_movement,2.0,260.0,0.41237632701566607,1.27
P02,01,segment_0384,free_movement,3.0,30.0,0.36138973664695195,1.199
P02,01,segment_0385,carrying,3.0,245.0,0.4062648172368682,1.385
P02,01,segment_0386,free_movement,6.0,0.0,0.6088597315752317,1.3315
P02,01,segment_0387,carrying,6.0,350.0,0.43287935788657533,1.436
P02,01,segment_0388,free_movement,0.75,-45.0,0.41507225022392896,1.0845
P02,01,segment_0389,carrying,0.75,345.0,0.37025613688492576,0.9695
P02,01,segment_0390,free_movement,4.25,10.0,0.5314154849930172,1.416
P02,01,segment_0391,carrying,4.25,350.0,0.4112029388326504,1.1225
P02,01,segment_0392,free_movement,6.0,45.0,0.595442669926548,1.7435
P02,01,segment_0394,free_movement,2.25,-15.0,0.47738221474140824,1.3495
P02,01,segment_0396,free_movement,2.0,275.0,0.44216048586346285,1.4545
P02,01,segment_0398,free_movement,4.25,55.0,0.47249794255270355,2.0235
P02,01,segment_0400,free_movement,3.0,285.0,0.46392811592967137,0.89
P02,01,segment_0401,carrying,3.0,-50.0,0.3861930366211885,1.321
P02,01,segment_0402,free_movement,1.0,50.0,0.3848283041654528,1.246
P02,01,segment_0404,free_movement,0.75,10.0,0.43334794845778246,1.0865
P02,01,segment_0406,free_movement,2.0,-15.0,0.32715953153211663,1.279
P02,01,segment_0408,free_movement,2.25,195.0,0.48041606926556507,1.3595
P02,01,segment_0409,carrying,2.25,210.0,0.3133274970946934,1.3415
P02,01,segment_0410,free_movement,0.75,-10.0,0.5775356222053415,1.271
P02,01,segment_0412,free_movement,3.0,5.0,0.46549641004645587,1.3045
P02,01,segment_0413,carrying,3.0,-50.0,0.3613341314182348,0.8435
P02,01,segment_0414,free_movement,1.0,155.0,0.5115020198300733,1.066
P02,01,segment_0415,carrying,1.0,260.0,0.39549071196075597,1.0185
P02,01,segment_0416,free_movement,6.0,10.0,0.5518712625360754,1.2435
P02,01,segment_0418,free_movement,4.25,0.0,0.5518522122396179,1.6415
P02,01,segment_0419,carrying,4.25,-50.0,0.3033432052310671,1.2195
P02,01,segment_0420,free_movement,4.25,-10.0,0.662526318546871,1.1315
P02,01,segment_0422,free_movement,2.0,185.0,0.482604550703036,1.0785
P02,01,segment_0423,carrying,2.0,-50.0,0.4294124890553549,1.268
P02,01,segment_0424,free_movement,6.0,0.0,0.613961451922841,2.7895
P02,01,segment_0426,free_movement,0.75,0.0,0.6210710951487567,1.5185
P02,01,segment_0427,carrying,0.75,75.0,0.31594077357143474,0.8055
P02,01,segment_0431,carrying,2.0,-40.0,0.42330134896068766,1.5865
P02,01,segment_0432,free_movement,1.0,345.0,0.3374154610521486,1.144
P02,01,segment_0434,free_movement,3.0,-45.0,0.4754389907179343,1.3725
P02,01,segment_0436,free_movement,4.25,195.0,0.4258893861881207,1.8365
P02,01,segment_0438,free_movement,2.25,195.0,0.4537386515496339,1.4185
P02,01,segment_0442,free_movement,6.0,155.0,0.6411387994617761,1.088
P02,01,segment_0443,carrying,6.0,-50.0,0.3197216711697724,1.112
P02,01,segment_0444,free_movement,2.25,-25.0,0.872000224612263,1.242
P02,01,segment_0445,carrying,2.25,350.0,0.32559950467130905,1.037
P02,01,segment_0446,free_movement,2.0,-35.0,0.4706910926254385,1.302
P02,01,segment_0448,free_movement,1.0,350.0,0.6813105952330532,1.1565
P02,01,segment_0452,free_movement,0.75,140.0,0.3283792281953675,1.182
P02,01,segment_0454,free_movement,6.0,295.0,0.4447321485382196,1.2005
P02,01,segment_0455,carrying,6.0,-50.0,0.5475402616619409,1.2545
P02,01,segment_0456,free_movement,3.0,210.0,0.3350551151020294,0.973
P02,01,segment_0458,free_movement,6.0,-15.0,0.4691278135686742,1.272
P02,01,segment_0459,carrying,6.0,-50.0,0.3416282577286016,0.8
P02,01,segment_0460,free_movement,1.0,-10.0,0.4417228429659117,1.189
P02,01,segment_0463,carrying,0.75,185.0,0.5794279360217601,0.9235
P02,01,segment_0464,free_movement,2.25,5.0,0.3793117536081765,1.653
P02,01,segment_0465,carrying,2.25,-5.0,0.3468670804051853,1.4435
P02,01,segment_0466,free_movement,3.0,10.0,0.536279767487035,1.123
P02,01,segment_0467,carrying,3.0,-50.0,0.41076044794829875,1.0115
P02,01,segment_0468,free_movement,4.25,345.0,0.5164163731795127,1.4875
P02,01,segment_0469,carrying,4.25,-50.0,0.39938937003712854,1.5915
P02,01,segment_0470,free_movement,2.0,310.0,0.5517740917146041,1.2125
P02,01,segment_0472,free_movement,0.75,190.0,0.41540659904747,1.2895
P02,01,segment_0476,free_movement,2.0,5.0,0.5233425286797161,1.132
P02,01,segment_0478,free_movement,4.25,45.0,0.6190643202796446,1.728
P02,01,segment_0479,carrying,4.25,350.0,0.4735168829533419,1.115
P02,01,segment_0480,free_movement,6.0,-50.0,0.4937534428634798,1.5
P02,01,segment_0481,carrying,6.0,-50.0,0.4415893980816413,1.3695
P02,01,segment_0482,free_movement,1.0,-45.0,0.3941946396527067,1.053
P02,01,segment_0483,carrying,1.0,-50.0,0.3928164394685514,1.0535
P02,01,segment_0484,free_movement,2.25,180.0,0.6050774050506554,0.8935
P02,01,segment_0486,free_movement,3.0,10.0,0.7508267825721799,1.2715
P02,01,segment_0487,carrying,3.0,-50.0,0.3859647335248168,1.3915
P02,01,segment_0488,free_movement,6.0,295.0,0.514851024631092,1.0775
P02,01,segment_0489,carrying,6.0,-45.0,0.33221143165756245,1.371
P02,01,segment_0490,free_movement,2.0,310.0,0.6013936203384823,1.267
P02,01,segment_0492,free_movement,1.0,110.0,0.5391482924260894,0.7755
P02,01,segment_0493,carrying,1.0,-50.0,0.5942670805226735,1.04
P02,01,segment_0494,free_movement,0.75,350.0,0.550186590927076,1.183
P02,01,segment_0496,free_movement,4.25,310.0,0.4968354565133014,1.388
P02,01,segment_0500,free_movement,4.25,245.0,0.3955169846284026,1.152
P02,01,segment_0502,free_movement,2.25,-5.0,0.5246523608177696,1.252
P02,01,segment_0504,free_movement,0.75,-25.0,0.37395433364133557,0.9705
P02,01,segment_0505,carrying,0.75,-50.0,0.38052408140381677,0.7605
P02,01,segment_0506,free_movement,2.0,240.0,0.3939881031821813,0.984
P02,01,segment_0510,free_movement,6.0,5.0,0.3274498126683631,1.2075
P02,01,segment_0512,free_movement,3.0,-10.0,0.6236753204648382,1.1205
P02,01,segment_0513,carrying,3.0,-25.0,0.36614268238922115,1.03
P02,01,segment_0514,free_movement,2.0,60.0,0.3903060788335373,0.8295
P02,01,segment_0516,free_movement,1.0,185.0,0.5140177429261507,1.102
P02,01,segment_0518,free_movement,2.25,235.0,0.4101983120837148,1.2785
P02,01,segment_0521,carrying,0.75,350.0,0.32102314922109343,0.8745
P02,01,segment_0522,free_movement,6.0,10.0,0.6151501392318238,1.2815
P02,01,segment_0523,carrying,6.0,-10.0,0.36792441473030146,1.126
P02,01,segment_0524,free_movement,3.0,-10.0,0.5398297555178976,1.224
P02,01,segment_0526,free_movement,4.25,345.0,0.4675337767674943,1.178
P02,01,segment_0528,free_movement,6.0,40.0,0.5482420694742712,1.5485
P02,01,segment_0530,free_movement,0.75,-5.0,0.6404148671608814,1.03
P02,01,segment_0532,free_movement,4.25,5.0,0.48401794878933346,1.4725
P02,01,segment_0534,free_movement,2.25,265.0,0.5668710016617686,1.2045
P02,01,segment_0535,carrying,2.25,265.0,0.3972950695260382,0.8555
P02,01,segment_0536,free_movement,3.0,-5.0,0.651720073430074,1.126
P02,01,segment_0539,carrying,2.0,350.0,0.360171042284291,1.159
P02,01,segment_0540,free_movement,1.0,-10.0,0.43975649756204727,1.0665
P02,01,segment_0543,carrying,2.25,-45.0,0.37997985399258516,1.184
P02,01,segment_0544,free_movement,1.0,265.0,0.5152302925474033,1.2465
P02,01,segment_0545,carrying,1.0,-15.0,0.3278211324652238,1.36
P02,01,segment_0546,free_movement,3.0,350.0,0.4833061550168642,1.2045
P02,01,segment_0547,carrying,3.0,175.0,0.4535579235359138,0.847
P02,01,segment_0548,free_movement,4.25,15.0,0.612423160862287,1.495
P02,01,segment_0550,free_movement,0.75,-15.0,0.7306812093217214,1.1195
P02,01,segment_0552,free_movement,2.0,345.0,0.581031856205422,1.29
P02,01,segment_0553,carrying,2.0,-50.0,0.3150901216174513,1.134
P02,01,segment_0554,free_movement,6.0,40.0,0.4670805274325378,1.161
P02,01,segment_0556,free_movement,4.25,95.0,0.5110417484553689,1.33
P02,01,segment_0558,free_movement,1.0,-10.0,0.4098762847696449,1.322
P02,01,segment_0561,carrying,3.0,-10.0,0.3417324821485087,1.2325
P02,01,segment_0562,free_movement,6.0,5.0,0.5538473834800659,1.8215
P02,01,segment_0564,free_movement,2.0,30.0,0.7064284539837666,1.4905
P02,01,segment_0568,free_movement,2.25,230.0,0.49504749025468997,1.1315
P02,01,segment_0570,free_movement,1.0,-40.0,0.6025160639724501,0.9855
P02,01,segment_0572,free_movement,3.0,225.0,0.5592120025494527,1.2685
P02,01,segment_0573,carrying,3.0,-25.0,0.39566189816483355,1.7075
P02,01,segment_0574,free_movement,2.0,155.0,0.5702541606160149,1.0385
P02,01,segment_0578,free_movement,6.0,0.0,0.3651777057483491,1.585
P02,01,segment_0580,free_movement,0.75,0.0,0.6837922801312661,1.1845
P02,01,segment_0582,free_movement,4.25,5.0,0.493476425434845,1.4535
P02,01,segment_0584,free_movement,3.0,0.0,0.5940319445579914,1.4125
P02,01,segment_0586,free_movement,2.0,30.0,0.5314155220851131,1.179
P02,01,segment_0588,free_movement,4.25,155.0,0.45963220095034507,1.7075
P02,01,segment_0589,carrying,4.25,-50.0,0.37661708976554387,1.259
P02,01,segment_0590,free_movement,2.25,70.0,0.4070609967859906,1.0895
P02,01,segment_0592,free_movement,1.0,175.0,0.5167660160456335,1.0275
P02,01,segment_0593,carrying,1.0,265.0,0.5337372283397017,0.884
P02,01,segment_0594,free_movement,0.75,105.0,0.44120077487017073,1.188
P02,01,segment_0596,free_movement,6.0,-10.0,0.49120880859262017,1.265
P02,01,segment_0598,free_movement,3.0,-5.0,0.767013524677289,1.3025
P02,01,segment_0600,free_movement,0.75,-20.0,0.38965776074567726,1.12
P02,01,segment_0601,carrying,0.75,-50.0,0.45746284935241815,0.7205
P02,01,segment_0602,free_movement,2.25,0.0,0.5517212211092238,1.4175
P02,01,segment_0604,free_movement,1.0,305.0,0.6155057474348296,1.141
P02,01,segment_0605,carrying,1.0,-50.0,0.38667427904136514,1.139
P02,01,segment_0606,free_movement,2.0,240.0,0.44890935189110076,1.2475
P02,01,segment_0608,free_movement,4.25,75.0,0.583489886312531,1.558
P02,01,segment_0610,free_movement,6.0,0.0,0.6252655023819798,1.6425
P02,01,segment_0612,free_movement,4.25,0.0,0.813120691921578,2.7055
P02,01,segment_0614,free_movement,0.75,215.0,0.5082832602304731,1.46
P02,01,segment_0618,free_movement,6.0,-5.0,0.533084355172345,1.087
P02,01,segment_0619,carrying,6.0,295.0,0.3624519463168577,1.1685
P02,01,segment_0620,free_movement,2.25,-10.0,0.7610882426117496,1.3685
P02,01,segment_0622,free_movement,1.0,5.0,0.5291025735932974,1.3645
P02,01,segment_0623,carrying,1.0,350.0,0.44648724742622886,0.8895
P02,01,segment_0624,free_movement,3.0,0.0,0.4409858622829112,1.5345
P02,01,segment_0626,free_movement,4.25,-5.0,0.5187330746421059,1.752
P02,01,segment_0629,carrying,2.0,-50.0,0.343160473687718,0.816
P02,01,segment_0630,free_movement,0.75,25.0,0.4713737902212338,0.9215
P02,01,segment_0632,free_movement,6.0,5.0,0.5514096133170667,1.396
P02,01,segment_0634,free_movement,1.0,-15.0,0.3926415974546672,1.2865
P02,01,segment_0635,carrying,1.0,-50.0,0.410022750635486,1.382
P02,01,segment_0636,free_movement,3.0,40.0,0.49531875540492987,1.393
P02,01,segment_0638,free_movement,2.25,0.0,0.40948564529375936,1.3245
P02,01,segment_0640,free_movement,3.0,140.0,0.48029093850201393,1.2345
P02,01,segment_0642,free_movement,1.0,-10.0,0.45001630057395725,1.104
P02,01,segment_0644,free_movement,0.75,5.0,0.4063079646348091,1.394
P02,01,segment_0646,free_movement,2.25,125.0,0.5347523871904398,1.148
P02,01,segment_0647,carrying,2.25,300.0,0.6382038629511738,0.8155
P02,01,segment_0650,free_movement,6.0,0.0,0.5176040262759876,1.378
P02,01,segment_0651,carrying,6.0,-50.0,0.3111067961336167,1.4285
P02,01,segment_0652,free_movement,2.0,270.0,0.46554741399800686,0.991
P02,01,segment_0653,carrying,2.0,280.0,0.3660943767060544,0.808
P02,01,segment_0654,free_movement,3.0,315.0,0.5083036637658678,0.994
P02,01,segment_0655,carrying,3.0,-45.0,0.37494726727172706,1.293
P02,01,segment_0657,carrying,0.75,350.0,0.6836469623267772,1.1175
P02,01,segment_0658,free_movement,6.0,-50.0,0.3543851272793379,1.2965
P02,01,segment_0660,free_movement,2.25,0.0,0.5732495508150123,1.1795
P02,01,segment_0662,free_movement,1.0,175.0,0.7651773425847,1.032
P02,01,segment_0663,carrying,1.0,-50.0,0.41400553888502417,1.0485
P02,01,segment_0664,free_movement,4.25,110.0,0.3980046963511286,1.28
P02,01,segment_0666,free_movement,2.0,325.0,0.6969025196306332,1.0395
P02,01,segment_0667,carrying,2.0,-45.0,0.3987547441248525,1.1835
P02,01,segment_0668,free_movement,6.0,275.0,0.3276979640638049,1.1995
P02,01,segment_0670,free_movement,4.25,0.0,0.5470337482674853,1.596
P02,01,segment_0672,free_movement,0.75,125.0,0.5198126167695392,1.17
P02,01,segment_0674,free_movement,3.0,260.0,0.5063754107511999,1.3465
P02,01,segment_0675,carrying,3.0,-50.0,0.3555246414260171,1.3295
P02,01,segment_0676,free_movement,2.25,130.0,0.523278292424924,1.3245
P02,01,segment_0677,carrying,2.25,350.0,0.4252612279266088,1.2675
P02,01,segment_0678,free_movement,2.0,-15.0,0.5759797995610192,1.2055
P02,01,segment_0679,carrying,2.0,350.0,0.3877663087358918,0.964
P02,01,segment_0682,free_movement,0.75,190.0,0.5052549239127443,0.872
P02,01,segment_0684,free_movement,2.0,350.0,0.7188959105316759,1.265
P02,01,segment_0685,carrying,2.0,-50.0,0.3775762061087028,2.109
P02,01,segment_0686,free_movement,6.0,0.0,0.4750529103922053,1.3235
P02,01,segment_0688,free_movement,2.25,-20.0,0.38747910942058417,1.4195
P02,01,segment_0690,free_movement,1.0,330.0,0.4084898195354957,0.8585
P02,01,segment_0694,free_movement,3.0,255.0,0.4148962251851341,1.304
P02,01,segment_0696,free_movement,6.0,-25.0,0.3392573974292864,1.1935
P02,01,segment_0698,free_movement,3.0,0.0,0.5359469083977396,1.343
P02,01,segment_0699,carrying,3.0,300.0,0.4452111242633979,1.2295
P02,01,segment_0700,free_movement,0.75,-10.0,0.3809522297742389,0.927
P02,01,segment_0701,carrying,0.75,310.0,0.4264912223696043,0.812
P02,01,segment_0702,free_movement,4.25,350.0,0.40474715198134387,1.22
P02,01,segment_0703,carrying,4.25,-50.0,0.46469448906015504,1.0605
P02,01,segment_0704,free_movement,2.0,215.0,0.5648368713321009,1.0435
P02,01,segment_0705,carrying,2.0,320.0,0.652475697530632,0.869
P02,01,segment_0706,free_movement,1.0,85.0,0.5668760606129171,1.348
P02,01,segment_0707,carrying,1.0,-50.0,0.321396064730338,1.2615
P02,01,segment_0708,free_movement,2.25,350.0,0.5999849210665122,1.157
P02,01,segment_0712,free_movement,2.0,255.0,0.5386896066484045,1.2285
P02,01,segment_0713,carrying,2.0,-50.0,0.39286143433459586,1.3525
P02,01,segment_0716,free_movement,2.25,10.0,0.5636038312653779,1.2575
P02,01,segment_0718,free_movement,3.0,10.0,0.4739188647367539,1.1575
P02,01,segment_0719,carrying,3.0,-30.0,0.3799019051081556,1.171
P02,01,segment_0720,free_movement,6.0,10.0,0.6491761398024037,1.389
P02,01,segment_0722,free_movement,1.0,-5.0,0.6764554078436268,1.3125
P02,01,segment_0723,carrying,1.0,205.0,0.36616291229217146,1.03
P02,01,segment_0724,free_movement,1.0,340.0,0.4287844634059197,1.304
P02,01,segment_0725,carrying,1.0,-40.0,0.3248898092896231,1.19
P02,01,segment_0726,free_movement,2.25,330.0,0.5917749963994164,1.15
P02,01,segment_0727,carrying,2.25,-50.0,0.3330351404329997,0.918
P02,01,segment_0728,free_movement,4.25,65.0,0.5195070335908695,1.6265
P02,01,segment_0730,free_movement,2.0,-15.0,0.3714640516319213,1.1675
P02,01,segment_0732,free_movement,6.0,-5.0,0.5972641609926767,1.373
P02,01,segment_0734,free_movement,0.75,95.0,0.3262023960207257,1.1095
P02,01,segment_0736,free_movement,3.0,5.0,0.34060491513005686,1.155
P02,01,segment_0737,carrying,3.0,350.0,0.4143598509391794,1.2785
P02,01,segment_0738,free_movement,1.0,-35.0,0.31471258777768585,1.295
P02,01,segment_0740,free_movement,2.0,250.0,0.5703664831895848,1.3555
P02,01,segment_0741,carrying,2.0,-50.0,0.5113268829966128,1.515
P02,01,segment_0742,free_movement,4.25,15.0,0.4672743908244492,1.475
P02,01,segment_0744,free_movement,0.75,10.0,0.466846389007493,1.1085
P02,01,segment_0746,free_movement,3.0,350.0,0.5292987657450532,1.3915
P02,01,segment_0747,carrying,3.0,-10.0,0.39731987364630705,1.2025
P02,01,segment_0748,free_movement,6.0,0.0,0.6227330549731135,1.3695
P02,01,segment_0750,free_movement,2.25,315.0,0.43688167031549113,1.305
P02,01,segment_0751,carrying,2.25,-40.0,0.3331411742379802,1.6435
P02,01,segment_0752,free_movement,3.0,295.0,0.392510684472539,1.1555
P02,01,segment_0754,free_movement,4.25,60.0,0.511452506064225,1.5865
P02,01,segment_0756,free_movement,1.0,-40.0,0.43250380432405067,1.269
P02,01,segment_0757,carrying,1.0,350.0,0.5068091274456303,1.183
P02,01,segment_0758,free_movement,0.75,35.0,0.5156657332239939,1.4435
P02,01,segment_0760,free_movement,6.0,75.0,0.4997039620123626,1.858
P02,01,segment_0763,carrying,2.0,290.0,0.3271092047422111,1.535
P02,01,segment_0766,free_movement,6.0,10.0,0.4877110427612744,1.6925
P02,01,segment_0768,free_movement,2.0,350.0,0.5637648522200841,1.356
P02,01,segment_0770,free_movement,4.25,0.0,0.32761643119175,1.386
P02,01,segment_0771,carrying,4.25,230.0,0.45955906386719064,1.439
P02,01,segment_0772,free_movement,2.25,65.0,0.40231026821218413,1.3665
P02,01,segment_0774,free_movement,3.0,335.0,0.3650132850304545,1.3945
P02,01,segment_0775,carrying,3.0,-50.0,0.3045070553062606,1.445
P02,01,segment_0776,free_movement,0.75,230.0,0.5564914287016038,1.0665
P02,01,segment_0780,free_movement,6.0,-5.0,0.3865885477316396,1.562
P02,01,segment_0781,carrying,6.0,-45.0,0.3284205831952394,0.9705
P02,01,segment_0782,free_movement,1.0,265.0,0.474164588176943,1.306
P02,01,segment_0783,carrying,1.0,-50.0,0.5413762653333064,1.4475
P02,01,segment_0784,free_movement,2.0,345.0,0.625736370795711,1.633
P02,01,segment_0786,free_movement,4.25,320.0,0.5757524949050978,1.3825
P02,01,segment_0788,free_movement,2.25,10.0,0.48712045949253224,1.0925
P02,01,segment_0791,carrying,3.0,-40.0,0.32471207756465803,0.9925
P02,01,segment_0792,free_movement,0.75,220.0,0.642220417356629,1.226
P02,01,segment_0794,free_movement,3.0,240.0,0.6133694291314666,1.0615
P02,01,segment_0796,free_movement,4.25,0.0,0.5516964843628241,1.1735
P02,01,segment_0798,free_movement,2.0,-15.0,0.5603407944473677,1.272
P02,01,segment_0799,carrying,2.0,-50.0,0.4630601568673559,0.8425
P02,01,segment_0800,free_movement,1.0,10.0,0.6397315598664779,1.1385
P02,01,segment_0802,free_movement,6.0,10.0,0.5834083534080424,1.136
P02,01,segment_0803,carrying,6.0,-50.0,0.36335406786461727,0.974
P02,01,segment_0804,free_movement,2.25,10.0,0.5794309681712189,1.348
P02,01,segment_0806,free_movement,0.75,320.0,0.46935794729450103,1.2235
P02,01,segment_0808,free_movement,6.0,320.0,0.5148278583775665,1.378
P02,01,segment_0810,free_movement,2.25,-5.0,0.5525982258242597,1.5865
P02,01,segment_0812,free_movement,4.25,0.0,0.4996532730112336,1.2405
P02,01,segment_0815,carrying,2.0,-50.0,0.3415273724694505,0.8615
P02,01,segment_0817,carrying,0.75,310.0,0.49312888480331074,1.2625
P02,01,segment_0818,free_movement,3.0,315.0,0.45307114035884766,1.224
P02,01,segment_0819,carrying,3.0,-50.0,0.43192364263674493,1.263
P02,01,segment_0820,free_movement,1.0,-50.0,0.5083206819078158,1.4375
P02,01,segment_0822,free_movement,3.0,5.0,0.5634742579068505,1.1865
P02,01,segment_0824,free_movement,4.25,5.0,0.599667454791239,1.582
P02,01,segment_0825,carrying,4.25,350.0,0.36791201236142745,0.9405
P02,01,segment_0826,free_movement,6.0,-5.0,0.7348542035729406,1.33
P02,01,segment_0828,free_movement,2.0,-15.0,0.5320894249515331,1.219
P02,01,segment_0830,free_movement,0.75,35.0,0.3349187604424906,1.839
P02,01,segment_0832,free_movement,2.25,350.0,0.3212726224011335,1.4005
P02,01,segment_0834,free_movement,1.0,5.0,0.5162163536012655,1.1645
P02,01,segment_0835,carrying,1.0,350.0,0.4567030805594704,1.1725
P02,01,segment_0836,free_movement,2.0,195.0,0.34901703240017734,0.9245
P02,01,segment_0837,carrying,2.0,-40.0,0.3903051379534377,0.967
P02,01,segment_0838,free_movement,0.75,260.0,0.5175748061813643,1.116
P02,01,segment_0840,free_movement,1.0,340.0,0.561696947315046,1.0335
P02,01,segment_0842,free_movement,4.25,5.0,0.46354037269376086,1.51
P02,01,segment_0844,free_movement,3.0,10.0,0.4921851679136219,1.0185
P02,01,segment_0846,free_movement,2.25,10.0,0.4747047333173586,1.1015
P02,01,segment_0847,carrying,2.25,-40.0,0.3798875266256881,0.733
P02,01,segment_0848,free_movement,6.0,315.0,0.4905483667379813,1.298
P02,01,segment_0849,carrying,6.0,-50.0,0.453763231059327,1.4855
P02,01,segment_0850,free_movement,1.0,-5.0,0.6209761473106403,1.3075
P02,01,segment_0851,carrying,1.0,255.0,0.3372636562100396,2.057
P02,01,segment_0853,carrying,0.75,350.0,0.31359444890103133,0.9425
P02,01,segment_0854,free_movement,6.0,0.0,0.5289117034589083,1.9485
P02,01,segment_0856,free_movement,3.0,0.0,0.6415500144856636,1.286
P02,01,segment_0857,carrying,3.0,-30.0,0.34874387831706005,1.011
P02,01,segment_0858,free_movement,2.25,280.0,0.4862117816294506,1.2325
P02,01,segment_0859,carrying,2.25,-40.0,0.40081367646397825,1.157
P02,01,segment_0864,free_movement,6.0,0.0,0.5638126950361486,1.2405
P02,01,segment_0865,carrying,6.0,345.0,0.32956811706897143,1.8035
P02,01,segment_0866,free_movement,1.0,-20.0,0.3535438627139756,1.031
P02,01,segment_0867,carrying,1.0,-30.0,0.5696301177272725,1.3685
P02,01,segment_0868,free_movement,2.0,185.0,0.5046173888976054,0.888
P02,01,segment_0870,free_movement,2.25,320.0,0.6522468291087689,1.084
P02,01,segment_0871,carrying,2.25,-50.0,0.31234385280631133,1.031
P02,01,segment_0872,free_movement,4.25,5.0,0.5880263096963658,1.4565
P02,01,segment_0874,free_movement,3.0,90.0,0.6300893414443282,1.616
P02,01,segment_0876,free_movement,0.75,350.0,0.3661575042836689,1.168
P02,01,segment_0878,free_movement,4.25,35.0,0.550319542793992,1.489
P02,01,segment_0881,carrying,2.0,325.0,0.3474729109621041,1.301
P02,01,segment_0882,free_movement,6.0,10.0,0.5435986593893272,2.412
P02,01,segment_0883,carrying,6.0,-50.0,0.3769606761464811,1.1245
P02,01,segment_0884,free_movement,2.25,5.0,0.5590523774109105,1.5845
P02,01,segment_0886,free_movement,0.75,250.0,0.36036977015100674,1.696
P02,01,segment_0888,free_movement,1.0,-5.0,0.3642477928017955,1.1135
P02,01,segment_0890,free_movement,3.0,-5.0,0.3206937034935151,1.1325
P02,01,segment_0891,carrying,3.0,-50.0,0.42528397254850575,1.1765
P02,01,segment_0892,free_movement,4.25,300.0,0.47665752716496773,1.2605
P02,01,segment_0893,carrying,4.25,-50.0,0.33619393938737985,1.125
P02,01,segment_0894,free_movement,1.0,170.0,0.6135630884409576,1.1855
P02,01,segment_0895,carrying,1.0,-50.0,0.4079993936173985,1.3515
P02,01,segment_0896,free_movement,6.0,5.0,0.6416688122681997,1.4045
P02,01,segment_0897,carrying,6.0,285.0,0.6181739237317851,0.996
P02,01,segment_0898,free_movement,3.0,-15.0,0.5362035163398167,1.489
P02,01,segment_0899,carrying,3.0,200.0,0.5184209906827801,0.821
P02,01,segment_0900,free_movement,0.75,0.0,0.6774045934296953,1.174
P02,01,segment_0902,free_movement,2.0,265.0,0.5338169557342635,1.0905
P02,01,segment_0903,carrying,2.0,-50.0,0.394730774567712,1.274
P02,01,segment_0904,free_movement,2.25,320.0,0.6161935884404304,1.3635
P02,01,segment_0906,free_movement,1.0,165.0,0.6186803256115927,1.2585
P02,01,segment_0907,carrying,1.0,-40.0,0.35302921568566187,1.2385
P02,01,segment_0910,free_movement,2.25,280.0,0.5405051115992485,1.656
P02,01,segment_0914,free_movement,4.25,45.0,0.5490873954471361,1.7745
P02,01,segment_0915,carrying,4.25,350.0,0.31547623855188983,1.453
P02,01,segment_0916,free_movement,2.0,-5.0,0.3727443167603052,1.312
P02,01,segment_0918,free_movement,3.0,280.0,0.3884557674325471,1.3845
P02,01,segment_0920,free_movement,3.0,180.0,0.33002692252143945,1.0895
P02,01,segment_0922,free_movement,1.0,-10.0,0.4984749460083185,1.228
P02,01,segment_0923,carrying,1.0,-50.0,0.37477626402747904,0.751
P02,01,segment_0924,free_movement,2.25,135.0,0.5418247417530595,1.5175
P02,01,segment_0926,free_movement,0.75,0.0,0.582642348618946,1.3635
P02,01,segment_0928,free_movement,6.0,5.0,0.6366972832992889,1.468
P02,01,segment_0929,free_movement,2.25,5.0,0.5117200736288764,1.5965
P02,01,segment_0931,free_movement,2.0,-30.0,0.4937160849067391,1.128
P02,01,segment_0932,carrying,2.0,350.0,0.5329915490739059,0.9945
P02,01,segment_0935,free_movement,0.75,-10.0,0.6955719776178041,1.1455
P02,01,segment_0936,carrying,0.75,350.0,0.6219464287139653,0.888
P02,01,segment_0937,free_movement,1.0,-50.0,0.3869481863946458,1.3265
P02,01,segment_0938,carrying,1.0,185.0,0.3501745150321373,0.8515
P02,01,segment_0939,free_movement,4.25,85.0,0.47914739002505563,1.5125
P02,01,segment_0940,carrying,4.25,190.0,0.3989471971957095,1.295
P02,01,segment_0941,free_movement,6.0,275.0,0.5280744387181244,1.2725
P02,01,segment_0942,carrying,6.0,-50.0,0.48831977576529495,1.059
P02,01,segment_0943,free_movement,3.0,5.0,0.3673300989185289,0.932
P02,01,segment_0945,free_movement,2.25,215.0,0.5288884262157486,0.9815
P02,01,segment_0946,carrying,2.25,-50.0,0.37481566037951025,1.3975
P02,01,segment_0949,free_movement,6.0,0.0,0.5150409716988249,1.1045
P02,01,segment_0953,free_movement,1.0,300.0,0.5391030782267218,1.273
P02,01,segment_0955,free_movement,0.75,350.0,0.3153776943818712,1.238
P02,01,segment_0957,free_movement,2.25,70.0,0.519649029894056,1.1435
P02,01,segment_0959,free_movement,6.0,5.0,0.48706615148219595,0.9095
P02,01,segment_0963,free_movement,1.0,125.0,0.5677491117512641,1.4115
P02,01,segment_0965,free_movement,0.75,300.0,0.4628703645217216,1.1625
P02,01,segment_0967,free_movement,3.0,350.0,0.604904627006019,0.962
P02,01,segment_0968,carrying,3.0,-50.0,0.4384911316081339,0.818
P02,01,segment_0971,free_movement,6.0,0.0,0.6327660501641577,1.1565
P02,01,segment_0978,carrying,3.0,-50.0,0.42239925939812545,0.932
P02,01,segment_0979,free_movement,2.25,330.0,0.5641538341188089,1.234
P02,01,segment_0980,carrying,2.25,-50.0,0.3535834320020123,1.138
P02,01,segment_0981,free_movement,4.25,5.0,0.5347051069122161,1.368
P02,01,segment_0983,free_movement,0.75,175.0,0.4747444733878148,1.0455
P02,01,segment_0985,free_movement,2.25,215.0,0.5481687079297969,1.1395
P02,01,segment_0987,free_movement,2.0,105.0,0.5147489846700105,1.2475
P02,01,segment_0990,carrying,1.0,330.0,0.3118405018650353,1.4275
P02,01,segment_0991,free_movement,6.0,240.0,0.7122908822905162,1.1815
P02,01,segment_0992,carrying,6.0,-50.0,0.3444466534332824,1.7875
P02,01,segment_0993,free_movement,3.0,20.0,0.6807892622163751,1.632
P02,01,segment_0994,carrying,3.0,315.0,0.6606611388150299,0.8805
P02,01,segment_0995,free_movement,0.75,5.0,0.47350540659843116,1.2885
P02,01,segment_0996,carrying,0.75,-15.0,0.3336397687015632,1.0885
P02,01,segment_0997,free_movement,4.25,235.0,0.385665618285011,1.138
P02,01,segment_0998,carrying,4.25,-50.0,0.459464914500148,0.8805
P02,01,segment_0999,free_movement,2.0,0.0,0.49229782744744766,1.242
P02,01,segment_1001,free_movement,0.75,345.0,0.3820835366055374,1.3135
P02,01,segment_1003,free_movement,6.0,10.0,0.4110779667875144,1.1775
P02,01,segment_1004,carrying,6.0,-45.0,0.36352812453528466,0.8785
P02,01,segment_1005,free_movement,4.25,30.0,0.6355605274729853,1.3425
P02,01,segment_1006,carrying,4.25,-50.0,0.36182965388609634,1.279
P02,01,segment_1007,free_movement,2.25,110.0,0.5039451314176905,1.224
P02,01,segment_1009,free_movement,1.0,155.0,0.5156773100642857,0.945
P02,01,segment_1011,free_movement,3.0,50.0,0.601412074786624,1.59
P02,01,segment_1012,carrying,3.0,300.0,0.3699702271793755,1.288
P02,01,segment_1013,free_movement,6.0,0.0,0.7042291702499789,1.2345
P02,01,segment_1015,free_movement,2.0,305.0,0.6134847774728445,1.1125
P02,01,segment_1017,free_movement,0.75,-15.0,0.34432950367863985,0.898
P02,01,segment_1018,carrying,0.75,250.0,0.4592353660877578,1.013
P02,01,segment_1019,free_movement,1.0,10.0,0.4501728300665395,1.235
P02,01,segment_1021,free_movement,4.25,-5.0,0.590073274886566,1.5545
P02,01,segment_1023,free_movement,3.0,350.0,0.37725167115816094,1.323
P02,01,segment_1024,carrying,3.0,-30.0,0.5245557125075444,1.114
P02,01,segment_1025,free_movement,2.25,25.0,0.41723052028757857,1.2565
P02,01,segment_1026,carrying,2.25,350.0,0.41411558550784866,0.864
P02,01,segment_1027,free_movement,2.25,5.0,0.5623350951091624,1.37
P02,01,segment_1029,free_movement,4.25,10.0,0.38835260606724914,1.1945
P02,01,segment_1031,free_movement,2.0,335.0,0.8365852193980343,1.239
P02,01,segment_1033,free_movement,6.0,5.0,0.7313280448155587,1.3825
P02,01,segment_1034,carrying,6.0,250.0,0.4161269123630639,0.7245
P02,01,segment_1035,free_movement,3.0,-10.0,0.5351813059210851,1.2425
P02,01,segment_1036,carrying,3.0,305.0,0.69450800009823,1.223
P02,01,segment_1037,free_movement,0.75,0.0,0.5271710934657494,1.086
P02,01,segment_1039,free_movement,1.0,350.0,0.34809845875934703,1.2185
P02,01,segment_1040,carrying,1.0,-50.0,0.36785584249191666,1.2095
P02,01,segment_1041,free_movement,2.25,125.0,0.5383311813717899,0.9955
P02,01,segment_1043,free_movement,6.0,10.0,0.5040937219356347,1.052
P02,01,segment_1045,free_movement,0.75,35.0,0.6534556537485403,1.244
P02,01,segment_1047,free_movement,2.0,115.0,0.7117280126688614,1.287
P02,01,segment_1049,free_movement,1.0,10.0,0.47038861288943046,1.286
P02,01,segment_1050,carrying,1.0,-20.0,0.31640172829348195,1.0265
P02,01,segment_1051,free_movement,4.25,10.0,0.4442511408972584,1.2955
P02,01,segment_1053,free_movement,3.0,30.0,0.6027570965358231,1.3325
P02,01,segment_1055,free_movement,2.25,180.0,0.5236120194894426,0.8735
P02,01,segment_1057,free_movement,1.0,10.0,0.6592918558715232,1.5035
P02,01,segment_1059,free_movement,6.0,185.0,0.5354149437080016,1.165
P02,01,segment_1060,carrying,6.0,-45.0,0.3512615840398747,0.849
P02,01,segment_1061,free_movement,3.0,-10.0,0.680924549960865,1.083
P02,01,segment_1063,free_movement,4.25,275.0,0.4750463363036295,1.2555
P02,01,segment_1066,carrying,2.0,-50.0,0.3086627603367879,1.0555
P02,01,segment_1067,free_movement,0.75,210.0,0.6508205727211761,1.1115
P02,01,segment_1068,carrying,0.75,-50.0,0.3518086428129985,1.0025
P02,01,segment_1069,free_movement,2.0,5.0,0.4720417421317856,0.854
P02,01,segment_1071,free_movement,3.0,0.0,0.4339303328641222,0.987
P02,01,segment_1072,carrying,3.0,-45.0,0.31835126886375215,1.018
P02,01,segment_1073,free_movement,2.25,255.0,0.5661937246492452,1.2225
P02,01,segment_1074,carrying,2.25,-50.0,0.3208139189283029,1.1295
P02,01,segment_1075,free_movement,1.0,0.0,0.715156485700328,1.022
P02,01,segment_1076,carrying,1.0,350.0,0.32864488287574184,1.1375
P02,01,segment_1077,free_movement,6.0,340.0,0.4581112703195143,1.063
P02,01,segment_1078,carrying,6.0,-50.0,0.3063146183592596,1.5285
P02,01,segment_1079,free_movement,0.75,350.0,0.33750133304358965,1.4575
P02,01,segment_1081,free_movement,4.25,350.0,0.3334498442331699,1.31
P02,01,segment_1083,free_movement,4.25,0.0,0.3865454256873418,1.304
P02,01,segment_1085,free_movement,2.25,5.0,0.5484646964902261,1.0965
P02,01,segment_1087,free_movement,0.75,-50.0,0.48627588812494005,1.3645
P02,01,segment_1088,carrying,0.75,350.0,0.39321521170536544,0.8445
P02,01,segment_1090,carrying,2.0,220.0,0.38495286459399025,1.2745
P02,01,segment_1092,carrying,1.0,140.0,0.3007292783320588,0.766
P02,01,segment_1093,free_movement,6.0,10.0,0.6065798549513315,1.7065
P02,01,segment_1095,free_movement,3.0,0.0,0.5761134606761833,1.215
P02,01,segment_1097,free_movement,2.0,350.0,0.3169449091016861,1.424
P02,01,segment_1098,carrying,2.0,-30.0,0.370146244816582,1.1225
P02,01,segment_1099,free_movement,6.0,10.0,0.6158573801075267,1.117
P02,01,segment_1100,carrying,6.0,335.0,0.5688374440380043,1.1615
P02,01,segment_1101,free_movement,4.25,0.0,0.8273256655227136,2.014
P02,01,segment_1103,free_movement,1.0,320.0,0.5414525101291962,1.424
P02,01,segment_1104,carrying,1.0,-50.0,0.3263481294250517,1.336
P02,01,segment_1105,free_movement,2.25,235.0,0.5047470461689318,1.5715
P02,01,segment_1106,carrying,2.25,-50.0,0.46659395281165855,1.4475
P02,01,segment_1107,free_movement,3.0,280.0,0.4704121219436589,1.273
P02,01,segment_1109,free_movement,0.75,160.0,0.6898829458810302,0.7525
P02,01,segment_1111,free_movement,3.0,260.0,0.791942131100506,1.0865
P02,01,segment_1112,carrying,3.0,335.0,0.30305676833629575,1.2205
P02,01,segment_1113,free_movement,2.25,180.0,0.5393210551334009,1.1735
P02,01,segment_1115,free_movement,2.0,185.0,0.535503384293615,1.0655
P02,01,segment_1117,free_movement,0.75,-5.0,0.46608950174079666,1.1425
P02,01,segment_1118,carrying,0.75,210.0,0.32356507105995297,0.8565
P02,01,segment_1119,free_movement,6.0,5.0,0.5778351838639066,1.441
P02,01,segment_1121,free_movement,4.25,-30.0,0.4980858173557813,1.6165
P02,01,segment_1122,carrying,4.25,345.0,0.4262421844321906,1.333
P02,01,segment_1123,free_movement,1.0,-5.0,0.3625709020601747,1.249
P02,01,segment_1124,carrying,1.0,-50.0,0.41093916436617983,1.283
P02,01,segment_1125,free_movement,4.25,5.0,0.3870283165541383,1.387
P02,01,segment_1127,free_movement,2.0,280.0,0.3217059781305956,1.5915
P02,01,segment_1129,free_movement,1.0,10.0,0.6229508783982666,1.4715
P02,01,segment_1130,carrying,1.0,325.0,0.6280284934336864,0.9425
P02,01,segment_1131,free_movement,0.75,190.0,0.4529907639078069,1.021
P02,01,segment_1133,free_movement,2.25,25.0,0.42176774287793134,1.465
P02,01,segment_1137,free_movement,6.0,350.0,0.31787277431806865,1.203
P02,01,segment_1138,carrying,6.0,-35.0,0.4374293418362433,0.8375
P02,01,segment_1139,free_movement,2.25,10.0,0.6159170645546965,1.3035
P02,01,segment_1142,carrying,6.0,235.0,0.4029351136091471,1.3955
P02,01,segment_1143,free_movement,2.0,5.0,0.6991230750522013,1.2055
P02,01,segment_1147,free_movement,0.75,-35.0,0.5614371905679006,1.2195
P02,01,segment_1148,carrying,0.75,350.0,0.39553753421963095,1.061
P02,01,segment_1149,free_movement,4.25,0.0,0.529864186991615,1.36
P02,01,segment_1151,free_movement,3.0,320.0,0.6621281235919173,1.233
P02,01,segment_1152,carrying,3.0,-50.0,0.35322211265292036,1.464
P02,01,segment_1153,free_movement,0.75,5.0,0.4973393592541747,1.458
P02,01,segment_1155,free_movement,2.25,295.0,0.5611548586098749,1.152
P02,01,segment_1156,carrying,2.25,-50.0,0.3091486171454783,0.9855
P02,01,segment_1157,free_movement,2.0,-30.0,0.5364360322484594,1.0525
P02,01,segment_1158,carrying,2.0,-45.0,0.38878297586155425,1.163
P02,01,segment_1159,free_movement,4.25,5.0,0.6289133542808044,1.319
P02,01,segment_1161,free_movement,6.0,295.0,0.44165107076156146,1.1905
P02,01,segment_1162,carrying,6.0,-50.0,0.4948937178712371,1.5565
P02,01,segment_1163,free_movement,3.0,10.0,0.5961627352228966,1.28
P02,01,segment_1164,carrying,3.0,315.0,0.3707326331120175,0.8
P02,01,segment_1169,free_movement,3.0,350.0,0.6111106835310818,1.304
P02,01,segment_1170,carrying,3.0,-50.0,0.41733541818164804,1.657
P02,01,segment_1171,free_movement,1.0,85.0,0.41157747292536534,1.0525
P02,01,segment_1172,carrying,1.0,-25.0,0.3689917575727866,0.9195
P02,01,segment_1173,free_movement,0.75,350.0,0.44000783007490374,1.225
P02,01,segment_1175,free_movement,6.0,0.0,0.4128899049873516,1.2975
P02,01,segment_1176,carrying,6.0,125.0,0.39419041125034626,1.4555
P02,01,segment_1177,free_movement,4.25,0.0,0.7447457954895919,1.3275
P02,01,segment_1179,free_movement,2.25,10.0,0.5482664389768808,1.3905
P02,01,segment_1180,carrying,2.25,-10.0,0.3609940938899217,0.709
P02,01,segment_1183,free_movement,2.0,5.0,0.600192267180224,1.3165
P02,01,segment_1185,free_movement,6.0,10.0,0.6311520517464214,1.482
P02,01,segment_1186,carrying,6.0,-50.0,0.3916199591213745,1.398
P02,01,segment_1187,free_movement,1.0,-10.0,0.7693401774075989,1.08
P02,01,segment_1189,free_movement,2.25,205.0,0.5643192393109943,1.1885
P02,01,segment_1191,free_movement,0.75,135.0,0.46848076445373726,0.995
P02,01,segment_1192,carrying,0.75,-50.0,0.31455812735868566,1.2525
P02,01,segment_1193,free_movement,4.25,335.0,0.41297059097368605,1.298
P02,01,segment_1195,free_movement,2.0,-10.0,0.49457512681538823,1.065
P02,01,segment_1196,carrying,2.0,350.0,0.32366588176998307,1.4085
P02,01,segment_1197,free_movement,2.25,165.0,0.44324954810222494,1.2085
P02,01,segment_1199,free_movement,6.0,75.0,0.5196242157999154,1.3465
P02,01,segment_1203,free_movement,3.0,0.0,0.7751352509305771,1.519
P02,01,segment_1204,carrying,3.0,210.0,0.31067613864778887,1.3655
P02,01,segment_1206,carrying,0.75,-35.0,0.4292830221030866,0.8175
P02,01,segment_1207,free_movement,1.0,195.0,0.4586783792500553,1.4155
P02,01,segment_1208,carrying,1.0,-50.0,0.38071769691535967,1.107
P02,01,segment_1209,free_movement,4.25,350.0,0.36778738693164087,1.2855
P02,01,segment_1211,free_movement,2.25,310.0,0.5370797625409176,1.1105
P02,01,segment_1212,carrying,2.25,25.0,0.41724106662662785,0.81
P02,01,segment_1213,free_movement,3.0,10.0,0.5569900863567013,1.37
P02,01,segment_1214,carrying,3.0,-50.0,0.3255575743384583,1.31
P02,01,segment_1215,free_movement,6.0,240.0,0.5555841257946998,1.1
P02,01,segment_1218,carrying,2.0,-50.0,0.5362221481786555,1.1275
P02,01,segment_1221,free_movement,0.75,105.0,0.30326776388280396,0.884
P02,01,segment_1223,free_movement,2.25,305.0,0.5176517616088495,1.3355
P02,01,segment_1226,carrying,0.75,-50.0,0.34367414659386386,0.7705
P02,01,segment_1227,free_movement,4.25,30.0,0.41292385957353217,1.8455
P02,01,segment_1228,carrying,4.25,315.0,0.3155244882600332,1.463
P02,01,segment_1229,free_movement,2.0,-50.0,0.41490479813703796,1.141
P02,01,segment_1230,carrying,2.0,-25.0,0.4756174593060278,0.854
P02,01,segment_1231,free_movement,6.0,340.0,0.4780413246693524,1.2955
P02,01,segment_1232,carrying,6.0,-50.0,0.5218175155796745,1.273
P02,01,segment_1233,free_movement,3.0,-20.0,0.5218038201874895,1.266
P02,01,segment_1234,carrying,3.0,-50.0,0.47247694528996853,1.2945
P02,01,segment_1235,free_movement,1.0,10.0,0.4775277739869008,1.3015
P02,01,segment_1237,free_movement,0.75,40.0,0.58380688775969,1.193
P02,01,segment_1239,free_movement,4.25,0.0,0.45932882305447276,1.344
P02,01,segment_1241,free_movement,3.0,330.0,0.389564807797056,1.23
P02,01,segment_1243,free_movement,2.0,175.0,0.5206440452582414,1.2545
P02,01,segment_1244,carrying,2.0,-30.0,0.47776057320764953,1.225
P02,01,segment_1245,free_movement,1.0,260.0,0.41296908396477844,1.0125
P02,01,segment_1247,free_movement,6.0,10.0,0.4572347429420496,1.4465
P02,01,segment_1249,free_movement,2.25,-5.0,0.7206040067173256,1.1015
P02,01,segment_1250,carrying,2.25,-50.0,0.3589641491039318,1.181
P02,01,segment_1251,free_movement,2.25,290.0,0.4898659346346464,1.0135
P02,01,segment_1253,free_movement,1.0,145.0,0.5784451769200173,1.3335
P02,01,segment_1254,carrying,1.0,-50.0,0.471855721660847,1.386
P02,01,segment_1256,carrying,6.0,-50.0,0.3175591702483192,1.494
P02,01,segment_1257,free_movement,2.0,0.0,0.5054269938038214,1.1995
P02,01,segment_1259,free_movement,0.75,175.0,0.6177262067955072,1.039
P02,01,segment_1260,carrying,0.75,350.0,0.40166040309993084,1.089
P02,01,segment_1261,free_movement,4.25,155.0,0.3536516660359069,1.402
P02,01,segment_1263,free_movement,3.0,10.0,0.633461616277572,1.2835
P02,01,segment_1266,carrying,2.0,215.0,0.4626580748473624,1.1465
P02,01,segment_1267,free_movement,2.25,0.0,0.4503117473827498,1.6865
P02,01,segment_1269,free_movement,0.75,120.0,0.43275575374148817,1.0495
P02,01,segment_1270,carrying,0.75,-35.0,0.31734265455795607,1.114
P02,01,segment_1271,free_movement,6.0,15.0,0.7317133890862292,1.2195
P02,01,segment_1272,carrying,6.0,340.0,0.3094946357054557,0.979
P02,01,segment_1273,free_movement,3.0,325.0,0.4879331881956953,1.2025
P02,01,segment_1274,carrying,3.0,-50.0,0.4740063096279647,1.663
P02,01,segment_1275,free_movement,1.0,350.0,0.47638896177361245,1.1485
P02,01,segment_1276,carrying,1.0,350.0,0.3540743731746557,1.268
P02,01,segment_1277,free_movement,4.25,60.0,0.5783976917200806,1.546
P02,01,segment_1279,free_movement,3.0,15.0,0.689704402485346,1.2465
P02,01,segment_1280,carrying,3.0,330.0,0.5400926407850222,1.3505
P02,01,segment_1281,free_movement,2.25,-15.0,0.4655111870485659,1.3695
P02,01,segment_1282,carrying,2.25,-25.0,0.32563728237397205,2.838
P02,01,segment_1283,free_movement,0.75,5.0,0.5847616503486656,1.4665
P02,01,segment_1284,carrying,0.75,325.0,0.5292422075797197,0.776
P02,01,segment_1285,free_movement,6.0,60.0,0.5211394600815069,1.413
P02,01,segment_1287,free_movement,4.25,-15.0,0.4398002574358656,1.3175
P02,01,segment_1289,free_movement,1.0,5.0,0.6849661052857953,1.5045
P02,01,segment_1291,free_movement,2.0,5.0,0.4188486401715667,1.0465
P02,01,segment_1293,free_movement,2.25,35.0,0.5790545464613842,1.2005
P02,01,segment_1294,carrying,2.25,100.0,0.4305803839094044,0.8565
P02,01,segment_1295,free_movement,1.0,205.0,0.5126639811713916,1.0505
P02,01,segment_1297,free_movement,6.0,0.0,0.6958889749638223,1.2695
P02,01,segment_1298,carrying,6.0,-50.0,0.336168839261519,0.9545
P02,01,segment_1299,free_movement,2.0,0.0,0.506094058397696,1.3275
P02,01,segment_1300,carrying,2.0,-50.0,0.44744775901407124,1.1755
P02,01,segment_1301,free_movement,0.75,145.0,0.6186223680243593,0.9775
P02,01,segment_1302,carrying,0.75,350.0,0.32935269528064326,0.792
P02,01,segment_1303,free_movement,4.25,25.0,0.5221252916284383,1.5105
P02,01,segment_1305,free_movement,3.0,55.0,0.5111249445688596,1.557
P02,01,segment_1307,free_movement,0.75,320.0,0.7948329332045908,0.979
P02,01,segment_1310,carrying,2.0,280.0,0.3756930444494434,0.991
P02,01,segment_1312,carrying,1.0,-50.0,0.5106722600574564,1.278
P02,01,segment_1313,free_movement,4.25,20.0,0.48058082378979516,1.4175
P02,01,segment_1314,carrying,4.25,345.0,0.5440726718165217,1.1185
P02,01,segment_1315,free_movement,3.0,0.0,0.5257969134785223,1.3605
P02,01,segment_1316,carrying,3.0,230.0,0.4513687740231409,1.2955
P02,01,segment_1317,free_movement,6.0,-5.0,0.6227811553926539,1.7365
P02,01,segment_1321,free_movement,1.0,190.0,0.5136893158519845,0.9295
P02,01,segment_1322,carrying,1.0,-20.0,0.3725373970657784,1.0475
P02,01,segment_1323,free_movement,2.0,45.0,0.4360316144728978,1.203
P02,01,segment_1325,free_movement,3.0,30.0,0.49931107031051775,1.308
P02,01,segment_1327,free_movement,2.25,115.0,0.31895223140281026,1.052
P02,01,segment_1328,carrying,2.25,350.0,0.30985842090062526,0.936
P02,01,segment_1329,free_movement,0.75,165.0,0.40231523137322006,1.088
P02,01,segment_1330,carrying,0.75,-50.0,0.4048598322630935,0.7465
P02,01,segment_1331,free_movement,4.25,5.0,0.5370616621569916,1.4625
P02,01,segment_1332,carrying,4.25,245.0,0.35210319114681693,1.38
P02,01,segment_1333,free_movement,6.0,10.0,0.7181729040232535,1.329
P02,01,segment_1335,free_movement,6.0,5.0,0.5491603689030623,1.219
P02,01,segment_1337,free_movement,4.25,5.0,0.556353647348954,1.4655
P02,01,segment_1339,free_movement,0.75,255.0,0.4412080684666925,1.1295
P02,01,segment_1340,carrying,0.75,-35.0,0.3600203205608639,1.014
P02,01,segment_1342,carrying,2.0,-50.0,0.32835640963057744,0.781
P02,01,segment_1343,free_movement,1.0,190.0,0.5490102620244182,1.284
P02,01,segment_1345,free_movement,3.0,170.0,0.6623594451298285,1.058
P02,01,segment_1347,free_movement,2.25,5.0,0.6259145502540631,1.333
P02,01,segment_1349,free_movement,0.75,-15.0,0.6635775899738942,1.1585
P02,01,segment_1351,free_movement,2.25,275.0,0.4833398969547555,1.2435
P02,01,segment_1352,carrying,2.25,-15.0,0.39721186447005374,1.314
P02,01,segment_1353,free_movement,6.0,55.0,0.5779229878154234,1.4215
P02,01,segment_1354,carrying,6.0,235.0,0.45690600559760935,1.0255
P02,01,segment_1355,free_movement,4.25,0.0,0.6205472232382139,1.238
P02,01,segment_1357,free_movement,3.0,290.0,0.4526541571949296,1.159
P02,01,segment_1359,free_movement,1.0,80.0,0.5084588346032395,1.3685
P02,01,segment_1361,free_movement,2.0,0.0,0.4446240789646791,1.0345
P02,01,segment_1363,free_movement,1.0,195.0,0.4721551753056793,1.0945
P02,01,segment_1365,free_movement,3.0,30.0,0.5450039639879543,1.437
P02,01,segment_1367,free_movement,2.0,5.0,0.6541850119746242,1.064
P02,01,segment_1368,carrying,2.0,-10.0,0.4089253917822993,0.8565
P02,01,segment_1369,free_movement,4.25,5.0,0.4807798085600376,1.3915
P02,01,segment_1370,carrying,4.25,-35.0,0.5015640800459503,0.8275
P02,01,segment_1371,free_movement,0.75,-5.0,0.6744898024580736,1.283
P02,01,segment_1372,carrying,0.75,315.0,0.606711151332451,1.156
P02,01,segment_1373,free_movement,6.0,0.0,0.4765577935425263,1.362
P02,01,segment_1374,carrying,6.0,-40.0,0.4880038082861188,1.2085
P02,01,segment_1375,free_movement,2.25,230.0,0.43396239357019606,1.546
P02,01,segment_1377,free_movement,0.75,330.0,0.46039469830699914,1.5975
P02,01,segment_1378,carrying,0.75,-50.0,0.3108973898445746,1.127
P02,01,segment_1379,free_movement,2.25,15.0,0.4395665814251776,1.66
P02,01,segment_1381,free_movement,6.0,5.0,0.5978362901537105,1.965
P02,01,segment_1383,free_movement,4.25,20.0,0.6205678743182592,1.1965
P02,01,segment_1384,carrying,4.25,310.0,0.823193083112059,0.7695
P02,01,segment_1387,free_movement,2.0,-50.0,0.39511302565647966,1.455
P02,01,segment_1389,free_movement,3.0,255.0,0.3193456478076578,1.5255
P02,01,segment_1392,carrying,2.25,-5.0,0.4698688047407136,1.6845
P02,01,segment_1393,free_movement,6.0,55.0,0.5451677788040905,1.768
P02,01,segment_1394,carrying,6.0,335.0,0.3231562061189671,1.087
P02,01,segment_1395,free_movement,3.0,10.0,0.5882224467558788,1.4755
P02,01,segment_1396,carrying,3.0,350.0,0.4597880200846723,0.8615
P02,01,segment_1397,free_movement,0.75,0.0,0.4159354405336256,1.6475
P02,01,segment_1399,free_movement,1.0,260.0,0.752764679681575,1.091
P02,01,segment_1401,free_movement,2.0,15.0,0.47652909406697075,1.587
P02,01,segment_1403,free_movement,4.25,65.0,0.5679400665822291,1.343
P02,01,segment_1405,free_movement,2.0,15.0,0.547564140631313,1.136
P02,01,segment_1407,free_movement,4.25,60.0,0.37721797873507473,1.293
P02,01,segment_1408,carrying,4.25,-50.0,0.3436345306397887,0.8745
P02,01,segment_1409,free_movement,3.0,5.0,0.5095081398618966,1.3205
P02,01,segment_1410,carrying,3.0,-15.0,0.3107338484568158,1.8935
P02,01,segment_1411,free_movement,0.75,-50.0,0.3800634861060074,1.1285
P02,01,segment_1412,carrying,0.75,345.0,0.4373296007828658,1.0325
P02,01,segment_1413,free_movement,1.0,155.0,0.41521258874777717,1.107
P02,01,segment_1415,free_movement,2.25,85.0,0.40138553042283276,1.1955
P02,01,segment_1417,free_movement,6.0,350.0,0.5060095072887861,1.307
P02,01,segment_1419,free_movement,1.0,0.0,0.6732359464614016,1.2715
P02,01,segment_1420,carrying,1.0,315.0,0.328425839042036,0.888
P02,01,segment_1421,free_movement,6.0,30.0,0.6067385605802316,1.36
P02,01,segment_1423,free_movement,3.0,5.0,0.6921611716075227,1.3595
P02,01,segment_1425,free_movement,0.75,5.0,0.7107068907951289,1.3995
P02,01,segment_1427,free_movement,4.25,20.0,0.33656186953559175,1.2575
P03,01,segment_0000,free_movement,3.0,5.0,0.6189431143829865,1.996
P03,01,segment_0002,free_movement,2.0,10.0,0.6299943135363519,2.063
P03,01,segment_0004,free_movement,6.0,95.0,0.5227946208259667,1.9475
P03,01,segment_0006,free_movement,1.0,-10.0,0.6088374377179065,1.368
P03,01,segment_0010,free_movement,2.25,-10.0,0.4804147346425015,2.263
P03,01,segment_0012,free_movement,0.75,-40.0,0.414377993351795,1.264
P03,01,segment_0013,carrying,0.75,15.0,0.35458536051474737,0.781
P03,01,segment_0014,free_movement,6.0,10.0,0.5640798684237618,1.1025
P03,01,segment_0016,free_movement,2.25,110.0,0.43098243178815426,1.8395
P03,01,segment_0019,carrying,2.0,-50.0,0.453636015009935,1.436
P03,01,segment_0020,free_movement,4.25,5.0,0.4766353091965028,3.239
P03,01,segment_0022,free_movement,3.0,5.0,0.5375130027477929,1.8005
P03,01,segment_0023,carrying,3.0,-35.0,0.42123519221798306,3.001
P03,01,segment_0024,free_movement,0.75,-50.0,0.3913839122792731,1.065
P03,01,segment_0025,carrying,0.75,-50.0,0.4241714618255043,1.237
P03,01,segment_0026,free_movement,1.0,285.0,0.4404072554848243,2.169
P03,01,segment_0028,free_movement,2.25,200.0,0.4902132733847947,1.8355
P03,01,segment_0030,free_movement,4.25,45.0,0.48722240096327907,2.008
P03,01,segment_0034,free_movement,0.75,-20.0,0.3358158203313722,1.785
P03,01,segment_0035,carrying,0.75,285.0,0.6479955411130911,1.8105
P03,01,segment_0037,carrying,1.0,170.0,0.3409944784874873,1.3285
P03,01,segment_0038,free_movement,3.0,-10.0,0.5834687698986859,2.202
P03,01,segment_0040,free_movement,6.0,55.0,0.5825935195179465,1.8265
P03,01,segment_0044,free_movement,1.0,285.0,0.3999712372704235,1.694
P03,01,segment_0046,free_movement,2.0,105.0,0.3479399890645254,1.7535
P03,01,segment_0048,free_movement,2.25,195.0,0.34694486273130964,1.542
P03,01,segment_0050,free_movement,4.25,10.0,0.497931384717979,2.7475
P03,01,segment_0052,free_movement,6.0,190.0,0.3316614785653465,1.3265
P03,01,segment_0054,free_movement,3.0,-10.0,0.5662743839976685,1.051
P03,01,segment_0055,carrying,3.0,-40.0,0.5188330524025947,1.3815
P03,01,segment_0056,free_movement,1.0,150.0,0.40874033659124603,1.4325
P03,01,segment_0057,carrying,1.0,265.0,0.4057847560079788,1.86
P03,01,segment_0058,free_movement,6.0,15.0,0.6037220764966399,1.4265
P03,01,segment_0060,free_movement,2.25,175.0,0.3992228021707201,1.2745
P03,01,segment_0064,free_movement,2.0,100.0,0.45983684206711584,1.088
P03,01,segment_0065,carrying,2.0,-40.0,0.5319588121401746,0.934
P03,01,segment_0066,free_movement,4.25,95.0,0.34101195901166814,1.5625
P03,01,segment_0068,free_movement,3.0,0.0,0.5963813650692528,1.4545
P03,01,segment_0069,carrying,3.0,-50.0,0.3214577472714864,1.8815
P03,01,segment_0070,free_movement,1.0,-50.0,0.3539926409172382,2.001
P03,01,segment_0071,carrying,1.0,-50.0,0.4933069788429757,0.8205
P03,01,segment_0072,free_movement,6.0,5.0,0.37674309633472336,1.3305
P03,01,segment_0074,free_movement,3.0,45.0,0.4063974395564467,2.4475
P03,01,segment_0076,free_movement,2.25,-15.0,0.4095279887171649,1.7085
P03,01,segment_0077,carrying,2.25,350.0,0.3072806541943096,1.1565
P03,01,segment_0080,free_movement,2.0,105.0,0.4563437184887738,0.8325
P03,01,segment_0084,free_movement,6.0,60.0,0.46118501189428607,1.6645
P03,01,segment_0086,free_movement,3.0,285.0,0.4194043948484634,1.5225
P03,01,segment_0090,free_movement,1.0,-45.0,0.38278554547458016,1.843
P03,01,segment_0092,free_movement,2.0,15.0,0.3769578931502244,1.6845
P03,01,segment_0094,free_movement,4.25,155.0,0.5465613186230134,1.4405
P03,01,segment_0096,free_movement,2.25,285.0,0.34123904152855616,2.6045
P03,01,segment_0098,free_movement,0.75,5.0,0.30904507486647315,1.349
P03,01,segment_0100,free_movement,2.25,5.0,0.36910869942269875,2.059
P03,01,segment_0102,free_movement,1.0,-10.0,0.5257615272665237,1.607
P03,01,segment_0103,carrying,1.0,345.0,0.42685701760336103,1.104
P03,01,segment_0104,free_movement,6.0,325.0,0.4147968617405096,1.512
P03,01,segment_0106,free_movement,4.25,35.0,0.42152891022175865,3.6785
P03,01,segment_0108,free_movement,3.0,-10.0,0.4667079872163975,1.68
P03,01,segment_0112,free_movement,2.25,245.0,0.3838695340959065,3.8625
P03,01,segment_0113,carrying,2.25,345.0,0.34160036527725235,0.884
P03,01,segment_0114,free_movement,0.75,-50.0,0.45853331968017763,1.368
P03,01,segment_0115,carrying,0.75,290.0,0.43966982042559594,0.913
P03,01,segment_0116,free_movement,6.0,5.0,0.4622666087270935,1.182
P03,01,segment_0118,free_movement,4.25,5.0,0.46907999186440846,1.9805
P03,01,segment_0120,free_movement,1.0,120.0,0.5991891082468661,1.1375
P03,01,segment_0122,free_movement,2.0,15.0,0.5830181534404005,1.5885
P03,01,segment_0124,free_movement,3.0,-35.0,0.34434151038288885,1.3755
P03,01,segment_0125,carrying,3.0,-30.0,0.47232676903257065,0.9315
P03,01,segment_0126,free_movement,3.0,-10.0,0.452973323777523,0.9535
P03,01,segment_0128,free_movement,0.75,115.0,0.45348706152348583,1.861
P03,01,segment_0132,free_movement,2.0,0.0,0.7366739025555025,1.695
P03,01,segment_0133,carrying,2.0,-50.0,0.34111451015550665,0.8185
P03,01,segment_0134,free_movement,2.25,125.0,0.43662584512278513,1.462
P03,01,segment_0136,free_movement,6.0,175.0,0.46512761063000735,2.4405
P03,01,segment_0138,free_movement,4.25,50.0,0.3410931539902457,2.746
P03,01,segment_0142,free_movement,1.0,40.0,0.39316877876901535,1.971
P03,01,segment_0144,free_movement,3.0,10.0,0.6978628885041,1.823
P03,01,segment_0146,free_movement,2.25,225.0,0.3121417922059046,3.554
P03,01,segment_0147,carrying,2.25,345.0,0.3934031237014323,1.542
P03,01,segment_0148,free_movement,2.0,0.0,0.3756338699810627,1.759
P03,01,segment_0149,carrying,2.0,-35.0,0.34150043857946333,1.5405
P03,01,segment_0150,free_movement,4.25,55.0,0.43513770946471425,1.853
P03,01,segment_0152,free_movement,0.75,25.0,0.38992567821009855,1.2455
P03,01,segment_0153,carrying,0.75,225.0,0.4445047890788437,0.9125
P03,01,segment_0154,free_movement,3.0,10.0,0.3882831567889025,1.3925
P03,01,segment_0156,free_movement,1.0,335.0,0.4137579701788527,2.8395
P03,01,segment_0157,carrying,1.0,-50.0,0.3097783324869677,1.137
P03,01,segment_0158,free_movement,4.25,135.0,0.4519914421007982,1.681
P03,01,segment_0160,free_movement,0.75,100.0,0.45868000252068186,1.523
P03,01,segment_0162,free_movement,6.0,5.0,0.5583998872274855,2.0265
P03,01,segment_0164,free_movement,2.0,0.0,0.655137704616502,1.336
P03,01,segment_0165,carrying,2.0,215.0,0.30127847781829803,1.542
P03,01,segment_0166,free_movement,2.25,135.0,0.30330765306709406,1.3115
P03,01,segment_0168,free_movement,3.0,175.0,0.3829487995511279,1.974
P03,01,segment_0170,free_movement,1.0,-5.0,0.3023325536595737,1.344
P03,01,segment_0171,carrying,1.0,-10.0,0.6200828119691817,0.961
P03,01,segment_0172,free_movement,2.25,-10.0,0.5376113281452334,1.652
P03,01,segment_0173,carrying,2.25,-25.0,0.4260507883841693,1.025
P03,01,segment_0176,free_movement,0.75,-15.0,0.5734035011781471,1.296
P03,01,segment_0177,carrying,0.75,100.0,0.5005643557255318,0.8285
P03,01,segment_0178,free_movement,6.0,325.0,0.5397794870992745,1.2675
P03,01,segment_0184,free_movement,0.75,255.0,0.5324221869138973,1.033
P03,01,segment_0185,carrying,0.75,-20.0,0.4157716047151144,0.811
P03,01,segment_0186,free_movement,4.25,10.0,0.37722337579503823,1.4615
P03,01,segment_0189,carrying,1.0,240.0,0.6867041942909806,1.0705
P03,01,segment_0190,free_movement,2.25,110.0,0.47501775833077114,1.4515
P03,01,segment_0191,carrying,2.25,55.0,0.45005154753326587,3.174
P03,01,segment_0192,free_movement,2.0,25.0,0.5477387947666024,1.8385
P03,01,segment_0193,carrying,2.0,-15.0,0.36026403820335073,1.091
P03,01,segment_0194,free_movement,6.0,0.0,0.6747719090980314,1.3305
P03,01,segment_0196,free_movement,2.25,235.0,0.39176648466969316,2.0095
P03,01,segment_0198,free_movement,1.0,270.0,0.3258013169281677,1.844
P03,01,segment_0199,carrying,1.0,-50.0,0.522003973069491,1.3685
P03,01,segment_0200,free_movement,4.25,15.0,0.5278521815080425,1.835
P03,01,segment_0202,free_movement,0.75,10.0,0.33435386480420737,1.7155
P03,01,segment_0204,free_movement,6.0,-5.0,0.4190932280852164,2.0245
P03,01,segment_0206,free_movement,2.0,-20.0,0.4688498137011024,1.872
P03,01,segment_0207,carrying,2.0,-50.0,0.3078550888257082,1.654
P03,01,segment_0208,free_movement,3.0,175.0,0.45931136314750554,1.534
P03,01,segment_0212,free_movement,0.75,350.0,0.3608151636966258,1.213
P03,01,segment_0214,free_movement,6.0,-45.0,0.37667126744467966,1.821
P03,01,segment_0216,free_movement,2.25,40.0,0.5605842791436315,1.6685
P03,01,segment_0220,free_movement,4.25,10.0,0.6781279628089929,1.3525
P03,01,segment_0224,free_movement,1.0,235.0,0.44260673364222103,1.125
P03,01,segment_0225,carrying,1.0,-50.0,0.44131221723421366,0.832
P03,01,segment_0226,free_movement,2.0,-50.0,0.33662166969007085,1.175
P03,01,segment_0228,free_movement,0.75,30.0,0.5776242921960189,2.0085
P03,01,segment_0230,free_movement,2.25,280.0,0.46507717719831787,1.7305
P03,01,segment_0232,free_movement,6.0,0.0,0.38623000619386527,1.671
P03,01,segment_0233,carrying,6.0,215.0,0.5858725533086373,1.0045
P03,01,segment_0234,free_movement,3.0,290.0,0.36099345499357194,4.816
P03,01,segment_0235,carrying,3.0,345.0,0.3528512711552248,0.8755
P03,01,segment_0236,free_movement,4.25,-5.0,0.46332866947366785,2.306
P03,01,segment_0238,free_movement,2.0,225.0,0.3641128607339449,1.0475
P03,01,segment_0242,free_movement,4.25,10.0,0.38794266772657704,1.688
P03,01,segment_0244,free_movement,0.75,-35.0,0.4839894893579695,1.255
P03,01,segment_0246,free_movement,6.0,0.0,0.5957402683411845,7.3145
P03,01,segment_0252,free_movement,2.0,-50.0,0.3742537860233257,3.7755
P03,01,segment_0254,free_movement,2.25,-10.0,0.37100919290678264,44.5945
P03,01,segment_0255,carrying,2.25,-50.0,0.3041727601280701,1.8905
P03,01,segment_0256,free_movement,3.0,10.0,0.4690668099324546,2.364
P03,01,segment_0258,free_movement,4.25,35.0,0.5461214976474354,2.0265
P03,01,segment_0260,free_movement,6.0,0.0,0.5936409466630868,1.2695
P03,01,segment_0261,carrying,6.0,-50.0,0.47006387032548497,0.82
P03,01,segment_0264,free_movement,1.0,280.0,0.38351213027381176,1.4385
P03,01,segment_0265,carrying,1.0,-15.0,0.5720131535831526,0.8665
P03,01,segment_0266,free_movement,1.0,350.0,0.5993614662129373,1.039
P03,01,segment_0267,carrying,1.0,85.0,0.34510283891487037,1.272
P03,01,segment_0268,free_movement,4.25,5.0,0.35892156262346586,1.4485
P03,01,segment_0269,carrying,4.25,330.0,0.31899315393612193,0.893
P03,01,segment_0273,carrying,2.0,205.0,0.31503095347418597,0.835
P03,01,segment_0274,free_movement,2.25,55.0,0.3252023657028783,1.897
P03,01,segment_0275,carrying,2.25,-5.0,0.7362912160832163,1.0055
P03,01,segment_0276,free_movement,3.0,0.0,0.7333727667616774,1.9795
P03,01,segment_0277,carrying,3.0,-10.0,0.5976812105838313,1.437
P03,01,segment_0278,free_movement,6.0,35.0,0.5532606150723607,1.7055
P03,01,segment_0280,free_movement,1.0,340.0,0.5827940108005386,1.342
P03,01,segment_0282,free_movement,3.0,-50.0,0.4804462350120209,1.5455
P03,01,segment_0284,free_movement,2.0,350.0,0.4120697137499067,1.608
P03,01,segment_0286,free_movement,6.0,90.0,0.3858062934586825,1.8235
P03,01,segment_0289,carrying,0.75,-50.0,0.33919101981476957,1.142
P03,01,segment_0290,free_movement,4.25,350.0,0.3103612983641254,1.9245
P03,01,segment_0291,carrying,4.25,-50.0,0.3157259476238419,0.9895
P03,01,segment_0292,free_movement,2.25,260.0,0.48282700351648855,2.4715
P03,01,segment_0295,carrying,0.75,280.0,0.3125296613308326,1.2195
P03,01,segment_0296,free_movement,4.25,350.0,0.4686570137150183,1.69
P03,01,segment_0298,free_movement,3.0,-5.0,0.5121873725816425,2.789
P03,01,segment_0300,free_movement,2.0,5.0,0.5587979702451218,1.77
P03,01,segment_0302,free_movement,1.0,0.0,0.6356203639009876,2.4215
P03,01,segment_0303,carrying,1.0,210.0,0.3080232683092052,0.9505
P03,01,segment_0304,free_movement,6.0,30.0,0.4913830525522486,2.1965
P03,01,segment_0306,free_movement,2.25,0.0,0.5330820975745296,1.3775
P03,01,segment_0307,carrying,2.25,255.0,0.3603851650192956,1.0115
P03,01,segment_0308,free_movement,3.0,-25.0,0.5640534381602111,2.134
P03,01,segment_0310,free_movement,2.25,150.0,0.4329468566543152,1.6375
P03,01,segment_0311,carrying,2.25,-50.0,0.480006365949088,0.9945
P03,01,segment_0312,free_movement,4.25,325.0,0.5569503779061504,1.396
P03,01,segment_0314,free_movement,2.0,10.0,0.3556188368158311,3.3275
P03,01,segment_0316,free_movement,1.0,255.0,0.4770569048107411,3.6975
P03,01,segment_0318,free_movement,0.75,5.0,0.35870572977017856,5.095
P03,01,segment_0319,carrying,0.75,-30.0,0.31282113585601173,1.5415
P03,01,segment_0320,free_movement,6.0,60.0,0.4789713671079592,2.569
P03,01,segment_0322,free_movement,4.25,335.0,0.3561884392667433,2.1965
P03,01,segment_0324,free_movement,6.0,30.0,0.5023553929782071,5.1515
P03,01,segment_0326,free_movement,3.0,60.0,0.47138810960792094,1.3725
P03,01,segment_0327,carrying,3.0,345.0,0.39785100705563325,1.591
P03,01,segment_0328,free_movement,2.0,245.0,0.5030349775961072,1.127
P03,01,segment_0329,carrying,2.0,-50.0,0.43066312942836615,1.15
P03,01,segment_0332,free_movement,0.75,-15.0,0.7389672264285736,1.154
P03,01,segment_0334,free_movement,1.0,5.0,0.4162663976163642,1.5565
P03,01,segment_0335,carrying,1.0,290.0,0.3088074685279747,1.16
P03,01,segment_0336,free_movement,6.0,0.0,0.5561297558131854,1.3875
P03,01,segment_0338,free_movement,3.0,350.0,0.4339803627087563,1.3915
P03,01,segment_0339,carrying,3.0,-50.0,0.3241530768174589,1.7805
P03,01,segment_0340,free_movement,1.0,-5.0,0.5350239899079158,1.0885
P03,01,segment_0341,carrying,1.0,-50.0,0.38715493677719093,1.158
P03,01,segment_0343,carrying,2.0,350.0,0.3005504257228314,1.652
P03,01,segment_0344,free_movement,0.75,105.0,0.458875957602173,1.5245
P03,01,segment_0348,free_movement,2.25,-20.0,0.41327397464379134,1.5585
P03,01,segment_0350,free_movement,0.75,-5.0,0.6925285623423274,1.7055
P03,01,segment_0351,carrying,0.75,285.0,0.477978976514381,0.9425
P03,01,segment_0352,free_movement,4.25,80.0,0.3546240047742617,3.6795
P03,01,segment_0354,free_movement,3.0,-35.0,0.4488785029293962,1.809
P03,01,segment_0356,free_movement,2.0,5.0,0.5163567399831153,1.6405
P03,01,segment_0358,free_movement,6.0,5.0,0.569348067856958,3.565
P03,01,segment_0360,free_movement,2.25,215.0,0.31642630211376255,3.56
P03,01,segment_0362,free_movement,1.0,5.0,0.4472922674563139,3.7725
P03,01,segment_0364,free_movement,2.25,10.0,0.46604892969289996,1.365
P03,01,segment_0366,free_movement,1.0,-50.0,0.44597904390546456,1.3425
P03,01,segment_0368,free_movement,4.25,70.0,0.4063173982491181,2.385
P03,01,segment_0372,free_movement,6.0,0.0,0.768520240905151,1.3425
P03,01,segment_0374,free_movement,0.75,160.0,0.4822534574942798,1.0805
P03,01,segment_0376,free_movement,2.0,305.0,0.5211692350574717,1.387
P03,01,segment_0380,free_movement,2.0,35.0,0.4666704813930733,1.2305
P03,01,segment_0381,carrying,2.0,350.0,0.38648912044892536,1.2655
P03,01,segment_0384,free_movement,0.75,175.0,0.4572375378882067,0.952
P03,01,segment_0388,free_movement,4.25,85.0,0.5355514518817938,4.616
P03,01,segment_0390,free_movement,6.0,350.0,0.5280164608285128,1.1965
P03,01,segment_0391,carrying,6.0,245.0,0.31129727401783,0.991
P03,01,segment_0392,free_movement,2.0,-35.0,0.39883200088238463,1.095
P03,01,segment_0394,free_movement,6.0,230.0,0.44666950024062685,1.194
P03,01,segment_0396,free_movement,0.75,-25.0,0.40294477449488686,0.841
P03,01,segment_0398,free_movement,3.0,-10.0,0.3739307169239757,1.2125
P03,01,segment_0399,carrying,3.0,-50.0,0.3256158226559435,1.7075
P03,01,segment_0402,free_movement,4.25,10.0,0.5212055874621331,2.3825
P03,01,segment_0404,free_movement,2.25,105.0,0.43594001316112047,1.5585
P03,01,segment_0406,free_movement,3.0,-50.0,0.32771071720437545,1.8285
P03,01,segment_0408,free_movement,4.25,10.0,0.6098524142804886,2.277
P03,01,segment_0410,free_movement,2.25,295.0,0.47299592138903473,1.3715
P03,01,segment_0413,carrying,2.0,-50.0,0.3124318856570363,1.4
P03,01,segment_0414,free_movement,6.0,-5.0,0.5997325849644216,1.318
P03,01,segment_0416,free_movement,1.0,115.0,0.4065946991630369,1.057
P03,01,segment_0418,free_movement,0.75,0.0,0.7499358134677856,2.0665
P03,01,segment_0419,carrying,0.75,335.0,0.3500550950638574,1.547
P03,01,segment_0420,free_movement,2.25,210.0,0.5268818100510079,1.747
P03,01,segment_0421,carrying,2.25,350.0,0.32627196961659083,2.0065
P03,01,segment_0422,free_movement,4.25,-15.0,0.5111823358444881,1.4925
P03,01,segment_0424,free_movement,0.75,-25.0,0.584587552502539,1.857
P03,01,segment_0425,carrying,0.75,175.0,0.426867054837795,1.286
P03,01,segment_0426,free_movement,6.0,70.0,0.4502870731708342,2.3285
P03,01,segment_0428,free_movement,3.0,285.0,0.4032464195198727,2.1785
P03,01,segment_0430,free_movement,2.0,5.0,0.6064232877609196,2.031
P03,01,segment_0433,carrying,1.0,-30.0,0.46168402577326695,0.846
P03,01,segment_0434,free_movement,2.0,165.0,0.39122588867787667,1.5015
P03,01,segment_0436,free_movement,3.0,40.0,0.5830166526400585,1.807
P03,01,segment_0438,free_movement,4.25,30.0,0.3790221413152391,1.5305
P03,01,segment_0441,carrying,1.0,85.0,0.6323698105204347,0.701
P03,01,segment_0442,free_movement,6.0,-5.0,0.47128048485485274,1.4045
P03,01,segment_0444,free_movement,0.75,-10.0,0.5923421607115441,1.586
P03,01,segment_0446,free_movement,2.25,335.0,0.3658576674737013,1.854
P03,01,segment_0448,free_movement,4.25,5.0,0.43079770812516466,2.194
P03,01,segment_0450,free_movement,3.0,-5.0,0.5541539768019224,3.484
P03,01,segment_0452,free_movement,2.25,225.0,0.45996219608532074,1.6555
P03,01,segment_0453,carrying,2.25,275.0,0.3483586141755354,1.215
P03,01,segment_0454,free_movement,1.0,350.0,0.5391539304258025,1.3105
P03,01,segment_0456,free_movement,2.0,350.0,0.3868395429706377,1.123
P03,01,segment_0458,free_movement,6.0,75.0,0.45249995009631894,1.3425
P03,01,segment_0460,free_movement,0.75,-10.0,0.40933835993894696,1.1905
P03,01,segment_0461,carrying,0.75,-20.0,0.41250705876896004,1.1605
P03,01,segment_0462,free_movement,6.0,180.0,0.45921831108958217,0.862
P03,01,segment_0464,free_movement,0.75,-15.0,0.32513861834350705,1.1395
P03,01,segment_0466,free_movement,2.0,75.0,0.38920420406055023,1.6875
P03,01,segment_0467,carrying,2.0,-15.0,0.42792684910005335,1.1605
P03,01,segment_0468,free_movement,4.25,90.0,0.6523042343771396,14.9
P03,01,segment_0470,free_movement,1.0,350.0,0.3363662024800318,1.7875
P03,01,segment_0474,free_movement,2.25,65.0,0.7853299435075409,1.9195
P03,01,segment_0476,free_movement,6.0,45.0,0.4864127838420781,1.2195
P03,01,segment_0478,free_movement,4.25,70.0,0.4892397516948408,1.701
P03,01,segment_0481,carrying,2.0,-50.0,0.34822912927171024,1.304
P03,01,segment_0482,free_movement,2.25,20.0,0.35746535977546257,2.321
P03,01,segment_0484,free_movement,1.0,-10.0,0.4433190619639374,1.4935
P03,01,segment_0486,free_movement,0.75,-15.0,0.6426877326212462,1.4445
P03,01,segment_0487,carrying,0.75,-5.0,0.46374360481386007,1.1805
P03,01,segment_0488,free_movement,3.0,10.0,0.5501048918969244,1.302
P03,01,segment_0490,free_movement,6.0,10.0,0.35875418970576517,1.801
P03,01,segment_0492,free_movement,4.25,5.0,0.5181493236853227,2.0285
P03,01,segment_0494,free_movement,1.0,25.0,0.5611598793466415,1.3115
P03,01,segment_0495,carrying,1.0,-10.0,0.5383623029719121,0.84
P03,01,segment_0496,free_movement,3.0,195.0,0.40365733478981675,1.7235
P03,01,segment_0498,free_movement,2.0,195.0,0.526008934728215,1.1395
P03,01,segment_0499,free_movement,6.0,10.0,0.8192959917090797,2.038
P03,01,segment_0501,free_movement,4.25,-5.0,0.4442878322958332,2.3415
P03,01,segment_0503,free_movement,1.0,135.0,0.4643550445757496,1.249
P03,01,segment_0504,carrying,1.0,350.0,0.504920464717043,1.2405
P03,01,segment_0505,free_movement,2.0,10.0,0.6237364733406925,0.861
P03,01,segment_0506,carrying,2.0,15.0,0.42790348501843084,1.224
P03,01,segment_0507,free_movement,2.25,30.0,0.620845168236152,1.264
P03,01,segment_0509,free_movement,3.0,35.0,0.3925445377582552,4.5975
P03,01,segment_0511,free_movement,0.75,15.0,0.5161860337949168,2.0415
P03,01,segment_0512,carrying,0.75,350.0,0.6799692540435782,1.188
P03,01,segment_0513,free_movement,6.0,130.0,0.3526421038793269,8.1895
P03,01,segment_0517,free_movement,4.25,5.0,0.48538101044184956,1.5815
P03,01,segment_0519,free_movement,0.75,0.0,0.399847396352372,1.837
P03,01,segment_0520,carrying,0.75,245.0,0.5165533425569375,1.1175
P03,01,segment_0521,free_movement,1.0,175.0,0.3776447290812933,1.298
P03,01,segment_0522,carrying,1.0,-50.0,0.6180103821942771,0.733
P03,01,segment_0523,free_movement,2.25,0.0,0.4332059993927001,1.852
P03,01,segment_0525,free_movement,2.0,-25.0,0.459500924491679,0.996
P03,01,segment_0526,carrying,2.0,-25.0,0.41095657113353745,0.868
P03,01,segment_0528,carrying,1.0,-50.0,0.555950514879756,0.7405
P03,01,segment_0529,free_movement,4.25,-10.0,0.42946365325548763,1.1415
P03,01,segment_0531,free_movement,0.75,150.0,0.4802527322923411,1.124
P03,01,segment_0533,free_movement,3.0,0.0,0.3366491561219581,1.928
P03,01,segment_0535,free_movement,6.0,250.0,0.4227782956176818,1.3565
P03,01,segment_0536,carrying,6.0,335.0,0.3544453830826874,0.85
P03,01,segment_0537,free_movement,2.25,140.0,0.34682044929831873,3.1175
P03,01,segment_0538,carrying,2.25,180.0,0.4954277769540482,1.2665
P03,01,segment_0540,carrying,2.0,-50.0,0.4613084223371738,1.1965
P03,01,segment_0542,carrying,1.0,345.0,0.3819954424279898,1.078
P03,01,segment_0543,free_movement,2.0,65.0,0.4970908985291435,1.201
P03,01,segment_0544,carrying,2.0,-50.0,0.35335706861464405,1.0605
P03,01,segment_0545,free_movement,0.75,45.0,0.6047648036691563,1.0
P03,01,segment_0546,carrying,0.75,285.0,0.503642985572527,0.802
P03,01,segment_0549,free_movement,3.0,-25.0,0.5088106232170149,1.4835
P03,01,segment_0551,free_movement,4.25,20.0,0.42120917742784414,1.299
P03,01,segment_0553,free_movement,2.25,300.0,0.39612725087643547,1.7745
P03,01,segment_0555,free_movement,4.25,10.0,0.6667347376806299,1.534
P03,01,segment_0557,free_movement,2.0,325.0,0.531930811948323,1.084
P03,01,segment_0558,carrying,2.0,-50.0,0.416853521365224,1.2165
P03,01,segment_0559,free_movement,6.0,10.0,0.6481340209591117,1.529
P03,01,segment_0562,carrying,0.75,350.0,0.33590818374600134,0.9195
P03,01,segment_0563,free_movement,2.25,240.0,0.5841424361687709,1.307
P03,01,segment_0565,free_movement,3.0,280.0,0.4329494867501471,1.187
P03,01,segment_0566,carrying,3.0,-50.0,0.582929112888716,1.047
P03,01,segment_0567,free_movement,1.0,50.0,0.367341559843184,2.1365
P03,01,segment_0568,carrying,1.0,335.0,0.5464269131098319,0.759
P03,01,segment_0569,free_movement,2.25,285.0,0.40028150186606976,2.52
P03,01,segment_0571,free_movement,0.75,210.0,0.48348061573965573,1.205
P03,01,segment_0572,carrying,0.75,-50.0,0.31634446351010226,0.9955
P03,01,segment_0573,free_movement,3.0,210.0,0.7829619426243568,1.261
P03,01,segment_0574,carrying,3.0,-50.0,0.30280281026837,0.9195
P03,01,segment_0575,free_movement,6.0,40.0,0.6084944098571049,1.2015
P03,01,segment_0577,free_movement,4.25,10.0,0.31587444020787764,1.957
P03,01,segment_0580,carrying,1.0,240.0,0.5016507339310653,1.261
P03,01,segment_0581,free_movement,2.0,-15.0,0.33461175821644024,1.3685
P03,01,segment_0582,carrying,2.0,345.0,0.429776860707861,1.257
P03,01,segment_0583,free_movement,2.25,-10.0,0.517810947358359,1.481
P03,01,segment_0585,free_movement,1.0,70.0,0.3271066046783083,1.776
P03,01,segment_0587,free_movement,0.75,-10.0,0.7917293833070843,0.869
P03,01,segment_0589,free_movement,2.0,285.0,0.43891106626898263,2.164
P03,01,segment_0591,free_movement,4.25,75.0,0.38505455503989683,1.7355
P03,01,segment_0593,free_movement,6.0,5.0,0.33755611334221647,1.155
P03,01,segment_0595,free_movement,3.0,0.0,0.6112951092198748,1.3195
P03,01,segment_0597,free_movement,2.25,295.0,0.3054109025076901,1.642
P03,01,segment_0599,free_movement,1.0,305.0,0.3151847092762051,0.81
P03,01,segment_0601,free_movement,4.25,-5.0,0.49051129004565486,1.3525
P03,01,segment_0603,free_movement,2.0,-5.0,0.40813233430301044,1.649
P03,01,segment_0605,free_movement,6.0,95.0,0.45833823688060327,2.104
P03,01,segment_0608,carrying,0.75,225.0,0.4152235906424537,1.347
P03,01,segment_0609,free_movement,3.0,310.0,0.5747776184403536,1.0
P03,01,segment_0611,free_movement,3.0,-10.0,0.4146402783154024,1.1665
P03,01,segment_0612,carrying,3.0,330.0,0.4981957304008425,1.12
P03,01,segment_0613,free_movement,6.0,-5.0,0.6998656849330251,1.913
P03,01,segment_0615,free_movement,2.25,350.0,0.3005030441137563,1.226
P03,01,segment_0619,free_movement,1.0,70.0,0.5092042000761305,0.9485
P03,01,segment_0620,carrying,1.0,245.0,0.42289133343155233,0.7625
P03,01,segment_0621,free_movement,4.25,275.0,0.4429775682940594,1.467
P03,01,segment_0623,free_movement,2.0,0.0,0.6814882226439618,1.416
P03,01,segment_0625,free_movement,3.0,5.0,0.4616945124751153,1.4095
P03,01,segment_0626,carrying,3.0,-10.0,0.3832871531619481,1.4395
P03,01,segment_0627,free_movement,6.0,10.0,0.5994368981006166,1.9915
P03,01,segment_0629,free_movement,4.25,65.0,0.5399698513183738,1.109
P03,01,segment_0631,free_movement,0.75,200.0,0.31796726321773167,1.317
P03,01,segment_0632,carrying,0.75,-50.0,0.4183680639246978,1.433
P03,01,segment_0633,free_movement,1.0,320.0,0.45171664219903407,1.034
P03,01,segment_0635,free_movement,2.0,300.0,0.579278361031637,1.328
P03,01,segment_0636,carrying,2.0,300.0,0.685488926474688,0.7945
P03,01,segment_0637,free_movement,2.25,165.0,0.46294909987497973,1.323
P03,01,segment_0639,free_movement,2.0,45.0,0.343529899713665,1.359
P03,01,segment_0640,carrying,2.0,-40.0,0.42847403743769114,1.0445
P03,01,segment_0641,free_movement,2.25,275.0,0.6623293590933766,1.925
P03,01,segment_0643,free_movement,0.75,145.0,0.363892906127085,3.296
P03,01,segment_0645,free_movement,6.0,25.0,0.5761000543817099,3.021
P03,01,segment_0647,free_movement,4.25,5.0,0.5827567168535309,2.568
P03,01,segment_0649,free_movement,3.0,0.0,0.38795562435672154,6.6875
P03,01,segment_0650,carrying,3.0,-50.0,0.3095676202035293,1.167
P03,01,segment_0651,free_movement,1.0,-5.0,0.5976385049680387,1.3645
P03,01,segment_0652,carrying,1.0,350.0,0.5287176910650012,0.997
P03,01,segment_0653,free_movement,0.75,20.0,0.3689970030786973,1.448
P03,01,segment_0655,free_movement,2.25,200.0,0.5871602342621913,1.2825
P03,01,segment_0656,carrying,2.25,320.0,0.47686228429257,1.5535
P03,01,segment_0657,free_movement,6.0,10.0,0.5488920728950951,0.979
P03,01,segment_0659,free_movement,2.0,0.0,0.6410589237535866,1.833
P03,01,segment_0661,free_movement,4.25,225.0,0.4798174984104685,1.276
P03,01,segment_0663,free_movement,1.0,285.0,0.3560169552329973,1.434
P03,01,segment_0665,free_movement,3.0,0.0,0.553008431602183,1.4665
P03,01,segment_0666,carrying,3.0,250.0,0.31684403260305677,1.412
P03,01,segment_0667,free_movement,3.0,350.0,0.8330050547327671,1.164
P03,01,segment_0668,carrying,3.0,-50.0,0.3654491239797136,1.1945
P03,01,segment_0670,carrying,0.75,350.0,0.4137054781671185,1.337
P03,01,segment_0671,free_movement,4.25,5.0,0.417574271609005,1.687
P03,01,segment_0673,free_movement,2.25,0.0,0.5245240452321217,4.002
P03,01,segment_0674,carrying,2.25,-50.0,0.35082900218769547,1.3375
P03,01,segment_0675,free_movement,1.0,5.0,0.46264551206836413,1.409
P03,01,segment_0679,free_movement,6.0,25.0,0.37024700118416376,2.788
P03,01,segment_0683,free_movement,4.25,10.0,0.5847835949943588,4.531
P03,01,segment_0685,free_movement,6.0,5.0,0.5832088089518018,1.542
P03,01,segment_0687,free_movement,0.75,5.0,0.3646445569921739,1.741
P03,01,segment_0688,carrying,0.75,335.0,0.3477515477812173,1.133
P03,01,segment_0689,free_movement,2.25,295.0,0.5130217880658983,1.2695
P03,01,segment_0691,free_movement,1.0,-50.0,0.3045550111668393,0.9445
P03,01,segment_0693,free_movement,3.0,5.0,0.6435936590383047,1.343
P03,01,segment_0694,carrying,3.0,-50.0,0.45008480870286344,0.7985
P03,01,segment_0695,free_movement,0.75,10.0,0.3543193647562863,1.53
P03,01,segment_0696,carrying,0.75,-50.0,0.43033444493488887,1.1725
P03,01,segment_0697,free_movement,2.25,160.0,0.45238199359287595,1.348
P03,01,segment_0699,free_movement,3.0,65.0,0.5970604765949498,2.5635
P03,01,segment_0700,carrying,3.0,-50.0,0.30130899618505436,0.7245
P03,01,segment_0701,free_movement,6.0,200.0,0.4230401277058771,1.4485
P03,01,segment_0703,free_movement,1.0,40.0,0.3006861797561103,1.4645
P03,01,segment_0705,free_movement,2.0,-50.0,0.4052746199974074,1.4845
P03,01,segment_0707,free_movement,4.25,35.0,0.42002773469878807,2.1125
P03,01,segment_0709,free_movement,4.25,0.0,0.6586427804245044,1.529
P03,01,segment_0711,free_movement,6.0,5.0,0.5645238882952219,1.278
P03,01,segment_0712,carrying,6.0,300.0,0.4033450535300041,1.3865
P03,01,segment_0713,free_movement,2.25,85.0,0.5497970667432515,1.632
P03,01,segment_0715,free_movement,3.0,70.0,0.4314528780780369,1.748
P03,01,segment_0717,free_movement,2.0,190.0,0.524081689706347,1.296
P03,01,segment_0718,carrying,2.0,-50.0,0.36792335329237763,0.919
P03,01,segment_0719,free_movement,1.0,315.0,0.3981907750197001,1.3595
P03,01,segment_0721,free_movement,0.75,75.0,0.5062184471504465,1.2405
P03,01,segment_0723,free_movement,1.0,205.0,0.34956104246461606,1.4915
P03,01,segment_0724,carrying,1.0,130.0,0.39151323674093486,1.431
P03,01,segment_0725,free_movement,2.25,145.0,0.4629635912067541,1.5415
P03,01,segment_0727,free_movement,3.0,65.0,0.5815602597064199,1.8945
P03,01,segment_0728,carrying,3.0,320.0,0.32328831947394726,2.9735
P03,01,segment_0731,free_movement,4.25,40.0,0.5049832130984206,1.7275
P03,01,segment_0733,free_movement,0.75,65.0,0.5569992523403692,0.9945
P03,01,segment_0734,carrying,0.75,-50.0,0.365594470132197,0.8695
P03,01,segment_0735,free_movement,6.0,80.0,0.426697174881014,1.901
P03,01,segment_0739,free_movement,2.25,310.0,0.4180930892094364,1.6715
P03,01,segment_0741,free_movement,6.0,105.0,0.5854272724262631,2.2925
P03,01,segment_0743,free_movement,2.0,265.0,0.395561584665474,2.575
P03,01,segment_0744,carrying,2.0,-50.0,0.3781229972996545,0.755
P03,01,segment_0745,free_movement,0.75,-40.0,0.5019013344814813,1.033
P03,01,segment_0746,carrying,0.75,-50.0,0.36580681105626006,0.8
P03,01,segment_0747,free_movement,1.0,120.0,0.5483956496033084,1.1585
P03,01,segment_0753,free_movement,2.25,5.0,0.40406230813174626,2.125
P03,01,segment_0755,free_movement,6.0,20.0,0.5096275260119724,3.2775
P03,01,segment_0759,free_movement,4.25,220.0,0.49269938819662457,1.613
P03,01,segment_0762,carrying,0.75,-50.0,0.5047131691273685,1.234
P03,01,segment_0763,free_movement,2.0,0.0,0.6672332817588829,1.24
P03,01,segment_0765,free_movement,0.75,-10.0,0.5292526303291177,1.6375
P03,01,segment_0766,carrying,0.75,-50.0,0.4801839211631045,0.959
P03,01,segment_0767,free_movement,6.0,5.0,0.6798336651181656,1.002
P03,01,segment_0769,free_movement,3.0,205.0,0.3221377845285024,1.7575
P03,01,segment_0771,free_movement,4.25,70.0,0.4673612401044668,1.784
P03,01,segment_0775,free_movement,2.0,35.0,0.6572270734139121,1.184
P03,01,segment_0777,free_movement,2.25,265.0,0.741278334006605,1.14
P03,01,segment_0779,free_movement,3.0,25.0,0.48232857209545005,1.607
P03,01,segment_0781,free_movement,1.0,15.0,0.37143828778378934,2.5475
P03,01,segment_0782,carrying,1.0,315.0,0.7791553076480094,0.719
P03,01,segment_0783,free_movement,0.75,145.0,0.5638846470108709,1.369
P03,01,segment_0784,carrying,0.75,350.0,0.3611332867814966,0.953
P03,01,segment_0785,free_movement,6.0,5.0,0.4753569196392833,1.737
P03,01,segment_0786,carrying,6.0,105.0,0.37702627445284137,0.7355
P03,01,segment_0787,free_movement,4.25,10.0,0.30245703962637377,2.51
P03,01,segment_0789,free_movement,2.0,-5.0,0.3556166268080927,1.4915
P03,01,segment_0791,free_movement,2.25,200.0,0.792855366172492,1.073
P03,01,segment_0792,carrying,2.25,-50.0,0.3047019468326768,0.8045
P03,01,segment_0793,free_movement,1.0,210.0,0.3789543300635975,2.813
P03,01,segment_0797,free_movement,4.25,5.0,0.4932540927558308,1.786
P03,01,segment_0799,free_movement,6.0,5.0,0.6203891777078626,1.515
P03,01,segment_0801,free_movement,0.75,-15.0,0.579464439101448,1.036
P03,01,segment_0803,free_movement,2.25,350.0,0.4806185272451501,1.642
P03,01,segment_0805,free_movement,3.0,160.0,0.3168397688022302,2.313
P03,01,segment_0807,free_movement,6.0,0.0,0.6292697797688204,1.505
P03,01,segment_0809,free_movement,2.0,-45.0,0.42955168686823963,1.144
P03,01,segment_0811,free_movement,4.25,70.0,0.3770130099255873,1.382
P03,01,segment_0814,carrying,0.75,-50.0,0.42030554711415746,0.72
P03,01,segment_0815,free_movement,1.0,-5.0,0.4434981088491344,1.2015
P03,01,segment_0816,carrying,1.0,-50.0,0.3532851748290284,0.7395
P03,01,segment_0817,free_movement,3.0,30.0,0.448566844165689,0.784
P03,01,segment_0819,free_movement,2.25,155.0,0.5402728553435614,2.1845
P03,01,segment_0820,carrying,2.25,-40.0,0.46958841236402443,0.7465
P03,01,segment_0821,free_movement,1.0,230.0,0.5100254309515057,0.9705
P03,01,segment_0823,free_movement,2.25,215.0,0.47076349842970716,1.525
P03,01,segment_0824,carrying,2.25,-35.0,0.4237962200710606,0.709
P03,01,segment_0825,free_movement,6.0,10.0,0.4818061553572007,1.539
P03,01,segment_0827,free_movement,4.25,70.0,0.5462950476002605,1.5305
P03,01,segment_0829,free_movement,3.0,-35.0,0.3753163858253227,0.913
P03,01,segment_0831,free_movement,0.75,-10.0,0.5152980318214752,1.074
P03,01,segment_0833,free_movement,2.0,5.0,0.4452663785478737,1.5485
P03,01,segment_0835,free_movement,2.0,350.0,0.3135839732884052,1.6755
P03,01,segment_0836,carrying,2.0,320.0,0.35340136957942825,0.783
P03,01,segment_0837,free_movement,6.0,105.0,0.6088549054039332,1.019
P03,01,segment_0841,free_movement,4.25,5.0,0.5454988650566496,1.552
P03,01,segment_0845,free_movement,1.0,340.0,0.42653892326787757,1.5375
P03,01,segment_0847,free_movement,0.75,160.0,0.6773713466834607,0.7255
P03,01,segment_0849,free_movement,6.0,205.0,0.5249046949995458,0.9335
P03,01,segment_0851,free_movement,0.75,210.0,0.356049480688159,1.3015
P03,01,segment_0855,free_movement,3.0,0.0,0.5787120818632249,1.284
P03,01,segment_0857,free_movement,1.0,260.0,0.44917812954848135,1.6655
P03,01,segment_0858,carrying,1.0,315.0,0.5974971264384648,1.458
P03,01,segment_0859,free_movement,2.25,70.0,0.5574654299311127,1.058
P03,01,segment_0860,carrying,2.25,-45.0,0.4060183491468337,0.733
P03,01,segment_0861,free_movement,2.0,10.0,0.5872673066568412,1.352
P03,01,segment_0862,carrying,2.0,-50.0,0.4628632949353242,1.1455
P03,01,segment_0863,free_movement,2.25,5.0,0.668244934377917,2.626
P03,01,segment_0865,free_movement,4.25,330.0,0.4948135593817019,1.343
P03,01,segment_0869,free_movement,0.75,10.0,0.5061274536292643,1.68
P03,01,segment_0871,free_movement,6.0,45.0,0.4603384903514063,1.409
P03,01,segment_0873,free_movement,2.0,10.0,0.617398470359873,1.493
P03,01,segment_0875,free_movement,3.0,10.0,0.48717449859010764,1.212
P03,01,segment_0877,free_movement,2.0,180.0,0.5498176328971185,1.0125
P03,01,segment_0878,carrying,2.0,-50.0,0.3313450703033397,1.4185
P03,01,segment_0882,carrying,0.75,325.0,0.37262981990817967,0.9715
P03,01,segment_0884,carrying,3.0,-25.0,0.3840043061088516,1.0205
P03,01,segment_0885,free_movement,4.25,40.0,0.6169733189164119,3.7585
P03,01,segment_0887,free_movement,6.0,300.0,0.4879790437524519,0.9885
P03,01,segment_0889,free_movement,2.25,5.0,0.3977544261854494,1.993
P03,01,segment_0890,carrying,2.25,-50.0,0.3740173796227313,0.764
P03,01,segment_0891,free_movement,2.0,10.0,0.5145202283362026,1.675
P03,01,segment_0893,free_movement,4.25,350.0,0.3565042870031189,1.3245
P03,01,segment_0895,free_movement,0.75,-45.0,0.3048583211741762,1.303
P03,01,segment_0897,free_movement,1.0,190.0,0.4718617248374872,1.196
P03,01,segment_0899,free_movement,6.0,-20.0,0.30800716883713863,1.8455
P03,01,segment_0901,free_movement,2.25,145.0,0.3376123494675712,1.6005
P03,01,segment_0903,free_movement,3.0,5.0,0.6458307488441297,1.37
P03,01,segment_0904,carrying,3.0,-50.0,0.5113498706784531,0.829
P03,01,segment_0905,free_movement,0.75,-10.0,0.5211529037837246,1.522
P03,01,segment_0908,carrying,1.0,290.0,0.3729878831018189,0.9585
P03,01,segment_0909,free_movement,2.25,245.0,0.709300221203206,1.2425
P03,01,segment_0911,free_movement,2.0,10.0,0.4083692754600676,1.1925
P03,01,segment_0913,free_movement,6.0,5.0,0.5818332370019208,1.5265
P03,01,segment_0915,free_movement,3.0,-20.0,0.4832917093411805,1.1525
P03,01,segment_0916,carrying,3.0,-50.0,0.3277117890489394,1.264
P03,01,segment_0917,free_movement,4.25,175.0,0.4524625601899808,1.183
P03,01,segment_0919,free_movement,0.75,120.0,0.41994843156998707,1.716
P03,01,segment_0921,free_movement,4.25,-25.0,0.4688011804321415,1.1985
P03,01,segment_0923,free_movement,6.0,65.0,0.37407115233707716,1.175
P03,01,segment_0925,free_movement,3.0,335.0,0.34906785451001693,1.502
P03,01,segment_0926,carrying,3.0,-50.0,0.3134472608902881,1.361
P03,01,segment_0927,free_movement,2.25,125.0,0.34395842317153513,2.6395
P03,01,segment_0929,free_movement,1.0,-45.0,0.4703422801734852,1.253
P03,01,segment_0933,free_movement,6.0,5.0,0.4043717031412281,1.2925
P03,01,segment_0937,free_movement,2.25,15.0,0.3266078378573558,2.008
P03,01,segment_0939,free_movement,4.25,80.0,0.5602924039135309,1.542
P03,01,segment_0941,free_movement,3.0,-10.0,0.36693691060606437,1.1985
P03,01,segment_0943,free_movement,0.75,5.0,0.41469763901107043,3.4755
P03,01,segment_0945,free_movement,2.0,310.0,0.5337083621163351,1.2645
P03,01,segment_0947,free_movement,4.25,230.0,0.399118491318896,1.8435
P03,01,segment_0949,free_movement,2.0,-50.0,0.46945357586518244,3.2695
P03,01,segment_0951,free_movement,1.0,125.0,0.3337761838368002,1.715
P03,01,segment_0952,carrying,1.0,-50.0,0.3330919653939239,0.8
P03,01,segment_0953,free_movement,6.0,50.0,0.5863429284427544,1.5875
P03,01,segment_0955,free_movement,2.25,145.0,0.42359430446412566,1.906
P03,01,segment_0957,free_movement,3.0,10.0,0.5155904830878001,1.1055
P03,01,segment_0958,carrying,3.0,330.0,0.4581537052553919,0.883
P03,01,segment_0961,free_movement,1.0,10.0,0.4043707157110807,2.064
P03,01,segment_0963,free_movement,0.75,45.0,0.529714715994915,1.147
P03,01,segment_0965,free_movement,2.25,45.0,0.8478454412319706,2.2065
P03,01,segment_0967,free_movement,6.0,20.0,0.549773152178066,1.407
P03,01,segment_0970,carrying,4.25,320.0,0.4486327153775323,1.749
P03,01,segment_0971,free_movement,3.0,105.0,0.3958926560944876,1.334
P03,01,segment_0972,carrying,3.0,-50.0,0.3790031813789001,0.887
P03,01,segment_0973,free_movement,2.0,330.0,0.36128073874437944,1.316
P03,01,segment_0974,carrying,2.0,-50.0,0.30205355153190405,1.29
P03,01,segment_0975,free_movement,3.0,225.0,0.36253420835936373,1.3505
P03,01,segment_0977,free_movement,2.0,230.0,0.6583294200923017,1.43
P03,01,segment_0978,carrying,2.0,260.0,0.44264134835146896,1.0755
P03,01,segment_0982,carrying,0.75,310.0,0.3973467268595359,1.579
P03,01,segment_0985,free_movement,2.25,350.0,0.337454701528224,2.1445
P03,01,segment_0987,free_movement,6.0,10.0,0.471191452557864,1.512
P03,01,segment_0989,free_movement,6.0,15.0,0.7058711722824837,1.1355
P03,01,segment_0991,free_movement,3.0,230.0,0.3237496323241734,1.508
P03,01,segment_0995,free_movement,1.0,335.0,0.445786838099369,1.4035
P03,01,segment_0996,carrying,1.0,-50.0,0.45992180639400826,0.767
P04,01,segment_0001,carrying,0.75,335.0,0.4549828416774291,1.73
P04,01,segment_0002,free_movement,3.0,-5.0,0.44003130559155573,7.034
P04,01,segment_0004,free_movement,2.0,-5.0,0.42288883954968065,1.8805
P04,01,segment_0005,carrying,2.0,-35.0,0.5012212384344669,0.8265
P04,01,segment_0006,free_movement,4.25,30.0,0.446949179433249,2.296
P04,01,segment_0008,free_movement,1.0,5.0,0.4029747475204522,2.919
P04,01,segment_0010,free_movement,2.25,10.0,0.5239600788194194,2.835
P04,01,segment_0014,free_movement,6.0,0.0,0.5224166251000231,2.3025
P04,01,segment_0016,free_movement,1.0,-5.0,0.41122924639186315,2.482
P04,01,segment_0017,carrying,1.0,265.0,0.5359811863476417,1.326
P04,01,segment_0018,free_movement,3.0,135.0,0.4469731605710939,1.383
P04,01,segment_0019,carrying,3.0,-45.0,0.5278427908268701,0.9785
P04,01,segment_0020,free_movement,0.75,30.0,0.6694411323248173,1.2345
P04,01,segment_0021,carrying,0.75,235.0,0.5535228043008263,1.133
P04,01,segment_0022,free_movement,2.0,-10.0,0.7086592320715122,1.23
P04,01,segment_0023,carrying,2.0,-25.0,0.3715651454825294,1.1945
P04,01,segment_0026,free_movement,2.25,295.0,0.4593569891522031,1.32
P04,01,segment_0027,carrying,2.25,130.0,0.47529278625485605,0.824
P04,01,segment_0028,free_movement,4.25,-5.0,0.5692835249012802,1.157
P04,01,segment_0033,carrying,3.0,-50.0,0.5295431001448002,0.869
P04,01,segment_0034,free_movement,2.25,10.0,0.44776307147203936,1.063
P04,01,segment_0036,free_movement,1.0,30.0,0.5414658353161583,1.0585
P04,01,segment_0038,free_movement,2.0,10.0,0.513727527732276,1.166
P04,01,segment_0040,free_movement,6.0,170.0,0.34110598790933133,1.2565
P04,01,segment_0042,free_movement,1.0,0.0,0.499661781880925,1.5475
P04,01,segment_0044,free_movement,3.0,-5.0,0.523673329030536,1.0805
P04,01,segment_0046,free_movement,0.75,225.0,0.4617955760706136,0.9255
P04,01,segment_0048,free_movement,4.25,330.0,0.49321772643645545,1.567
P04,01,segment_0050,free_movement,2.25,15.0,0.7079010864413445,1.1485
P04,01,segment_0051,carrying,2.25,-50.0,0.5364731109836391,0.824
P04,01,segment_0052,free_movement,6.0,115.0,0.8279450406378448,0.9
P04,01,segment_0054,free_movement,2.0,140.0,0.6357248375599465,2.3075
P04,01,segment_0055,carrying,2.0,5.0,0.5097050121527749,3.3045
P04,01,segment_0056,free_movement,0.75,5.0,0.3623696910895019,1.1845
P04,01,segment_0058,free_movement,1.0,50.0,0.4732252853573963,1.288
P04,01,segment_0060,free_movement,2.0,270.0,0.634294969507629,1.0665
P04,01,segment_0062,free_movement,6.0,5.0,0.715711197011378,0.912
P04,01,segment_0064,free_movement,3.0,170.0,0.40921846394771855,1.0365
P04,01,segment_0066,free_movement,4.25,-25.0,0.672655542567661,2.1775
P04,01,segment_0068,free_movement,2.25,10.0,0.7063709311751322,1.0215
P04,01,segment_0070,free_movement,6.0,250.0,0.33835059296588066,1.634
P04,01,segment_0072,free_movement,0.75,20.0,0.3691118321749552,1.145
P04,01,segment_0074,free_movement,1.0,295.0,0.5685606711433734,1.088
P04,01,segment_0076,free_movement,2.0,55.0,0.6252321250816705,1.0175
P04,01,segment_0077,carrying,2.0,-50.0,0.34154043271958584,0.834
P04,01,segment_0078,free_movement,4.25,-30.0,0.4827864818590319,1.3035
P04,01,segment_0079,carrying,4.25,215.0,0.5771435830530982,0.7215
P04,01,segment_0080,free_movement,2.25,55.0,0.4087308843939806,1.221
P04,01,segment_0082,free_movement,3.0,190.0,0.6207833998071489,1.0795
P04,01,segment_0084,free_movement,1.0,200.0,0.5239028174777957,0.9175
P04,01,segment_0086,free_movement,3.0,5.0,0.5502225939402979,1.026
P04,01,segment_0088,free_movement,2.25,-5.0,0.30742651713341707,1.0035
P04,01,segment_0089,carrying,2.25,-35.0,0.4748174742117203,1.4575
P04,01,segment_0090,free_movement,6.0,225.0,0.33341213430022826,0.947
P04,01,segment_0092,free_movement,4.25,10.0,0.6794854498077172,1.1965
P04,01,segment_0093,carrying,4.25,285.0,0.41583900684092,1.6165
P04,01,segment_0094,free_movement,2.0,-40.0,0.5434913370517128,1.1305
P04,01,segment_0096,free_movement,0.75,-30.0,0.6458793578075107,1.112
P04,01,segment_0097,carrying,0.75,130.0,0.4163664895958514,0.7855
P04,01,segment_0098,free_movement,3.0,30.0,0.7101743590531125,1.1735
P04,01,segment_0100,free_movement,2.25,65.0,0.4249509941414693,1.1045
P04,01,segment_0102,free_movement,4.25,30.0,0.42969718818311975,1.378
P04,01,segment_0105,carrying,0.75,80.0,0.30647474898417576,0.853
P04,01,segment_0106,free_movement,2.0,15.0,0.726967112507713,1.082
P04,01,segment_0108,free_movement,6.0,-30.0,0.5010500390272656,1.169
P04,01,segment_0110,free_movement,1.0,80.0,0.5217307216862722,1.088
P04,01,segment_0111,carrying,1.0,-10.0,0.44514820868609295,0.9535
P04,01,segment_0112,free_movement,2.0,10.0,0.34581036341628973,1.055
P04,01,segment_0114,free_movement,3.0,45.0,0.6701832855496365,0.9575
P04,01,segment_0116,free_movement,2.25,10.0,0.5809207338403568,1.296
P04,01,segment_0117,carrying,2.25,350.0,0.45814309689391086,0.8355
P04,01,segment_0118,free_movement,1.0,135.0,0.47785021562044805,0.9595
P04,01,segment_0120,free_movement,4.25,10.0,0.504382817813276,1.341
P04,01,segment_0121,carrying,4.25,-50.0,0.3111018120724755,1.131
P04,01,segment_0122,free_movement,0.75,-40.0,0.49377105957176287,1.261
P04,01,segment_0124,free_movement,6.0,5.0,0.7562388758194732,0.952
P04,01,segment_0126,free_movement,2.0,0.0,0.6670902463896166,1.2995
P04,01,segment_0127,carrying,2.0,180.0,0.5134969170035215,0.776
P04,01,segment_0128,free_movement,2.25,20.0,0.6628609121957802,1.0955
P04,01,segment_0129,carrying,2.25,350.0,0.43503845564655047,1.042
P04,01,segment_0130,free_movement,3.0,185.0,0.5734417784049618,1.0115
P04,01,segment_0131,carrying,3.0,-50.0,0.3622937695538812,0.8915
P04,01,segment_0135,carrying,0.75,295.0,0.5044129818162124,0.847
P04,01,segment_0136,free_movement,6.0,5.0,0.3365493840922238,1.2395
P04,01,segment_0140,free_movement,2.25,55.0,0.5839743391028821,1.5115
P04,01,segment_0141,carrying,2.25,345.0,0.3178879627116294,0.956
P04,01,segment_0142,free_movement,1.0,115.0,0.3217723066721752,1.894
P04,01,segment_0143,carrying,1.0,-45.0,0.35091999113807537,1.015
P04,01,segment_0144,free_movement,3.0,60.0,0.35091059129966845,0.9305
P04,01,segment_0145,carrying,3.0,-50.0,0.6055271157054503,0.7445
P04,01,segment_0147,carrying,0.75,-35.0,0.3547039879484524,1.0545
P04,01,segment_0149,carrying,4.25,230.0,0.4180675511037373,0.927
P04,01,segment_0150,free_movement,6.0,5.0,0.6249121827737969,1.26
P04,01,segment_0152,free_movement,2.0,155.0,0.4777294482495369,1.056
P04,01,segment_0154,free_movement,2.25,25.0,0.5687989925846436,1.7915
P04,01,segment_0155,carrying,2.25,-30.0,0.4439115580501478,0.8445
P04,01,segment_0156,free_movement,3.0,0.0,0.5588882854187611,1.5745
P04,01,segment_0158,free_movement,2.0,10.0,0.31300603016085365,1.623
P04,01,segment_0159,carrying,2.0,-50.0,0.549590669384144,1.3295
P04,01,segment_0160,free_movement,0.75,105.0,0.40526636916142544,1.7905
P04,01,segment_0161,carrying,0.75,-30.0,0.31693883903866304,0.7425
P04,01,segment_0162,free_movement,4.25,5.0,0.36882219692699686,1.2015
P04,01,segment_0165,carrying,1.0,40.0,0.32219077548799513,0.828
P04,01,segment_0166,free_movement,6.0,-15.0,0.5463130528763878,1.0745
P04,01,segment_0168,free_movement,2.25,30.0,0.6025381098117722,1.421
P04,01,segment_0169,carrying,2.25,350.0,0.522134115818236,0.923
P04,01,segment_0172,free_movement,6.0,10.0,0.6628132180585296,1.405
P04,01,segment_0174,free_movement,0.75,135.0,0.3619440864383949,1.062
P04,01,segment_0176,free_movement,4.25,0.0,0.6540052762894721,1.8165
P04,01,segment_0179,carrying,2.0,180.0,0.39857213083769133,1.054
P04,01,segment_0180,free_movement,3.0,-5.0,0.4170907527233078,1.071
P04,01,segment_0182,free_movement,0.75,180.0,0.47956672185704813,0.8765
P04,01,segment_0186,free_movement,3.0,5.0,0.5913916851280837,1.1255
P04,01,segment_0188,free_movement,2.25,150.0,0.4199034521773828,1.5555
P04,01,segment_0189,carrying,2.25,-15.0,0.38665780462616384,1.424
P04,01,segment_0190,free_movement,6.0,0.0,0.5725664093651682,1.097
P04,01,segment_0192,free_movement,1.0,265.0,0.5299962593197061,1.0865
P04,01,segment_0193,carrying,1.0,350.0,0.4498010413671015,0.83
P04,01,segment_0194,free_movement,4.25,5.0,0.34912366959972724,1.358
P04,01,segment_0195,carrying,4.25,-40.0,0.3504634915394356,0.754
P04,01,segment_0196,free_movement,1.0,270.0,0.5764536396829385,1.087
P04,01,segment_0197,carrying,1.0,300.0,0.3565068234391578,0.908
P04,01,segment_0198,free_movement,3.0,-15.0,0.49393693645980813,1.2205
P04,01,segment_0199,carrying,3.0,45.0,0.33660580278755914,1.1545
P04,01,segment_0200,free_movement,4.25,25.0,0.5829102379775428,1.325
P04,01,segment_0202,free_movement,6.0,30.0,0.6066847162713075,1.092
P04,01,segment_0204,free_movement,0.75,315.0,0.3847220992641504,1.308
P04,01,segment_0205,carrying,0.75,330.0,0.3316993343657468,1.2885
P04,01,segment_0206,free_movement,2.0,350.0,0.431347116396272,0.944
P04,01,segment_0209,carrying,2.25,270.0,0.39878230279189514,1.2395
P04,01,segment_0210,free_movement,1.0,30.0,0.37233948635535086,1.606
P04,01,segment_0212,free_movement,2.25,115.0,0.30496071912589084,1.827
P04,01,segment_0214,free_movement,4.25,95.0,0.4631575465095462,1.3025
P04,01,segment_0216,free_movement,3.0,-50.0,0.44687932978762585,1.2545
P04,01,segment_0218,free_movement,6.0,-15.0,0.37568746826718563,1.043
P04,01,segment_0220,free_movement,0.75,-5.0,0.47341299346450316,1.213
P04,01,segment_0222,free_movement,2.0,225.0,0.4036109654656312,1.327
P04,01,segment_0224,free_movement,2.0,245.0,0.3823132142063453,1.117
P04,01,segment_0228,free_movement,3.0,5.0,0.676171523366195,1.1635
P04,01,segment_0229,carrying,3.0,-15.0,0.4853413110562126,1.464
P04,01,segment_0230,free_movement,0.75,75.0,0.5562308714914129,0.782
P04,01,segment_0231,carrying,0.75,330.0,0.49828941682244904,0.856
P04,01,segment_0232,free_movement,2.25,140.0,0.43116750067446935,1.562
P04,01,segment_0234,free_movement,4.25,5.0,0.5159290387521098,1.1955
P04,01,segment_0235,carrying,4.25,-40.0,0.3019174832367644,1.7545
P04,01,segment_0236,free_movement,1.0,5.0,0.47127271931141407,1.1325
P04,01,segment_0238,free_movement,6.0,5.0,0.6103088315160461,1.109
P04,01,segment_0240,free_movement,0.75,305.0,0.71363842869287,0.9525
P04,01,segment_0241,carrying,0.75,260.0,0.4074542282931225,0.843
P04,01,segment_0242,free_movement,3.0,-10.0,0.6736115463319472,1.3305
P04,01,segment_0243,carrying,3.0,350.0,0.5551103810072661,0.9825
P04,01,segment_0246,free_movement,4.25,10.0,0.5224899100048673,1.315
P04,01,segment_0250,free_movement,2.0,165.0,0.4684401240444456,1.5035
P04,01,segment_0251,carrying,2.0,-50.0,0.38714824531331793,0.724
P04,01,segment_0252,free_movement,6.0,-50.0,0.39297273866366694,1.6115
P04,01,segment_0255,carrying,1.0,285.0,0.3046008877993408,1.1745
P04,01,segment_0256,free_movement,3.0,70.0,0.5649023953570649,1.515
P04,01,segment_0258,free_movement,2.25,-20.0,0.5744692226220067,1.0495
P04,01,segment_0259,carrying,2.25,290.0,0.39073154323526993,0.746
P04,01,segment_0260,free_movement,2.0,160.0,0.3487226033836824,1.453
P04,01,segment_0261,carrying,2.0,-50.0,0.35016316691919674,1.016
P04,01,segment_0262,free_movement,0.75,295.0,0.3411117938197702,1.0
P04,01,segment_0263,carrying,0.75,55.0,0.6113963633995511,0.891
P04,01,segment_0264,free_movement,4.25,290.0,0.5713551437649267,1.125
P04,01,segment_0266,free_movement,2.0,-20.0,0.6250672167136938,1.199
P04,01,segment_0267,carrying,2.0,265.0,0.5121681988492617,0.998
P04,01,segment_0268,free_movement,0.75,5.0,0.5890471075925309,1.0985
P04,01,segment_0270,free_movement,6.0,150.0,0.4036716696341841,0.9545
P04,01,segment_0271,carrying,6.0,295.0,0.34748352789572656,0.8375
P04,01,segment_0272,free_movement,4.25,110.0,0.5413097318490895,1.51
P04,01,segment_0274,free_movement,2.25,-5.0,0.55175460901734,1.284
P04,01,segment_0275,carrying,2.25,-50.0,0.3984489200232932,0.9905
P04,01,segment_0276,free_movement,1.0,205.0,0.5021122088815039,1.3125
P04,01,segment_0278,free_movement,3.0,-5.0,0.496439953468846,0.829
P04,01,segment_0280,free_movement,6.0,350.0,0.4943702069384793,1.441
P04,01,segment_0282,free_movement,0.75,-5.0,0.4641679590670797,0.929
P04,01,segment_0286,free_movement,3.0,0.0,0.37215446623345483,1.781
P04,01,segment_0287,carrying,3.0,-50.0,0.3117223268533567,1.286
P04,01,segment_0288,free_movement,2.0,350.0,0.5831874611761938,1.229
P04,01,segment_0289,carrying,2.0,-35.0,0.648407270659266,0.7135
P04,01,segment_0290,free_movement,1.0,245.0,0.48763802108138105,0.83
P04,01,segment_0292,free_movement,4.25,15.0,0.3373499682082625,1.2675
P04,01,segment_0293,carrying,4.25,-45.0,0.33831149006985917,1.706
P04,01,segment_0294,free_movement,2.25,-10.0,0.5150625295359978,1.076
P04,01,segment_0295,carrying,2.25,-50.0,0.3098587676571894,0.83
P04,01,segment_0296,free_movement,4.25,-50.0,0.3916186122115993,2.258
P04,01,segment_0297,carrying,4.25,350.0,0.3713436637864265,1.432
P04,01,segment_0298,free_movement,3.0,0.0,0.3068423015707552,1.104
P04,01,segment_0299,carrying,3.0,-35.0,0.40144009050035445,1.4045
P04,01,segment_0302,free_movement,2.0,210.0,0.4780440429075527,1.263
P04,01,segment_0303,carrying,2.0,-15.0,0.531648877639493,1.2315
P04,01,segment_0304,free_movement,1.0,325.0,0.6738024495820071,1.066
P04,01,segment_0305,carrying,1.0,-50.0,0.39997575723778095,0.937
P04,01,segment_0306,free_movement,6.0,0.0,0.6841409285121098,1.2035
P04,01,segment_0308,free_movement,6.0,305.0,0.3940350722099158,0.806
P04,01,segment_0309,carrying,6.0,-50.0,0.48224034766618273,0.8255
P04,01,segment_0310,free_movement,0.75,5.0,0.5673718974434477,1.2515
P04,01,segment_0311,carrying,0.75,-50.0,0.365415081519688,0.886
P04,01,segment_0313,carrying,1.0,350.0,0.4051291692034225,0.8395
P04,01,segment_0314,free_movement,3.0,-45.0,0.323496929823141,1.767
P04,01,segment_0316,free_movement,4.25,10.0,0.5717253437128772,2.7815
P04,01,segment_0317,carrying,4.25,-50.0,0.40320688894579054,2.3795
P04,01,segment_0318,free_movement,2.25,10.0,0.5191720624615382,1.32
P04,01,segment_0319,carrying,2.25,-50.0,0.4773313981024108,0.9555
P04,01,segment_0320,free_movement,2.0,-20.0,0.5654600155348534,1.7825
P04,01,segment_0321,carrying,2.0,-30.0,0.4064375322992308,0.754
P04,01,segment_0322,free_movement,4.25,350.0,0.9998335627689626,0.947
P04,01,segment_0323,carrying,4.25,-50.0,0.416157466176975,1.019
P04,01,segment_0324,free_movement,1.0,195.0,0.6038845406713399,1.445
P04,01,segment_0325,carrying,1.0,-50.0,0.5316926930816486,1.7145
P04,01,segment_0328,free_movement,0.75,-10.0,0.5519804576116067,1.312
P04,01,segment_0329,carrying,0.75,320.0,0.5637536350555276,1.23
P04,01,segment_0330,free_movement,6.0,5.0,0.32062205216238143,2.273
P04,01,segment_0332,free_movement,2.0,-20.0,0.6403427489321825,1.2225
P04,01,segment_0334,free_movement,3.0,145.0,0.6589619320940487,1.384
P04,01,segment_0338,free_movement,6.0,95.0,0.5119753555522135,0.963
P04,01,segment_0341,carrying,1.0,345.0,0.46437069197701286,1.192
P04,01,segment_0342,free_movement,2.0,320.0,0.593096093105978,1.136
P04,01,segment_0344,free_movement,3.0,60.0,0.6048094600336907,0.9455
P04,01,segment_0346,free_movement,4.25,10.0,0.30165676379545353,1.0935
P04,01,segment_0348,free_movement,0.75,0.0,0.48921029874111205,3.2785
P04,01,segment_0349,carrying,0.75,0.0,0.354475848717916,1.0715
P04,01,segment_0350,free_movement,2.0,0.0,0.5902167133660867,1.7595
P04,01,segment_0354,free_movement,1.0,35.0,0.3319340612802357,1.55
P04,01,segment_0356,free_movement,3.0,0.0,0.40736747748751245,2.363
P04,01,segment_0358,free_movement,4.25,0.0,0.36940948840123666,1.649
P04,01,segment_0361,carrying,0.75,300.0,0.5125018008775918,0.7
P04,01,segment_0362,free_movement,2.25,270.0,0.5527641713835066,1.406
P04,01,segment_0364,free_movement,2.0,-40.0,0.40824282904777176,1.216
P04,01,segment_0365,carrying,2.0,-35.0,0.48777551032035377,1.1245
P04,01,segment_0366,free_movement,6.0,-5.0,0.502516308266331,1.062
P04,01,segment_0368,free_movement,3.0,-15.0,0.36814065748748614,1.568
P04,01,segment_0370,free_movement,2.25,230.0,0.3566998964429712,1.355
P04,01,segment_0372,free_movement,1.0,170.0,0.7552736869141116,0.935
P04,01,segment_0373,carrying,1.0,-50.0,0.43399925083055646,1.195
P04,01,segment_0377,carrying,4.25,-50.0,0.34135876193061415,1.2525
P04,01,segment_0380,free_movement,2.25,345.0,0.4075160112754376,1.1655
P04,01,segment_0381,carrying,2.25,245.0,0.3093332509636235,0.743
P04,01,segment_0382,free_movement,0.75,230.0,0.5271850476573664,1.3955
P04,01,segment_0384,free_movement,6.0,75.0,0.31012476593891375,1.006
P04,01,segment_0386,free_movement,3.0,-10.0,0.5184637295835801,1.1875
P04,01,segment_0387,carrying,3.0,-50.0,0.3366597420773571,1.1945
P04,01,segment_0388,free_movement,1.0,-30.0,0.6269825405091571,1.226
P04,01,segment_0389,carrying,1.0,350.0,0.338642441662486,0.9435
P04,01,segment_0390,free_movement,4.25,185.0,0.6628430180593194,1.347
P04,01,segment_0392,free_movement,6.0,330.0,0.5200783830508279,1.193
P04,01,segment_0394,free_movement,2.25,180.0,0.5918914715010333,1.1685
P04,01,segment_0395,carrying,2.25,-50.0,0.42174952059836834,1.086
P04,01,segment_0396,free_movement,2.0,115.0,0.38714376315534865,1.2075
P04,01,segment_0397,carrying,2.0,-50.0,0.35746262678928764,1.2975
P04,01,segment_0398,free_movement,4.25,20.0,0.5015566608346523,2.037
P04,01,segment_0400,free_movement,1.0,350.0,0.40376652430344573,1.4555
P04,01,segment_0401,carrying,1.0,350.0,0.461504196010951,1.281
P04,01,segment_0402,free_movement,3.0,20.0,0.5614846421323735,1.432
P04,01,segment_0404,free_movement,0.75,160.0,0.35917993375304696,1.3375
P04,01,segment_0405,carrying,0.75,-50.0,0.5128635886578701,1.0275
P04,01,segment_0406,free_movement,2.0,170.0,0.4883525168114435,1.09
P04,01,segment_0407,carrying,2.0,-50.0,0.40459596280117843,1.475
P04,01,segment_0410,free_movement,1.0,170.0,0.45176630034121446,1.1725
P04,01,segment_0411,carrying,1.0,-30.0,0.638709399737748,0.746
P04,01,segment_0412,free_movement,6.0,0.0,0.6306322331912413,1.286
P04,01,segment_0414,free_movement,2.25,125.0,0.4086452317703746,1.2305
P04,01,segment_0415,carrying,2.25,60.0,0.44005645817809314,0.8865
P04,01,segment_0416,free_movement,3.0,5.0,0.4861647629192266,1.1935
P04,01,segment_0418,free_movement,0.75,15.0,0.4729821705034825,1.029
P04,01,segment_0419,carrying,0.75,320.0,0.47990633971538416,0.9265
P04,01,segment_0420,free_movement,2.25,205.0,0.38699231627028674,0.974
P04,01,segment_0421,carrying,2.25,230.0,0.4173424268616421,1.141
P04,01,segment_0422,free_movement,1.0,225.0,0.6532285884296921,1.122
P04,01,segment_0425,carrying,0.75,350.0,0.37928516028430437,1.0725
P04,01,segment_0426,free_movement,4.25,335.0,0.40969380583221965,1.341
P04,01,segment_0427,carrying,4.25,20.0,0.4214381817779127,0.714
P04,01,segment_0428,free_movement,2.0,125.0,0.472449576565641,0.897
P04,01,segment_0429,carrying,2.0,-50.0,0.46198597013309484,1.063
P04,01,segment_0430,free_movement,6.0,-20.0,0.32415660621092546,1.068
P04,01,segment_0432,free_movement,3.0,170.0,0.46905816746771595,1.0115
P04,01,segment_0433,carrying,3.0,-50.0,0.4307719152836085,0.8105
P04,01,segment_0435,carrying,0.75,350.0,0.7546530214118253,0.9695
P04,01,segment_0436,free_movement,1.0,305.0,0.48205064580920026,0.866
P04,01,segment_0438,free_movement,3.0,350.0,0.45298719513862323,1.1565
P04,01,segment_0440,free_movement,2.0,250.0,0.3584972776165674,0.997
P04,01,segment_0442,free_movement,4.25,0.0,0.5696513241472524,1.178
P04,01,segment_0444,free_movement,6.0,0.0,0.550356015735745,1.057
P04,01,segment_0446,free_movement,2.25,110.0,0.5019854567672555,1.619
P04,01,segment_0447,carrying,2.25,340.0,0.3552728521626051,1.2535
P04,01,segment_0448,free_movement,2.25,300.0,0.5463061508069869,1.144
P04,01,segment_0450,free_movement,3.0,315.0,0.5413263105512707,1.082
P04,01,segment_0451,carrying,3.0,-50.0,0.3499518939811384,1.2485
P04,01,segment_0452,free_movement,6.0,10.0,0.6823194859745639,0.7325
P04,01,segment_0454,free_movement,2.0,-10.0,0.38620072684262585,1.482
P04,01,segment_0456,free_movement,4.25,0.0,0.31732379286127577,1.8375
P04,01,segment_0458,free_movement,0.75,-20.0,0.5094878295755185,0.95
P04,01,segment_0460,free_movement,1.0,315.0,0.37175924486616013,2.0075
P04,01,segment_0461,carrying,1.0,-50.0,0.3030342295617132,1.0845
P04,01,segment_0462,free_movement,2.25,160.0,0.31311647245201435,1.332
P04,01,segment_0463,carrying,2.25,-25.0,0.41673116470012345,1.1365
P04,01,segment_0464,free_movement,6.0,120.0,0.4075271021801291,1.154
P04,01,segment_0466,free_movement,0.75,-15.0,0.4750163406669521,1.004
P04,01,segment_0468,free_movement,2.0,300.0,0.520285519134013,1.0085
P04,01,segment_0469,carrying,2.0,5.0,0.3604237966183573,0.8715
P04,01,segment_0472,free_movement,3.0,0.0,0.4840472713236413,2.34
P04,01,segment_0474,free_movement,4.25,-25.0,0.4849769009357089,1.133
P04,01,segment_0477,carrying,0.75,350.0,0.46122431182673085,0.9415
P04,01,segment_0478,free_movement,2.0,40.0,0.5573897802403394,1.261
P04,01,segment_0480,free_movement,2.25,290.0,0.3260819383678351,1.0745
P04,01,segment_0481,carrying,2.25,325.0,0.5062831560522904,1.069
P04,01,segment_0482,free_movement,1.0,180.0,0.5586075718647271,0.9445
P04,01,segment_0483,carrying,1.0,-50.0,0.544142307846602,0.9925
P04,01,segment_0484,free_movement,3.0,5.0,0.4234720820865125,0.957
P04,01,segment_0488,free_movement,6.0,275.0,0.6513249796153153,0.7405
P04,01,segment_0491,carrying,1.0,295.0,0.32955573765310314,1.184
P04,01,segment_0492,free_movement,4.25,40.0,0.5172780733183334,1.3955
P04,01,segment_0493,carrying,4.25,350.0,0.3020746026939599,0.757
P04,01,segment_0494,free_movement,2.0,75.0,0.342477100424013,0.872
P04,01,segment_0496,free_movement,0.75,200.0,0.4198111811281924,0.931
P04,01,segment_0497,carrying,0.75,350.0,0.43764642372859525,0.9045
P04,01,segment_0498,free_movement,3.0,-30.0,0.5726528673345896,0.8545
P04,01,segment_0501,free_movement,6.0,-25.0,0.5849977942546798,0.8755
P04,01,segment_0503,free_movement,1.0,-20.0,0.5433671488340731,0.9075
P04,01,segment_0505,free_movement,2.25,-50.0,0.5299598765375569,0.8315
P04,01,segment_0507,free_movement,2.0,310.0,0.6099304444965933,0.843
P04,01,segment_0508,carrying,2.0,-30.0,0.38716896483295477,1.0645
P04,01,segment_0509,free_movement,4.25,105.0,0.5737876782497373,1.3725
P04,01,segment_0511,free_movement,0.75,145.0,0.5775543058883276,0.928
P04,01,segment_0513,free_movement,3.0,80.0,0.3078086443493706,1.0275
P04,01,segment_0515,free_movement,0.75,-10.0,0.4878774043862796,0.8305
P04,01,segment_0517,free_movement,4.25,320.0,0.39042779806330447,1.1005
P04,01,segment_0518,carrying,4.25,55.0,0.33046313373302394,0.7045
P04,01,segment_0519,free_movement,6.0,345.0,0.5569132024212442,1.0925
P04,01,segment_0521,free_movement,1.0,20.0,0.5486002957684462,0.783
P04,01,segment_0523,free_movement,2.0,170.0,0.5786633212118656,1.021
P04,01,segment_0525,free_movement,2.25,275.0,0.6360215564736935,1.088
P04,01,segment_0526,carrying,2.25,-50.0,0.5377362326219861,1.2245
P04,01,segment_0527,free_movement,4.25,45.0,0.7276281480222861,1.3995
P04,01,segment_0528,carrying,4.25,-45.0,0.47855909983183254,0.714
P04,01,segment_0529,free_movement,2.25,0.0,0.41744770040617807,1.2885
P04,01,segment_0530,carrying,2.25,-50.0,0.32827198084417897,1.041
P04,01,segment_0531,free_movement,6.0,225.0,0.5175847537803511,0.8235
P04,01,segment_0532,carrying,6.0,-50.0,0.31559494745383,0.844
P04,01,segment_0533,free_movement,2.0,10.0,0.416691415526147,1.572
P04,01,segment_0534,carrying,2.0,-25.0,0.5818689658285564,0.8615
P04,01,segment_0535,free_movement,3.0,-10.0,0.4942148898670715,0.9555
P04,01,segment_0536,carrying,3.0,-40.0,0.46536221167309194,1.158
P04,01,segment_0537,free_movement,0.75,325.0,0.4891841335300363,0.7295
P04,01,segment_0539,free_movement,1.0,185.0,0.3362609046393522,1.099
P04,01,segment_0541,free_movement,2.25,70.0,0.4796600896212527,0.9045
P04,01,segment_0543,free_movement,1.0,260.0,0.403385481816785,0.9195
P04,01,segment_0546,carrying,2.0,-50.0,0.34280015341687137,1.3565
P04,01,segment_0547,free_movement,6.0,290.0,0.6197368308343835,0.7835
P04,01,segment_0550,carrying,3.0,-50.0,0.5088657282918733,1.1875
P04,01,segment_0551,free_movement,4.25,110.0,0.5274152395033532,1.4575
P04,01,segment_0553,free_movement,0.75,95.0,0.35883306699415235,0.924
P04,01,segment_0554,carrying,0.75,315.0,0.4287311007332084,0.716
P04,01,segment_0555,free_movement,1.0,85.0,0.5961373054693538,1.008
P04,01,segment_0557,free_movement,2.0,90.0,0.3967050345514148,0.7725
P04,01,segment_0558,carrying,2.0,-50.0,0.30912194002766863,1.0245
P04,01,segment_0559,free_movement,2.25,145.0,0.4008712041395426,0.8525
P04,01,segment_0560,carrying,2.25,-50.0,0.44557479786005405,1.1345
P04,01,segment_0561,free_movement,4.25,45.0,0.4984351044611752,1.2235
P04,01,segment_0563,free_movement,3.0,40.0,0.5137360325577909,1.1255
P04,01,segment_0565,free_movement,6.0,55.0,0.42904243400648007,1.444
P04,01,segment_0566,carrying,6.0,-50.0,0.4381204025056321,1.1635
P04,01,segment_0570,carrying,2.25,95.0,0.31507697817314784,1.165
P04,01,segment_0571,free_movement,0.75,5.0,0.4371475292432278,1.195
P04,01,segment_0573,free_movement,4.25,0.0,0.533253562386735,1.229
P04,01,segment_0574,carrying,4.25,-50.0,0.3634634471110151,0.894
P04,01,segment_0575,free_movement,6.0,-40.0,0.30830428623489287,1.13
P04,01,segment_0576,carrying,6.0,270.0,0.3188918059850504,1.2395
P04,01,segment_0577,free_movement,3.0,-40.0,0.3118154219944365,2.0965
P04,01,segment_0579,free_movement,1.0,235.0,0.5645069717690077,1.0795
P04,01,segment_0581,free_movement,2.0,-45.0,0.45969254923426994,1.033
P04,01,segment_0582,carrying,2.0,230.0,0.301741381776525,0.912
P04,01,segment_0584,carrying,0.75,250.0,0.6080780793810588,0.806
P04,01,segment_0585,free_movement,3.0,150.0,0.5622849252527421,0.925
P04,01,segment_0587,free_movement,1.0,145.0,0.3738807865331525,0.947
P04,01,segment_0588,carrying,1.0,-50.0,0.3774580890682883,0.829
P04,01,segment_0589,free_movement,2.25,295.0,0.6351325774560146,1.125
P04,01,segment_0590,carrying,2.25,350.0,0.31137485476034865,1.209
P04,01,segment_0591,free_movement,6.0,-50.0,0.38531170413870663,1.2115
P04,01,segment_0594,carrying,4.25,-50.0,0.41485684001818757,1.3955
P04,01,segment_0595,free_movement,2.0,195.0,0.5909838194172049,0.9425
P04,01,segment_0596,carrying,2.0,80.0,0.6899480140160665,0.702
P04,01,segment_0597,free_movement,4.25,50.0,0.5298572880307252,1.4785
P04,01,segment_0599,free_movement,1.0,170.0,0.5689003531004135,0.878
P04,01,segment_0600,carrying,1.0,30.0,0.4617981743558507,0.7055
P04,01,segment_0601,free_movement,6.0,15.0,0.41940714252865097,0.7905
P04,01,segment_0603,free_movement,2.0,120.0,0.30586329998328177,0.863
P04,01,segment_0605,free_movement,2.25,-25.0,0.3805608704160865,1.043
P04,01,segment_0606,carrying,2.25,240.0,0.4544283172327017,0.9415
P04,01,segment_0607,free_movement,0.75,5.0,0.5152884600119803,0.92
P04,01,segment_0609,free_movement,3.0,190.0,0.3316930917850329,1.032
P04,01,segment_0613,free_movement,2.0,350.0,0.43488975221078713,1.2365
P04,01,segment_0615,free_movement,3.0,330.0,0.4356800535397349,1.006
P04,01,segment_0616,carrying,3.0,-10.0,0.48753531096051594,1.3215
P04,01,segment_0617,free_movement,4.25,90.0,0.4034646175318448,1.1995
P04,01,segment_0619,free_movement,1.0,245.0,0.6073880346666565,0.9155
P04,01,segment_0620,carrying,1.0,-50.0,0.3568621705727578,0.805
P04,01,segment_0622,carrying,0.75,160.0,0.40471319009283135,0.9865
P04,01,segment_0623,free_movement,2.25,5.0,0.5209730294715367,0.894
P04,01,segment_0625,free_movement,4.25,-10.0,0.39854153522864944,1.162
P04,01,segment_0627,free_movement,6.0,15.0,0.5883814961216756,1.036
P04,01,segment_0629,free_movement,3.0,-35.0,0.5337657168764921,0.9265
P04,01,segment_0630,carrying,3.0,350.0,0.4438614000645831,1.004
P04,01,segment_0631,free_movement,0.75,340.0,0.49230284793493584,1.064
P04,01,segment_0633,free_movement,1.0,270.0,0.4631997683327097,1.0245
P04,01,segment_0634,carrying,1.0,-50.0,0.4095921527157572,1.031
P04,01,segment_0635,free_movement,2.25,90.0,0.5260076781357984,1.0175
P04,01,segment_0636,carrying,2.25,-50.0,0.37668623731348244,1.293
P04,01,segment_0637,free_movement,2.0,310.0,0.38319044269899716,0.947
P04,01,segment_0641,free_movement,0.75,-10.0,0.4167461700946167,1.247
P04,01,segment_0642,carrying,0.75,35.0,0.3206484091232777,1.07
P04,01,segment_0643,free_movement,6.0,180.0,0.5024139972965167,0.894
P04,01,segment_0645,free_movement,4.25,240.0,0.4592379514979999,1.3995
P04,01,segment_0648,carrying,2.0,310.0,0.3107368300430762,1.3515
P04,01,segment_0651,free_movement,3.0,35.0,0.6491422480905327,0.9765
P04,01,segment_0652,carrying,3.0,-50.0,0.36522012962731043,0.9155
P04,01,segment_0653,free_movement,1.0,285.0,0.4506984134045038,0.869
P04,01,segment_0654,carrying,1.0,235.0,0.36780097802690803,0.8535
P04,01,segment_0655,free_movement,3.0,120.0,0.45303912995990786,1.0735
P04,01,segment_0656,carrying,3.0,340.0,0.4427491982280407,0.9825
P04,01,segment_0657,free_movement,2.25,95.0,0.3713277584043828,1.432
P04,01,segment_0660,carrying,0.75,270.0,0.4348303507736984,0.867
P04,01,segment_0661,free_movement,2.0,205.0,0.5891963528138344,1.084
P04,01,segment_0662,carrying,2.0,-20.0,0.3327128197551799,0.799
P04,01,segment_0663,free_movement,4.25,5.0,0.520070961451049,1.118
P04,01,segment_0665,free_movement,6.0,0.0,0.4530934362654788,1.4985
P04,01,segment_0667,free_movement,6.0,35.0,0.41484731689721166,1.946
P04,01,segment_0668,carrying,6.0,80.0,0.4243119744361063,0.7015
P04,01,segment_0670,carrying,4.25,-50.0,0.44643085000460253,1.2675
P04,01,segment_0673,free_movement,2.25,300.0,0.4877730985171233,1.1005
P04,01,segment_0674,carrying,2.25,-50.0,0.42715983053680967,1.373
P04,01,segment_0675,free_movement,1.0,80.0,0.5825270482366495,1.115
P04,01,segment_0679,free_movement,0.75,350.0,0.46837808327338315,0.9085
P04,01,segment_0681,free_movement,4.25,0.0,0.5177874918569328,1.421
P04,01,segment_0682,carrying,4.25,235.0,0.3070408685027848,0.881
P04,01,segment_0683,free_movement,2.25,175.0,0.3957989778788858,2.2895
P04,01,segment_0689,free_movement,2.0,30.0,0.35330629849831424,1.0875
P04,01,segment_0691,free_movement,3.0,50.0,0.4840800438877503,1.309
P04,01,segment_0693,free_movement,1.0,320.0,0.4945777542480322,1.2935
P04,01,segment_0694,carrying,1.0,-5.0,0.32937773827689776,1.1005
P04,01,segment_0695,free_movement,4.25,0.0,0.42583933220897147,1.807
P04,01,segment_0697,free_movement,1.0,205.0,0.41514899067102756,1.2525
P04,01,segment_0699,free_movement,2.25,110.0,0.497325584061393,1.1945
P04,01,segment_0700,carrying,2.25,-50.0,0.38012726668381,1.409
P04,01,segment_0701,free_movement,6.0,155.0,0.6046224332747028,1.106
P04,01,segment_0703,free_movement,3.0,115.0,0.37143582699971384,0.939
P04,01,segment_0704,carrying,3.0,-20.0,0.3150886592190728,1.0295
P04,01,segment_0706,carrying,2.0,210.0,0.3081345348898319,0.8485
P04,01,segment_0707,free_movement,0.75,55.0,0.5639299710354371,0.934
P04,01,segment_0709,free_movement,4.25,285.0,0.39426158539819683,1.4065
P04,01,segment_0710,carrying,4.25,275.0,0.3855653341397679,0.8445
P04,01,segment_0711,free_movement,3.0,-40.0,0.3608648411822471,0.957
P04,01,segment_0716,carrying,1.0,270.0,0.686132950211489,0.797
P04,01,segment_0717,free_movement,2.25,130.0,0.5784612872917364,1.258
P04,01,segment_0720,carrying,0.75,120.0,0.35345671129855594,1.3235
P04,01,segment_0721,free_movement,2.0,180.0,0.4133606694419653,1.088
P04,01,segment_0723,free_movement,2.0,195.0,0.6834026519480976,1.103
P04,01,segment_0724,carrying,2.0,-50.0,0.37296633896089604,0.7165
P04,01,segment_0725,free_movement,6.0,95.0,0.5687291036721331,1.071
P04,01,segment_0727,free_movement,2.25,290.0,0.4743469319583251,1.2755
P04,01,segment_0729,free_movement,4.25,5.0,0.37428357284727604,1.236
P04,01,segment_0730,carrying,4.25,-50.0,0.4037756615012077,1.1865
P04,01,segment_0731,free_movement,3.0,10.0,0.49615842461372656,0.9855
P04,01,segment_0733,free_movement,0.75,350.0,0.5470922696380399,1.0825
P04,01,segment_0737,free_movement,4.25,0.0,0.43090086765072094,1.431
P04,01,segment_0738,carrying,4.25,-50.0,0.3782205404899958,1.1895
P04,01,segment_0739,free_movement,3.0,250.0,0.4158387174391874,0.834
P04,01,segment_0740,carrying,3.0,-50.0,0.37023968437697563,1.1605
P04,01,segment_0741,free_movement,6.0,30.0,0.38668666655631767,0.865
P04,01,segment_0742,carrying,6.0,-45.0,0.48907548910639503,1.153
P04,01,segment_0743,free_movement,0.75,40.0,0.40038392403306367,0.8185
P04,01,segment_0745,free_movement,2.0,10.0,0.6924052553253047,1.1285
P04,01,segment_0747,free_movement,2.25,310.0,0.6807212314706346,0.853
P04,01,segment_0749,free_movement,1.0,140.0,0.30190135015193653,1.073
P04,01,segment_0750,carrying,1.0,35.0,0.6286400896794516,0.7685
P04,01,segment_0752,carrying,3.0,-45.0,0.325938597283626,1.08
P04,01,segment_0753,free_movement,0.75,250.0,0.3668313253989232,1.044
P04,01,segment_0754,carrying,0.75,-5.0,0.6620019340280833,0.7075
P04,01,segment_0755,free_movement,1.0,30.0,0.5172127643113301,0.7535
P04,01,segment_0757,free_movement,4.25,15.0,0.449516493314617,1.1165
P04,01,segment_0758,carrying,4.25,-30.0,0.4354747686793422,1.1695
P04,01,segment_0759,free_movement,2.0,300.0,0.43947698489406634,1.0255
P04,01,segment_0761,free_movement,2.25,65.0,0.46237477832423357,1.1315
P04,01,segment_0763,free_movement,6.0,0.0,0.4080332035256044,1.7165
P04,01,segment_0765,free_movement,3.0,180.0,0.3851012238865964,1.1715
P04,01,segment_0766,carrying,3.0,-30.0,0.32923784068033457,1.265
P04,01,segment_0767,free_movement,0.75,-10.0,0.4771028292995052,1.055
P04,01,segment_0770,carrying,1.0,175.0,0.412565319084777,3.5785
P04,01,segment_0771,free_movement,6.0,-50.0,0.5086950917540195,1.091
P04,01,segment_0772,carrying,6.0,-20.0,0.4868658700982116,1.271
P04,01,segment_0773,free_movement,2.0,-5.0,0.6051912653990893,1.007
P04,01,segment_0775,free_movement,4.25,240.0,0.7100642300701492,1.16
P04,01,segment_0777,free_movement,2.25,35.0,0.4077563540404956,1.049
P04,01,segment_0779,free_movement,3.0,-10.0,0.7015344634586353,1.138
P04,01,segment_0780,carrying,3.0,150.0,0.44718983955551406,1.1935
P04,01,segment_0783,free_movement,2.0,5.0,0.44230488452917466,1.608
P04,01,segment_0785,free_movement,0.75,350.0,0.38221449788793904,1.25
P04,01,segment_0787,free_movement,1.0,335.0,0.3151171200928403,1.235
P04,01,segment_0788,carrying,1.0,305.0,0.4636789660919226,0.919
P04,01,segment_0789,free_movement,2.25,-5.0,0.5037798734458212,1.3755
P04,01,segment_0790,carrying,2.25,50.0,0.35916758986902925,1.243
P04,01,segment_0791,free_movement,4.25,10.0,0.4060984122534024,1.784
P04,01,segment_0794,carrying,2.0,190.0,0.3690464715775583,1.006
P04,01,segment_0795,free_movement,4.25,-10.0,0.45162043785360134,1.303
P04,01,segment_0797,free_movement,2.25,5.0,0.4150368321780238,2.441
P04,01,segment_0799,free_movement,0.75,160.0,0.5706393735012302,0.873
P04,01,segment_0801,free_movement,3.0,125.0,0.32568701149968715,1.3725
P04,01,segment_0803,free_movement,1.0,40.0,0.4372873866535435,1.023
P04,01,segment_0805,free_movement,6.0,245.0,0.6909471631336939,1.1155
P04,01,segment_0806,carrying,6.0,195.0,0.3970732226150411,0.89
P04,01,segment_0807,free_movement,4.25,15.0,0.5903831006308411,1.258
P04,01,segment_0809,free_movement,1.0,285.0,0.526870511072102,1.1975
P04,01,segment_0812,carrying,0.75,-50.0,0.31419675709890305,0.895
P04,01,segment_0814,carrying,2.25,-50.0,0.38028404488903106,1.2805
P04,01,segment_0815,free_movement,2.0,290.0,0.3182502297888193,1.055
P04,01,segment_0817,free_movement,3.0,290.0,0.3265240619390135,1.1925
P04,01,segment_0818,carrying,3.0,-50.0,0.3475051870786799,1.401
P04,01,segment_0819,free_movement,6.0,-10.0,0.619340820925081,0.843
P04,01,segment_0821,free_movement,4.25,0.0,0.567021038747142,1.106
P04,01,segment_0822,carrying,4.25,-50.0,0.3321849401753424,1.4835
P04,01,segment_0825,free_movement,1.0,250.0,0.4047497652071666,1.1125
P04,01,segment_0826,carrying,1.0,350.0,0.5029830254402764,0.982
P04,01,segment_0831,free_movement,6.0,55.0,0.6095532804631678,1.185
P04,01,segment_0833,free_movement,2.25,-5.0,0.49511891703391187,0.8685
P04,01,segment_0834,carrying,2.25,145.0,0.3676219780477799,1.1835
P04,01,segment_0835,free_movement,4.25,180.0,0.4882270493825463,1.323
P04,01,segment_0836,carrying,4.25,-50.0,0.3033637946767933,1.023
P04,01,segment_0837,free_movement,0.75,165.0,0.5406079994722922,0.902
P04,01,segment_0839,free_movement,6.0,265.0,0.4111217722173633,1.001
P04,01,segment_0841,free_movement,3.0,110.0,0.49085476778588355,0.9135
P04,01,segment_0843,free_movement,2.0,110.0,0.43473928102132314,0.9205
P04,01,segment_0845,free_movement,2.25,340.0,0.5021133119896884,1.273
P04,01,segment_0846,carrying,2.25,-40.0,0.30755643659635523,1.428
P04,01,segment_0847,free_movement,1.0,285.0,0.3518943506540231,0.8945
P04,01,segment_0848,carrying,1.0,-50.0,0.4574040595529441,1.0185
P04,01,segment_0850,carrying,3.0,225.0,0.30200138437551965,1.397
P04,01,segment_0851,free_movement,2.0,330.0,0.5152553699270936,0.976
P04,01,segment_0853,free_movement,4.25,140.0,0.46075198530952494,1.234
P04,01,segment_0855,free_movement,6.0,0.0,0.6225150084766244,0.9085
P04,01,segment_0857,free_movement,0.75,350.0,0.32769266176727424,1.208
P04,01,segment_0859,free_movement,1.0,350.0,0.5270536082227165,1.092
P04,01,segment_0862,carrying,2.25,345.0,0.5325693737541232,0.971
P04,01,segment_0863,free_movement,3.0,20.0,0.46310246882237444,1.6685
P04,01,segment_0865,free_movement,1.0,350.0,0.43314191383166606,1.1365
P04,01,segment_0866,carrying,1.0,30.0,0.36292082596021097,0.734
P04,01,segment_0867,free_movement,2.0,100.0,0.4086871492872607,0.9775
P04,01,segment_0868,carrying,2.0,315.0,0.4183783973703822,0.7485
P04,01,segment_0869,free_movement,2.25,-5.0,0.6062507918791653,0.9805
P04,01,segment_0870,carrying,2.25,-50.0,0.4811341506920792,1.4995
P04,01,segment_0871,free_movement,4.25,90.0,0.4145541840841542,1.0115
P04,01,segment_0872,carrying,4.25,-50.0,0.4171548593387729,0.8725
P04,01,segment_0873,free_movement,0.75,-15.0,0.5013315919906713,0.993
P04,01,segment_0874,carrying,0.75,210.0,0.3223441078425931,1.087
P04,01,segment_0875,free_movement,6.0,255.0,0.40018871437745485,1.131
P04,01,segment_0876,carrying,6.0,-50.0,0.31625759569966644,1.007
P04,01,segment_0877,free_movement,2.0,-30.0,0.3224799570702296,1.014
P04,01,segment_0879,free_movement,3.0,30.0,0.37250541146554966,1.292
P04,01,segment_0881,free_movement,6.0,-20.0,0.37084331742674087,1.0165
P04,01,segment_0883,free_movement,0.75,20.0,0.5426895791577102,1.006
P04,01,segment_0885,free_movement,2.25,275.0,0.4126019256137901,0.864
P04,01,segment_0887,free_movement,4.25,-20.0,0.7219410697462951,1.177
P04,01,segment_0889,free_movement,1.0,175.0,0.35760018522252907,1.2705
P04,01,segment_0890,carrying,1.0,325.0,0.46017597404939153,0.9365
P04,01,segment_0893,free_movement,6.0,5.0,0.558459277554458,1.1505
P04,01,segment_0894,carrying,6.0,-45.0,0.32206044007271856,1.1175
P04,01,segment_0897,free_movement,4.25,350.0,0.43357120274904987,1.432
P04,01,segment_0898,carrying,4.25,55.0,0.3941942641297286,0.722
P04,01,segment_0899,free_movement,2.25,70.0,0.5074614749892582,1.436
P04,01,segment_0901,free_movement,3.0,195.0,0.37138267713428896,0.855
P04,01,segment_0903,free_movement,2.0,80.0,0.3034945136544526,1.334
P04,01,segment_0905,free_movement,2.0,190.0,0.4036006419519383,1.2025
P04,01,segment_0907,free_movement,3.0,265.0,0.7418997062435801,1.0315
P04,01,segment_0909,free_movement,1.0,50.0,0.4242599463291379,1.0295
P04,01,segment_0910,carrying,1.0,-50.0,0.303901835827268,1.1365
P04,01,segment_0911,free_movement,0.75,130.0,0.42973591235527925,1.2035
P04,01,segment_0913,free_movement,6.0,220.0,0.511033536714774,0.85
P04,01,segment_0914,carrying,6.0,155.0,0.3447010029250987,0.872
P04,01,segment_0916,carrying,2.25,-50.0,0.6232211199556784,0.739
P04,01,segment_0917,free_movement,4.25,15.0,0.5709548616850371,1.117
P04,01,segment_0920,carrying,0.75,310.0,0.3299417142713287,0.8145
P04,01,segment_0921,free_movement,4.25,10.0,0.45411091573199597,1.3855
P04,01,segment_0923,free_movement,1.0,340.0,0.43064815913389043,1.1905
P04,01,segment_0924,carrying,1.0,350.0,0.3605510338063417,1.0655
P04,01,segment_0925,free_movement,2.25,320.0,0.6053849211661755,1.1285
P04,01,segment_0927,free_movement,6.0,280.0,0.620511497124523,1.0325
P04,01,segment_0929,free_movement,2.0,5.0,0.4788770057165407,1.2405
P04,01,segment_0930,carrying,2.0,175.0,0.3719469191429025,1.1105
P04,01,segment_0931,free_movement,3.0,-45.0,0.45507418328388216,0.7825
P04,01,segment_0933,free_movement,2.0,10.0,0.5076341293563886,1.044
P04,01,segment_0934,carrying,2.0,205.0,0.38184338480390395,0.9645
P04,01,segment_0936,carrying,6.0,-50.0,0.3193745712430156,1.356
P04,01,segment_0937,free_movement,0.75,5.0,0.4114305162607435,1.336
P04,01,segment_0939,free_movement,2.25,230.0,0.4175415609447174,1.1565
P04,01,segment_0942,carrying,3.0,270.0,0.40926940264464023,0.8775
P04,01,segment_0943,free_movement,4.25,70.0,0.369227437518374,1.184
P04,01,segment_0945,free_movement,1.0,310.0,0.3895409089684555,1.1195
P04,01,segment_0947,free_movement,0.75,155.0,0.5023091385786328,0.8295
P04,01,segment_0948,carrying,0.75,285.0,0.4764727023317369,0.7235
P04,01,segment_0949,free_movement,2.25,45.0,0.4466763578901239,1.8565
P04,01,segment_0951,free_movement,6.0,10.0,0.6439084745498247,1.231
P04,01,segment_0953,free_movement,1.0,5.0,0.6418616054664337,0.8135
P04,01,segment_0954,carrying,1.0,275.0,0.5178604578054096,0.744
P04,01,segment_0955,free_movement,2.0,20.0,0.3944940621671357,0.976
P04,01,segment_0956,carrying,2.0,325.0,0.41857970986317905,1.202
P04,01,segment_0957,free_movement,3.0,-10.0,0.6273358495609066,1.088
P04,01,segment_0959,free_movement,4.25,160.0,0.4396872613972565,1.283
P04,01,segment_0961,free_movement,2.0,50.0,0.4847597432255839,1.0925
P04,01,segment_0963,free_movement,2.25,110.0,0.4037838306814122,1.038
P04,01,segment_0966,carrying,1.0,260.0,0.34567818120929805,2.0085
P04,01,segment_0967,free_movement,3.0,335.0,0.45111269910669527,1.32
P04,01,segment_0968,carrying,3.0,180.0,0.4541482458895844,0.882
P04,01,segment_0969,free_movement,0.75,-10.0,0.615617639911707,0.8385
P04,01,segment_0970,carrying,0.75,-5.0,0.5079330531181409,0.7715
P04,01,segment_0971,free_movement,4.25,-30.0,0.37895881672149734,1.114
P04,01,segment_0973,free_movement,6.0,0.0,0.42920418299364604,0.8195
P04,01,segment_0975,free_movement,3.0,30.0,0.5761608418144353,1.168
P04,01,segment_0977,free_movement,2.25,-25.0,0.3292502314513603,1.29
P04,01,segment_0979,free_movement,2.0,0.0,0.7366742660135264,0.9345
P04,01,segment_0980,carrying,2.0,-25.0,0.37391791947547626,0.703
P04,01,segment_0981,free_movement,1.0,240.0,0.4536956087322701,0.9975
P04,01,segment_0982,carrying,1.0,180.0,0.48652947867375707,0.7455
P04,01,segment_0983,free_movement,0.75,100.0,0.4721909621065599,0.8845
P04,01,segment_0985,free_movement,4.25,10.0,0.4122299494233198,1.036
P04,01,segment_0987,free_movement,6.0,0.0,0.3513331789941204,1.052
P04,01,segment_0989,free_movement,2.0,10.0,0.32327054655749227,0.936
P04,01,segment_0992,carrying,2.25,-45.0,0.5173633811337656,0.766
P04,01,segment_0993,free_movement,1.0,170.0,0.4869626905309454,0.944
P04,01,segment_0994,carrying,1.0,195.0,0.7233405124634967,0.96
P04,01,segment_0995,free_movement,6.0,330.0,0.9946868288935528,1.0325
P04,01,segment_0997,free_movement,3.0,220.0,0.3335535760553626,0.9845
P05,01,segment_0000,free_movement,6.0,30.0,0.3414350256985964,9.469
P05,01,segment_0002,free_movement,2.25,20.0,0.4277039323545637,3.7925
P05,01,segment_0005,carrying,2.0,350.0,0.3293807542853332,1.1975
P05,01,segment_0006,free_movement,1.0,0.0,0.5308513247593901,2.306
P05,01,segment_0008,free_movement,4.25,0.0,0.4820340304648701,4.5705
P05,01,segment_0010,free_movement,0.75,-40.0,0.4421069128800277,4.454
P05,01,segment_0011,carrying,0.75,235.0,0.4626708542991205,1.5145
P05,01,segment_0012,free_movement,3.0,70.0,0.48559975274287787,2.547
P05,01,segment_0013,carrying,3.0,-50.0,0.3013867359855078,1.726
P05,01,segment_0014,free_movement,1.0,50.0,0.3988859363017074,2.389
P05,01,segment_0016,free_movement,0.75,-25.0,0.4379010843315043,1.6335
P05,01,segment_0017,carrying,0.75,265.0,0.3470269833176123,1.545
P05,01,segment_0018,free_movement,2.25,185.0,0.42205688831662935,4.7965
P05,01,segment_0020,free_movement,4.25,295.0,0.3631136053827149,3.859
P05,01,segment_0022,free_movement,3.0,-5.0,0.5611835032801996,2.927
P05,01,segment_0024,free_movement,6.0,10.0,0.5104462901836938,2.9475
P05,01,segment_0026,free_movement,2.0,5.0,0.5204094769383321,2.984
P05,01,segment_0028,free_movement,2.0,-5.0,0.5978385817861833,3.1165
P05,01,segment_0029,carrying,2.0,-50.0,0.341882851440795,1.564
P05,01,segment_0030,free_movement,4.25,160.0,0.34802159236947805,2.259
P05,01,segment_0031,carrying,4.25,300.0,0.3240770156317923,2.1355
P05,01,segment_0032,free_movement,0.75,-5.0,0.6401802876419949,2.3925
P05,01,segment_0034,free_movement,3.0,45.0,0.4579054138220068,2.139
P05,01,segment_0035,carrying,3.0,-50.0,0.40519453050393706,1.5965
P05,01,segment_0038,free_movement,6.0,55.0,0.39265018476495644,3.423
P05,01,segment_0040,free_movement,1.0,10.0,0.43832672376447246,3.3175
P05,01,segment_0042,free_movement,3.0,5.0,0.4520887774050218,2.488
P05,01,segment_0043,carrying,3.0,-50.0,0.335935577272892,1.792
P05,01,segment_0044,free_movement,6.0,270.0,0.3540169881949816,3.2485
P05,01,segment_0049,carrying,0.75,-50.0,0.3718622343727875,1.8095
P05,01,segment_0052,free_movement,2.0,0.0,0.5581407770831398,4.2755
P05,01,segment_0053,carrying,2.0,-20.0,0.6565631876221886,0.9535
P05,01,segment_0054,free_movement,1.0,200.0,0.4028889817888074,2.502
P05,01,segment_0056,free_movement,2.25,85.0,0.4888031100387577,2.4195
P05,01,segment_0058,free_movement,6.0,75.0,0.46093529016149204,1.9325
P05,01,segment_0060,free_movement,4.25,130.0,0.3156054268654008,2.8785
P05,01,segment_0062,free_movement,3.0,15.0,0.42752299633680574,2.5895
P05,01,segment_0064,free_movement,2.0,-25.0,0.4079915850570226,2.6465
P05,01,segment_0066,free_movement,1.0,60.0,0.48120103933141517,1.788
P05,01,segment_0074,free_movement,1.0,35.0,0.4165785191911971,1.742
P05,01,segment_0076,free_movement,2.0,0.0,0.6686757629539927,2.707
P05,01,segment_0077,carrying,2.0,25.0,0.33793493327533847,1.1685
P05,01,segment_0078,free_movement,0.75,-50.0,0.5306507857999999,1.8735
P05,01,segment_0080,free_movement,3.0,5.0,0.402692950797602,4.435
P05,01,segment_0082,free_movement,6.0,20.0,0.50655606670402,3.0865
P05,01,segment_0084,free_movement,2.0,5.0,0.6063391500395182,2.6505
P05,01,segment_0086,free_movement,4.25,5.0,0.5055569018470427,2.6035
P05,01,segment_0088,free_movement,6.0,-10.0,0.5959007787307098,2.088
P05,01,segment_0089,carrying,6.0,145.0,0.43879134003571485,1.627
P05,01,segment_0090,free_movement,1.0,160.0,0.66464302216427,3.24
P05,01,segment_0091,carrying,1.0,-35.0,0.4145228286019823,1.202
P05,01,segment_0092,free_movement,2.25,330.0,0.345931137389553,3.3875
P05,01,segment_0094,free_movement,0.75,175.0,0.32197249200059186,2.993
P05,01,segment_0096,free_movement,3.0,0.0,0.5830546336657892,3.704
P05,01,segment_0097,carrying,3.0,135.0,0.3999009532027513,1.2605
P05,01,segment_0098,free_movement,3.0,5.0,0.5383214081708914,3.535
P05,01,segment_0100,free_movement,2.0,35.0,0.5054695291652713,2.892
P05,01,segment_0102,free_movement,6.0,25.0,0.484992232402484,2.149
P05,01,segment_0104,free_movement,0.75,50.0,0.4277990565567936,4.101
P05,01,segment_0108,free_movement,1.0,0.0,0.690409776857497,2.1615
P05,01,segment_0110,free_movement,2.25,135.0,0.48963635488880247,2.5075
P05,01,segment_0112,free_movement,4.25,160.0,0.3933785597933285,2.5695
P05,01,segment_0114,free_movement,1.0,45.0,0.3988931867677532,1.574
P05,01,segment_0116,free_movement,6.0,155.0,0.3156312930425433,2.4295
P05,01,segment_0118,free_movement,2.25,160.0,0.5181057232364557,3.915
P05,01,segment_0120,free_movement,2.0,50.0,0.45194268052341974,2.5915
P05,01,segment_0124,free_movement,3.0,0.0,0.3305055613301815,2.8655
P05,01,segment_0125,carrying,3.0,350.0,0.3319668690778352,1.4585
P05,01,segment_0126,free_movement,6.0,5.0,0.6637376482060086,2.1545
P05,01,segment_0130,free_movement,2.25,-10.0,0.556999292188966,2.329
P05,01,segment_0132,free_movement,2.0,55.0,0.5323357646480251,2.9305
P05,01,segment_0134,free_movement,1.0,5.0,0.45043125448535776,3.5255
P05,01,segment_0136,free_movement,0.75,300.0,0.3741406829517188,2.133
P05,01,segment_0138,free_movement,3.0,60.0,0.320007496889943,3.044
P05,01,segment_0140,free_movement,3.0,5.0,0.6109991937814389,4.5355
P05,01,segment_0142,free_movement,6.0,5.0,0.5453347881845186,2.3075
P05,01,segment_0144,free_movement,2.25,65.0,0.3651726274379964,2.1415
P05,01,segment_0146,free_movement,1.0,5.0,0.544354563065873,1.733
P05,01,segment_0148,free_movement,0.75,-5.0,0.465463230870482,1.4895
P05,01,segment_0149,carrying,0.75,-5.0,0.48489972640998696,1.2005
P05,01,segment_0150,free_movement,4.25,10.0,0.3248023169198878,2.591
P05,01,segment_0152,free_movement,2.0,-30.0,0.5083360625090483,2.5245
P05,01,segment_0154,free_movement,2.0,0.0,0.37006661752118647,2.175
P05,01,segment_0155,carrying,2.0,-25.0,0.4110022977066225,1.2485
P05,01,segment_0156,free_movement,1.0,75.0,0.5225244690625054,2.0415
P05,01,segment_0158,free_movement,2.25,15.0,0.4681438102334703,3.876
P05,01,segment_0160,free_movement,4.25,5.0,0.6039324180308331,2.9395
P05,01,segment_0161,carrying,4.25,-50.0,0.41594559516147667,1.0265
P05,01,segment_0162,free_movement,3.0,0.0,0.5888242096653413,2.9295
P05,01,segment_0164,free_movement,6.0,30.0,0.5136249320690046,3.553
P05,01,segment_0166,free_movement,0.75,-10.0,0.35161315417605904,2.098
P05,01,segment_0168,free_movement,6.0,0.0,0.43878943595880365,2.552
P05,01,segment_0170,free_movement,3.0,-10.0,0.5053838509382671,4.2155
P05,01,segment_0172,free_movement,1.0,10.0,0.3106178125516814,2.8435
P05,01,segment_0173,carrying,1.0,-25.0,0.32677551785154957,1.3805
P05,01,segment_0174,free_movement,2.25,5.0,0.41144512045041753,2.249
P05,01,segment_0176,free_movement,0.75,40.0,0.5381537028703863,1.9015
P05,01,segment_0180,free_movement,4.25,45.0,0.3462452323744884,3.765
P05,01,segment_0182,free_movement,4.25,10.0,0.40896359003774646,3.12
P05,01,segment_0184,free_movement,3.0,0.0,0.5770231628886299,2.5185
P05,01,segment_0186,free_movement,2.0,325.0,0.4633940202027626,1.557
P05,01,segment_0187,carrying,2.0,-50.0,0.45871438085560157,1.6725
P05,01,segment_0188,free_movement,2.25,-50.0,0.5294957359555634,1.9675
P05,01,segment_0192,free_movement,6.0,75.0,0.4109742768629242,2.3795
P05,01,segment_0194,free_movement,1.0,-5.0,0.517516560404913,3.133
P05,01,segment_0196,free_movement,6.0,5.0,0.41132638325177645,2.9235
P05,01,segment_0198,free_movement,2.0,-10.0,0.4646919589093466,2.127
P05,01,segment_0199,carrying,2.0,195.0,0.3775132340887625,2.127
P05,01,segment_0200,free_movement,2.25,195.0,0.36424099324657655,3.1945
P05,01,segment_0202,free_movement,4.25,35.0,0.38481677380052226,2.7985
P05,01,segment_0204,free_movement,1.0,55.0,0.40847966422327814,2.09
P05,01,segment_0205,carrying,1.0,-50.0,0.32279963681059687,1.6075
P05,01,segment_0206,free_movement,0.75,15.0,0.754671160181211,1.457
P05,01,segment_0208,free_movement,3.0,30.0,0.3978223746564777,2.71
P05,01,segment_0210,free_movement,6.0,15.0,0.5547856762769253,4.968
P05,01,segment_0212,free_movement,1.0,135.0,0.3560325633478488,2.1315
P05,01,segment_0213,carrying,1.0,-50.0,0.30001162669514614,1.968
P05,01,segment_0214,free_movement,3.0,-5.0,0.5636649350682831,2.948
P05,01,segment_0215,carrying,3.0,-20.0,0.43430381600284457,1.0815
P05,01,segment_0216,free_movement,2.25,-45.0,0.5397823374474096,2.523
P05,01,segment_0218,free_movement,4.25,235.0,0.3023927574840371,2.1435
P05,01,segment_0220,free_movement,0.75,180.0,0.5013184543215206,1.686
P05,01,segment_0224,free_movement,2.0,5.0,0.5693895858201887,2.3305
P05,01,segment_0226,free_movement,0.75,180.0,0.3464819003357629,2.052
P05,01,segment_0228,free_movement,3.0,45.0,0.5589489383013659,1.7375
P05,01,segment_0230,free_movement,4.25,-10.0,0.4765001809244076,3.8555
P05,01,segment_0231,carrying,4.25,315.0,0.34910338408916813,1.658
P05,01,segment_0232,free_movement,2.25,-35.0,0.6007264074355553,1.881
P05,01,segment_0234,free_movement,6.0,190.0,0.4708830276671421,2.27
P05,01,segment_0236,free_movement,1.0,-20.0,0.44322320230636336,1.818
P05,01,segment_0239,carrying,0.75,275.0,0.40999330846621973,1.7635
P05,01,segment_0240,free_movement,2.25,5.0,0.5409081833320489,1.9355
P05,01,segment_0242,free_movement,2.0,0.0,0.3761736435743552,1.9055
P05,01,segment_0243,carrying,2.0,-10.0,0.4030942451972883,1.1035
P05,01,segment_0244,free_movement,6.0,0.0,0.6640341721728812,2.3405
P05,01,segment_0246,free_movement,4.25,105.0,0.31197229778901875,3.831
P05,01,segment_0248,free_movement,1.0,20.0,0.596258101080834,1.738
P05,01,segment_0250,free_movement,3.0,35.0,0.41259734388458846,1.7645
P05,01,segment_0251,carrying,3.0,220.0,0.31683786781943785,1.664
P05,01,segment_0252,free_movement,1.0,-20.0,0.5584373736374415,2.593
P05,01,segment_0254,free_movement,2.25,0.0,0.5503332149180478,3.1795
P05,01,segment_0256,free_movement,2.0,335.0,0.5022525094250909,1.8045
P05,01,segment_0257,carrying,2.0,-50.0,0.46823096863253033,1.214
P05,01,segment_0258,free_movement,4.25,0.0,0.6123760863483877,2.782
P05,01,segment_0260,free_movement,3.0,-5.0,0.4430871191340003,2.6065
P05,01,segment_0262,free_movement,6.0,10.0,0.3585768125902344,2.1185
P05,01,segment_0264,free_movement,0.75,-5.0,0.4620647239724684,2.072
P05,01,segment_0265,carrying,0.75,350.0,0.3795253138964895,0.88
P05,01,segment_0266,free_movement,2.0,135.0,0.46841163668523206,2.3925
P05,01,segment_0270,free_movement,6.0,5.0,0.4841464975666378,4.1515
P05,01,segment_0272,free_movement,0.75,30.0,0.39039749607643354,2.0615
P05,01,segment_0274,free_movement,4.25,5.0,0.4211180368771745,3.6165
P05,01,segment_0276,free_movement,3.0,135.0,0.492262007868267,2.838
P05,01,segment_0278,free_movement,1.0,-5.0,0.43313540708854215,2.392
P05,01,segment_0281,carrying,1.0,240.0,0.451834258416337,1.4635
P05,01,segment_0284,free_movement,2.0,55.0,0.35186929521758814,5.8265
P05,01,segment_0285,carrying,2.0,-50.0,0.40835395596976864,1.3175
P05,01,segment_0286,free_movement,6.0,5.0,0.5310244216011222,2.7185
P05,01,segment_0288,free_movement,2.25,330.0,0.4080270413577338,1.884
P05,01,segment_0290,free_movement,4.25,20.0,0.3715348983883106,2.477
P05,01,segment_0291,carrying,4.25,300.0,0.40616902258809995,1.4755
P05,01,segment_0292,free_movement,3.0,0.0,0.6630085480749635,2.093
P05,01,segment_0296,free_movement,2.25,65.0,0.3292677387353036,1.7795
P05,01,segment_0298,free_movement,0.75,10.0,0.40613983053025554,1.612
P05,01,segment_0299,carrying,0.75,350.0,0.3664196949413534,0.923
P05,01,segment_0300,free_movement,2.0,240.0,0.43855802303342867,2.202
P05,01,segment_0302,free_movement,4.25,5.0,0.5106541886911479,2.573
P05,01,segment_0304,free_movement,6.0,0.0,0.5027259140037885,3.954
P05,01,segment_0306,free_movement,3.0,40.0,0.3894491345567358,2.1285
P05,01,segment_0308,free_movement,0.75,125.0,0.4817790628271584,1.514
P05,01,segment_0310,free_movement,4.25,255.0,0.39730037824582415,3.8725
P05,01,segment_0312,free_movement,2.25,0.0,0.6705258902400016,2.011
P05,01,segment_0318,free_movement,1.0,10.0,0.49214466036114735,2.153
P05,01,segment_0320,free_movement,3.0,45.0,0.4143356654139252,2.2675
P05,01,segment_0321,carrying,3.0,290.0,0.3017909751902775,1.6425
P05,01,segment_0322,free_movement,6.0,0.0,0.5109649143565351,2.846
P05,01,segment_0324,free_movement,2.0,15.0,0.48978715990387983,2.4855
P05,01,segment_0325,carrying,2.0,-45.0,0.30599555431337433,1.5605
P05,01,segment_0326,free_movement,2.25,-15.0,0.3067988597408025,1.7995
P05,01,segment_0328,free_movement,3.0,15.0,0.4099570669475807,2.026
P05,01,segment_0329,carrying,3.0,-50.0,0.3462673264784927,1.7005
P05,01,segment_0334,free_movement,4.25,55.0,0.45121181823420753,2.6435
P05,01,segment_0336,free_movement,6.0,0.0,0.645983680669433,3.2645
P05,01,segment_0338,free_movement,2.0,-10.0,0.6246008911855884,2.45
P05,01,segment_0342,free_movement,4.25,5.0,0.3914480912215009,2.827
P05,01,segment_0349,carrying,3.0,285.0,0.36454899454664186,1.5775
P05,01,segment_0350,free_movement,3.0,0.0,0.475227756020278,2.4995
P05,01,segment_0352,free_movement,0.75,-5.0,0.34209884243872074,1.353
P05,01,segment_0354,free_movement,6.0,125.0,0.4547041293561044,2.003
P05,01,segment_0356,free_movement,4.25,0.0,0.5118702321577684,5.0795
P05,01,segment_0358,free_movement,2.0,0.0,0.41646215672275494,1.7365
P05,01,segment_0359,carrying,2.0,345.0,0.3686100569287655,1.4755
P05,01,segment_0360,free_movement,2.25,350.0,0.3664497200131582,1.9815
P05,01,segment_0362,free_movement,1.0,20.0,0.39046043392968915,2.2005
P05,01,segment_0364,free_movement,2.25,5.0,0.46904213997444066,2.318
P05,01,segment_0367,carrying,3.0,270.0,0.31820021464291054,1.4675
P05,01,segment_0368,free_movement,0.75,5.0,0.31789951908299996,2.107
P05,01,segment_0370,free_movement,6.0,35.0,0.387366175063191,2.537
P05,01,segment_0372,free_movement,4.25,65.0,0.4531205589457389,2.529
P05,01,segment_0376,free_movement,2.0,95.0,0.40190551304523686,1.639
P05,01,segment_0378,free_movement,1.0,5.0,0.5710885844667735,1.7945
P05,01,segment_0379,carrying,1.0,-30.0,0.40138617663623594,1.223
P05,01,segment_0380,free_movement,6.0,50.0,0.329891614415778,3.742
P05,01,segment_0382,free_movement,0.75,-50.0,0.387799578645597,2.0075
P05,01,segment_0384,free_movement,3.0,80.0,0.328324870092662,1.3795
P05,01,segment_0388,free_movement,2.0,0.0,0.5650824722273214,2.769
P05,01,segment_0390,free_movement,4.25,30.0,0.30331703238202146,1.848
P05,01,segment_0392,free_movement,0.75,-15.0,0.5323332030189663,1.7385
P05,01,segment_0393,carrying,0.75,-15.0,0.31260067828508736,1.6695
P05,01,segment_0394,free_movement,2.0,20.0,0.3486932662436819,2.806
P05,01,segment_0396,free_movement,2.25,340.0,0.4065422120532575,1.975
P05,01,segment_0398,free_movement,3.0,60.0,0.3465009347753676,5.0585
P05,01,segment_0400,free_movement,1.0,0.0,0.4454549970945788,1.5905
P05,01,segment_0402,free_movement,4.25,75.0,0.4653541619692878,2.4165
P05,01,segment_0404,free_movement,6.0,40.0,0.5171367324067807,2.96
P05,01,segment_0406,free_movement,6.0,5.0,0.5492893435163994,2.0475
P05,01,segment_0408,free_movement,3.0,0.0,0.6016656282413493,5.1335
P05,01,segment_0409,carrying,3.0,260.0,0.3192437567625704,1.273
P05,01,segment_0410,free_movement,1.0,-5.0,0.48508689503293145,2.8615
P05,01,segment_0412,free_movement,2.0,10.0,0.49367154174527095,1.9985
P05,01,segment_0414,free_movement,0.75,300.0,0.3430419054187949,2.6195
P05,01,segment_0416,free_movement,2.25,285.0,0.5352879489814746,1.59
P05,01,segment_0420,free_movement,2.25,195.0,0.5815372407302869,1.5075
P05,01,segment_0424,free_movement,6.0,5.0,0.40855354623462903,2.1915
P05,01,segment_0428,free_movement,3.0,5.0,0.5639216796478504,1.695
P05,01,segment_0430,free_movement,0.75,-5.0,0.6168169499700744,1.825
P05,01,segment_0431,carrying,0.75,265.0,0.5058602705287164,0.997
P05,01,segment_0433,carrying,1.0,-50.0,0.3361217484709915,1.244
P05,01,segment_0438,free_movement,6.0,45.0,0.3701817508888835,4.09
P05,01,segment_0444,free_movement,4.25,120.0,0.5309260950639252,1.9585
P05,01,segment_0446,free_movement,3.0,-15.0,0.5596616426498027,2.859
P05,01,segment_0448,free_movement,1.0,175.0,0.39457678907473287,1.3415
P05,01,segment_0452,free_movement,0.75,-10.0,0.5751686885048496,1.9905
P05,01,segment_0453,carrying,0.75,-40.0,0.3065654568878457,1.851
P05,01,segment_0454,free_movement,2.25,285.0,0.44822045388234316,1.9515
P05,01,segment_0456,free_movement,6.0,10.0,0.5738842924628368,1.702
P05,01,segment_0458,free_movement,2.0,150.0,0.3119205567100139,1.429
P05,01,segment_0460,free_movement,3.0,10.0,0.5284521175096167,1.75
P05,01,segment_0462,free_movement,2.0,0.0,0.5635440754917409,1.223
P05,01,segment_0463,carrying,2.0,200.0,0.34673295483870836,1.366
P05,01,segment_0464,free_movement,3.0,5.0,0.6085723283669717,2.4205
P05,01,segment_0466,free_movement,6.0,5.0,0.47752843867163486,2.1535
P05,01,segment_0468,free_movement,0.75,-45.0,0.3925928103108718,2.1925
P05,01,segment_0469,carrying,0.75,240.0,0.32498923769106447,1.287
P05,01,segment_0470,free_movement,1.0,245.0,0.5784356108536298,1.3845
P05,01,segment_0471,carrying,1.0,-50.0,0.4621070482848152,1.8225
P05,01,segment_0472,free_movement,4.25,25.0,0.46873028061973865,2.694
P05,01,segment_0474,free_movement,2.25,5.0,0.47314553591824576,1.9045
P05,01,segment_0476,free_movement,1.0,-5.0,0.4204933877470031,2.478
P05,01,segment_0477,carrying,1.0,190.0,0.47202013207756827,1.1585
P05,01,segment_0478,free_movement,6.0,35.0,0.5187903430823599,2.361
P05,01,segment_0480,free_movement,0.75,-10.0,0.4390237380363214,1.6765
P05,01,segment_0484,free_movement,2.0,10.0,0.5468938607276367,1.8355
P05,01,segment_0488,free_movement,2.25,5.0,0.5303656339080625,1.8515
P05,01,segment_0494,free_movement,1.0,90.0,0.36349071313571446,1.8155
P05,01,segment_0496,free_movement,6.0,10.0,0.5233514319365272,2.6475
P05,01,segment_0498,free_movement,4.25,10.0,0.5487486172495303,3.021
P06,01,segment_0000,free_movement,3.0,65.0,0.424146890233994,6.8735
P06,01,segment_0002,free_movement,2.0,-15.0,0.63671637139915,1.618
P06,01,segment_0003,carrying,2.0,350.0,0.40818536879184214,1.397
P06,01,segment_0004,free_movement,6.0,0.0,0.5355111868735712,1.174
P06,01,segment_0008,free_movement,0.75,5.0,0.4374499156931758,1.471
P06,01,segment_0012,free_movement,2.25,150.0,0.46175651141489266,1.6895
P06,01,segment_0016,free_movement,1.0,230.0,0.5781503778319538,1.185
P06,01,segment_0017,carrying,1.0,-50.0,0.477177990698648,0.757
P06,01,segment_0020,free_movement,6.0,0.0,0.5099698442435613,1.2005
P06,01,segment_0024,free_movement,2.0,-20.0,0.4785937561096906,1.3275
P06,01,segment_0025,carrying,2.0,350.0,0.3345100605192687,1.0915
P06,01,segment_0026,free_movement,4.25,80.0,0.48615702592353394,1.61
P06,01,segment_0028,free_movement,0.75,-5.0,0.4160422622497935,1.4
P06,01,segment_0030,free_movement,2.25,265.0,0.49793059686858154,1.681
P06,01,segment_0031,carrying,2.25,-25.0,0.30323446008717253,1.351
P06,01,segment_0032,free_movement,6.0,295.0,0.3798777726609555,1.401
P06,01,segment_0033,carrying,6.0,350.0,0.3277410406071649,1.248
P06,01,segment_0034,free_movement,3.0,255.0,0.360834701386187,0.988
P06,01,segment_0036,free_movement,1.0,300.0,0.5018173348614149,1.2425
P06,01,segment_0038,free_movement,2.0,350.0,0.5524175573502409,0.787
P06,01,segment_0040,free_movement,4.25,15.0,0.5994623514937012,1.355
P06,01,segment_0042,free_movement,2.25,250.0,0.48210079964590496,1.1765
P06,01,segment_0043,carrying,2.25,-10.0,0.48239456405092096,0.799
P06,01,segment_0044,free_movement,1.0,220.0,0.3221414799343962,1.038
P06,01,segment_0045,carrying,1.0,-50.0,0.334963586507965,1.043
P06,01,segment_0046,free_movement,6.0,150.0,0.3481918818076923,0.955
P06,01,segment_0049,carrying,0.75,285.0,0.4294738639149667,0.9245
P06,01,segment_0050,free_movement,4.25,120.0,0.4588663384644633,1.0555
P06,01,segment_0052,free_movement,2.0,205.0,0.713801561426679,1.0165
P06,01,segment_0054,free_movement,3.0,205.0,0.39130917193567266,0.8325
P06,01,segment_0055,carrying,3.0,-50.0,0.3988521596567622,0.838
P06,01,segment_0056,free_movement,0.75,115.0,0.46157925278778783,0.8415
P06,01,segment_0057,carrying,0.75,335.0,0.5980896541237717,0.852
P06,01,segment_0058,free_movement,6.0,5.0,0.6476883240416685,1.1355
P06,01,segment_0060,free_movement,2.25,90.0,0.4484919659637949,1.124
P06,01,segment_0064,free_movement,1.0,165.0,0.7340620811105958,0.994
P06,01,segment_0066,free_movement,2.0,195.0,0.5338811813076131,0.81
P06,01,segment_0067,carrying,2.0,325.0,0.5175268850674454,0.807
P06,01,segment_0071,carrying,6.0,-40.0,0.4915369119506479,0.808
P06,01,segment_0074,free_movement,2.25,5.0,0.3515483116836476,1.1785
P06,01,segment_0076,free_movement,2.0,80.0,0.37830474153671634,0.8815
P06,01,segment_0077,carrying,2.0,330.0,0.4405003587381008,0.9605
P06,01,segment_0080,free_movement,1.0,350.0,0.3449116149627944,0.954
P06,01,segment_0081,carrying,1.0,325.0,0.5140359952004196,0.96
P06,01,segment_0082,free_movement,3.0,-10.0,0.5832915112527095,0.929
P06,01,segment_0086,free_movement,3.0,185.0,0.7003822964874851,1.0225
P06,01,segment_0088,free_movement,4.25,40.0,0.3196741628496328,1.328
P06,01,segment_0090,free_movement,2.0,-20.0,0.5658999757642423,1.0375
P06,01,segment_0091,carrying,2.0,340.0,0.5370759049056144,0.901
P06,01,segment_0092,free_movement,2.25,10.0,0.42801900651221714,1.1465
P06,01,segment_0093,carrying,2.25,-45.0,0.51689599852437,0.7975
P06,01,segment_0094,free_movement,1.0,270.0,0.5866544589377747,1.1155
P06,01,segment_0095,carrying,1.0,-15.0,0.5661170024682004,1.064
P06,01,segment_0096,free_movement,6.0,220.0,0.6786499808015848,1.0
P06,01,segment_0099,carrying,2.25,350.0,0.34728790947521526,1.105
P06,01,segment_0100,free_movement,6.0,30.0,0.44442029057469334,0.9065
P06,01,segment_0101,carrying,6.0,-50.0,0.36800945361275356,1.1385
P06,01,segment_0103,carrying,3.0,-50.0,0.37265306640478857,0.8145
P06,01,segment_0104,free_movement,2.0,205.0,0.3340041197511094,1.1285
P06,01,segment_0106,free_movement,4.25,205.0,0.6580370108865988,1.382
P06,01,segment_0107,carrying,4.25,-50.0,0.417752018607756,1.413
P06,01,segment_0108,free_movement,0.75,200.0,0.48061124100890323,0.823
P06,01,segment_0109,carrying,0.75,310.0,0.3608370459918908,0.935
P06,01,segment_0110,free_movement,1.0,350.0,0.48162480370438,0.84
P06,01,segment_0111,carrying,1.0,295.0,0.46388081967272193,0.8335
P06,01,segment_0112,free_movement,2.25,90.0,0.532128201158302,1.1785
P06,01,segment_0116,free_movement,0.75,240.0,0.6656567460928495,0.9315
P06,01,segment_0120,free_movement,4.25,60.0,0.6765694333507739,1.336
P06,01,segment_0122,free_movement,1.0,60.0,0.3571223805313625,0.947
P06,01,segment_0123,carrying,1.0,-50.0,0.40681346813945546,1.2325
P06,01,segment_0124,free_movement,3.0,135.0,0.7243262299891253,0.986
P06,01,segment_0126,free_movement,1.0,50.0,0.5061217692885543,1.12
P06,01,segment_0130,free_movement,4.25,300.0,0.7205789289602661,1.016
P06,01,segment_0133,carrying,2.0,-50.0,0.4036492576485809,0.828
P06,01,segment_0134,free_movement,6.0,135.0,0.4826984698344268,0.9515
P06,01,segment_0136,free_movement,2.25,290.0,0.5511974442010288,1.1625
P06,01,segment_0138,free_movement,0.75,315.0,0.4007880403835054,1.063
P06,01,segment_0140,free_movement,1.0,315.0,0.42718957454643747,0.9945
P06,01,segment_0142,free_movement,2.25,5.0,0.4802333928804657,1.04
P06,01,segment_0143,carrying,2.25,315.0,0.324700416462701,0.933
P06,01,segment_0144,free_movement,2.0,40.0,0.49595497839646185,0.9505
P06,01,segment_0146,free_movement,4.25,140.0,0.612555846339308,1.2755
P06,01,segment_0148,free_movement,6.0,235.0,0.4113854152753177,1.013
P06,01,segment_0150,free_movement,0.75,225.0,0.6536046411962457,0.9665
P06,01,segment_0151,carrying,0.75,350.0,0.30609530906710974,0.959
P06,01,segment_0152,free_movement,3.0,-10.0,0.40010154256824104,1.1505
P06,01,segment_0153,carrying,3.0,315.0,0.3591617982063121,1.0975
P06,01,segment_0154,free_movement,2.0,70.0,0.5838882213278083,0.867
P06,01,segment_0157,carrying,2.25,-50.0,0.349523893823644,0.738
P06,01,segment_0158,free_movement,3.0,10.0,0.6390920239455345,1.005
P06,01,segment_0160,free_movement,1.0,20.0,0.4406777196410707,1.0725
P06,01,segment_0162,free_movement,0.75,210.0,0.675615648896821,0.8515
P06,01,segment_0164,free_movement,4.25,5.0,0.41078477046173306,1.15
P06,01,segment_0167,carrying,6.0,-50.0,0.5237896753079267,0.7965
P06,01,segment_0168,free_movement,3.0,205.0,0.5088626552184031,0.843
P06,01,segment_0170,free_movement,6.0,270.0,0.32788772035620833,0.873
P06,01,segment_0172,free_movement,1.0,110.0,0.32205470320507196,0.8295
P06,01,segment_0175,carrying,0.75,-50.0,0.4087100930711766,0.8775
P06,01,segment_0176,free_movement,2.25,280.0,0.4290310475040737,1.0535
P06,01,segment_0177,carrying,2.25,330.0,0.40708026498403,0.895
P06,01,segment_0178,free_movement,4.25,95.0,0.672792071751138,1.157
P06,01,segment_0180,free_movement,2.0,340.0,0.6350069052599305,1.0375
P06,01,segment_0182,free_movement,0.75,165.0,0.5771806502476106,0.886
P06,01,segment_0184,free_movement,6.0,-50.0,0.3229763606970536,0.988
P06,01,segment_0185,carrying,6.0,315.0,0.4439399734002048,0.974
P06,01,segment_0186,free_movement,2.25,30.0,0.4073147762825288,1.1055
P06,01,segment_0187,carrying,2.25,-50.0,0.655122812420036,0.7395
P06,01,segment_0188,free_movement,1.0,155.0,0.4091308103934239,0.924
P06,01,segment_0190,free_movement,2.0,230.0,0.30533603597980097,1.35
P06,01,segment_0191,carrying,2.0,245.0,0.44838157882199736,0.953
P06,01,segment_0192,free_movement,4.25,5.0,0.4202278723506824,1.1625
P06,01,segment_0196,free_movement,2.25,230.0,0.7631192454930675,0.8715
P06,01,segment_0198,free_movement,0.75,235.0,0.6273091802813621,0.767
P06,01,segment_0200,free_movement,2.0,115.0,0.4161701519707302,0.9985
P06,01,segment_0201,carrying,2.0,330.0,0.36271348211381993,0.979
P06,01,segment_0202,free_movement,4.25,255.0,0.6520766787069108,1.3425
P06,01,segment_0204,free_movement,1.0,225.0,0.42250967933242156,0.9495
P06,01,segment_0205,carrying,1.0,350.0,0.3516624380738815,0.945
P06,01,segment_0208,free_movement,3.0,5.0,0.5617096091394997,1.285
P06,01,segment_0209,carrying,3.0,330.0,0.31476008462819555,0.904
P06,01,segment_0210,free_movement,2.0,50.0,0.5337985201640815,0.823
P06,01,segment_0215,carrying,0.75,-50.0,0.36029584364141404,0.8685
P06,01,segment_0216,free_movement,1.0,265.0,0.5560910144162011,1.2315
P06,01,segment_0217,carrying,1.0,340.0,0.7022217775370584,0.8675
P06,01,segment_0218,free_movement,4.25,270.0,0.335966257079656,1.2205
P06,01,segment_0220,free_movement,6.0,5.0,0.3490363065442712,1.164
P06,01,segment_0222,free_movement,2.25,60.0,0.46780948599962735,0.9975
P06,01,segment_0224,free_movement,2.0,225.0,0.4437537050953022,0.8475
P06,01,segment_0226,free_movement,6.0,5.0,0.47399650279766103,1.038
P06,01,segment_0227,carrying,6.0,-50.0,0.30536929690054176,0.991
P06,01,segment_0228,free_movement,0.75,-35.0,0.3235671265636513,0.885
P06,01,segment_0230,free_movement,1.0,330.0,0.6483580499188221,0.869
P06,01,segment_0232,free_movement,4.25,135.0,0.45482184028375927,1.924
P06,01,segment_0234,free_movement,3.0,-10.0,0.3980020932941926,0.726
P06,01,segment_0236,free_movement,2.25,85.0,0.4953319538899625,0.801
P06,01,segment_0237,carrying,2.25,345.0,0.5323598584184781,0.763
P06,01,segment_0238,free_movement,1.0,260.0,0.3608060808147513,0.8845
P06,01,segment_0240,free_movement,0.75,45.0,0.32877982549503576,1.023
P06,01,segment_0242,free_movement,3.0,315.0,0.6074057342725655,1.03
P06,01,segment_0244,free_movement,2.25,95.0,0.6817336889982705,1.1785
P06,01,segment_0248,free_movement,6.0,250.0,0.3553104200625448,1.105
P06,01,segment_0250,free_movement,4.25,215.0,0.4920306764679325,1.1205
P06,01,segment_0251,carrying,4.25,200.0,0.4365329939129274,0.8695
P06,01,segment_0252,free_movement,2.0,315.0,0.41349669573376624,1.063
P06,01,segment_0253,carrying,2.0,350.0,0.5750123686629868,0.942
P06,01,segment_0254,free_movement,6.0,0.0,0.3981130870566508,0.9895
P06,01,segment_0255,carrying,6.0,-50.0,0.3077260815372719,0.99
P06,01,segment_0256,free_movement,4.25,0.0,0.6064221839016095,1.4845
P06,01,segment_0258,free_movement,2.25,0.0,0.3584409292483615,5.5475
P06,01,segment_0262,free_movement,1.0,305.0,0.6230036480407785,0.9565
P06,01,segment_0264,free_movement,0.75,115.0,0.4912901708437384,0.872
P06,01,segment_0266,free_movement,2.0,220.0,0.6749785470538651,0.866
P06,01,segment_0268,free_movement,2.25,350.0,0.4247972042018585,1.786
P06,01,segment_0269,carrying,2.25,280.0,0.4698416267191814,1.0025
P06,01,segment_0270,free_movement,1.0,350.0,0.43757547230944976,1.0935
P06,01,segment_0271,carrying,1.0,-50.0,0.35253846587783577,0.8155
P06,01,segment_0272,free_movement,0.75,115.0,0.49353294023158506,0.9055
P06,01,segment_0273,carrying,0.75,295.0,0.4004436547884849,0.805
P06,01,segment_0274,free_movement,4.25,245.0,0.4576214866852347,1.1905
P06,01,segment_0276,free_movement,6.0,325.0,0.4679479629879154,0.9335
P06,01,segment_0278,free_movement,3.0,5.0,0.5930124789670608,0.9495
P06,01,segment_0279,carrying,3.0,-15.0,0.32628537158890897,0.9585
P06,01,segment_0280,free_movement,0.75,10.0,0.4203778145745845,0.9185
P06,01,segment_0282,free_movement,2.25,350.0,0.4776413473102127,0.9745
P06,01,segment_0283,carrying,2.25,-35.0,0.36391995556145657,1.515
P06,01,segment_0286,free_movement,1.0,260.0,0.4470474988146534,0.7555
P06,01,segment_0288,free_movement,6.0,120.0,0.5860225409535182,0.894
P06,01,segment_0289,carrying,6.0,-50.0,0.4142400853915888,0.992
P06,01,segment_0292,free_movement,3.0,135.0,0.4829138919946972,0.8745
P06,01,segment_0294,free_movement,2.0,0.0,0.5148039860860203,0.9665
P06,01,segment_0296,free_movement,3.0,95.0,0.5240245592724844,0.836
P06,01,segment_0298,free_movement,2.25,175.0,0.4742130201273492,1.161
P06,01,segment_0299,carrying,2.25,350.0,0.30605908814734006,1.251
P06,01,segment_0300,free_movement,6.0,0.0,0.5511409472921053,1.249
P06,01,segment_0302,free_movement,0.75,-5.0,0.3893548968292994,0.77
P06,01,segment_0303,carrying,0.75,240.0,0.5384072893827401,0.824
P06,01,segment_0304,free_movement,1.0,10.0,0.563029986280974,0.727
P06,01,segment_0305,carrying,1.0,115.0,0.40488667365226294,0.911
P06,01,segment_0306,free_movement,4.25,170.0,0.61717767485465,0.896
P06,01,segment_0307,carrying,4.25,-50.0,0.38960080157875215,0.8815
P06,01,segment_0308,free_movement,1.0,230.0,0.6638703882193239,0.71
P06,01,segment_0310,free_movement,3.0,15.0,0.4141852636279631,1.0115
P06,01,segment_0311,carrying,3.0,40.0,0.3554008410671687,0.7935
P06,01,segment_0312,free_movement,4.25,10.0,0.3309980097248215,1.097
P06,01,segment_0314,free_movement,0.75,195.0,0.46835549098064727,0.7055
P06,01,segment_0315,carrying,0.75,-50.0,0.31123740709173936,1.029
P06,01,segment_0316,free_movement,2.0,350.0,0.3835593918697881,1.2075
P06,01,segment_0317,carrying,2.0,295.0,0.30006436581818774,0.8795
P06,01,segment_0318,free_movement,6.0,35.0,0.5727408522414938,1.197
P06,01,segment_0319,carrying,6.0,-50.0,0.31344852506444465,0.8985
P06,01,segment_0320,free_movement,2.25,40.0,0.41823553123128915,0.944
P06,01,segment_0322,free_movement,1.0,-25.0,0.41021481399542953,1.111
P06,01,segment_0324,free_movement,6.0,10.0,0.3697776690616733,1.0125
P06,01,segment_0326,free_movement,3.0,245.0,0.4649940752644118,0.998
P06,01,segment_0327,carrying,3.0,350.0,0.41576429298514317,0.979
P06,01,segment_0328,free_movement,2.0,350.0,0.7858807920947233,0.892
P06,01,segment_0329,carrying,2.0,300.0,0.3298931932821093,0.7975
P06,01,segment_0330,free_movement,0.75,25.0,0.5002127832371189,1.0245
P06,01,segment_0331,carrying,0.75,330.0,0.499549308904639,0.834
P06,01,segment_0332,free_movement,4.25,235.0,0.34606800004902527,1.2285
P06,01,segment_0333,carrying,4.25,-35.0,0.3387092058062912,0.9685
P06,01,segment_0336,free_movement,2.0,195.0,0.5135745414958972,1.172
P06,01,segment_0338,free_movement,1.0,335.0,0.3750633207477953,0.953
P06,01,segment_0339,carrying,1.0,315.0,0.4629010845666255,0.9135
P06,01,segment_0340,free_movement,2.25,10.0,0.46956707395823816,1.1505
P06,01,segment_0342,free_movement,6.0,10.0,0.5758547532583569,0.756
P06,01,segment_0344,free_movement,4.25,265.0,0.6377369681501475,0.866
P06,01,segment_0346,free_movement,0.75,240.0,0.664417316494335,0.7525
P06,01,segment_0347,carrying,0.75,205.0,0.31562857264858024,0.8315
P06,01,segment_0348,free_movement,3.0,10.0,0.46642004191508357,1.056
P06,01,segment_0350,free_movement,6.0,210.0,0.4660739463227825,0.8315
P06,01,segment_0352,free_movement,2.25,-15.0,0.4052637000383987,1.102
P06,01,segment_0353,carrying,2.25,-45.0,0.3792547525871823,0.9825
P06,01,segment_0354,free_movement,1.0,205.0,0.4595957313213046,1.0475
P06,01,segment_0356,free_movement,4.25,10.0,0.41197225672401067,1.4065
P06,01,segment_0358,free_movement,2.0,225.0,0.658995970541558,0.7685
P06,01,segment_0360,free_movement,3.0,235.0,0.5031210632852283,0.7685
P06,01,segment_0362,free_movement,0.75,320.0,0.6342269300950313,0.808
P06,01,segment_0364,free_movement,6.0,0.0,0.42751655458552945,0.804
P06,01,segment_0366,free_movement,0.75,345.0,0.42389564507051164,0.963
P06,01,segment_0368,free_movement,3.0,285.0,0.6847451258494679,1.123
P06,01,segment_0370,free_movement,4.25,270.0,0.39164636910681466,0.9295
P06,01,segment_0372,free_movement,2.0,295.0,0.49775857093149317,0.954
P06,01,segment_0373,carrying,2.0,-50.0,0.3303660126530753,1.2815
P06,01,segment_0374,free_movement,2.25,45.0,0.5383681941242012,1.1425
P06,01,segment_0375,carrying,2.25,-50.0,0.5028811360332851,0.7775
P06,01,segment_0376,free_movement,1.0,255.0,0.7552130592552249,0.9165
P06,01,segment_0378,free_movement,3.0,20.0,0.33376244476328226,0.8355
P06,01,segment_0380,free_movement,1.0,265.0,0.6633424324502457,0.818
P06,01,segment_0384,free_movement,6.0,0.0,0.34430612954600365,0.8975
P06,01,segment_0386,free_movement,4.25,25.0,0.5736995697116992,0.9115
P06,01,segment_0388,free_movement,0.75,135.0,0.4442353130647755,0.8165
P06,01,segment_0389,carrying,0.75,315.0,0.47099456691561103,0.931
P06,01,segment_0392,free_movement,3.0,350.0,0.5207038845915432,0.968
P06,01,segment_0393,carrying,3.0,320.0,0.351658624180779,1.08
P06,01,segment_0394,free_movement,0.75,85.0,0.4509099718141103,0.92
P06,01,segment_0396,free_movement,4.25,35.0,0.40719184700944305,1.0975
P06,01,segment_0397,carrying,4.25,-50.0,0.5947418027955012,0.903
P06,01,segment_0400,free_movement,2.0,15.0,0.3838758688041694,0.7595
P06,01,segment_0402,free_movement,6.0,-5.0,0.34310755349737254,1.006
P06,01,segment_0404,free_movement,2.25,245.0,0.49016715400876737,0.915
P06,01,segment_0406,free_movement,2.0,345.0,0.40556004412887475,0.827
P06,01,segment_0408,free_movement,6.0,260.0,0.43238297872418574,0.9935
P06,01,segment_0410,free_movement,4.25,345.0,0.7126650244976809,0.9565
P06,01,segment_0412,free_movement,3.0,295.0,0.364162603795857,0.937
P06,01,segment_0414,free_movement,0.75,75.0,0.5232897214930367,0.925
P06,01,segment_0416,free_movement,1.0,170.0,0.4876718045965911,0.9635
P06,01,segment_0417,carrying,1.0,-40.0,0.35574398741193797,0.9005
P06,01,segment_0418,free_movement,2.25,135.0,0.3927471757862281,1.0395
P06,01,segment_0419,carrying,2.25,-30.0,0.3176376578125815,0.9825
P06,01,segment_0420,free_movement,2.0,55.0,0.6863249910844911,0.9165
P06,01,segment_0424,free_movement,4.25,0.0,0.5411946791622098,1.016
P06,01,segment_0426,free_movement,3.0,95.0,0.5513048121450133,0.822
P06,01,segment_0430,free_movement,0.75,-10.0,0.4429222548121244,1.255
P06,01,segment_0431,carrying,0.75,-25.0,0.30968001474557727,0.736
P06,01,segment_0432,free_movement,2.25,155.0,0.5020870512220597,0.8975
P06,01,segment_0434,free_movement,2.25,5.0,0.4428779693369436,0.9845
P06,01,segment_0436,free_movement,4.25,15.0,0.445886233927644,1.0455
P06,01,segment_0440,free_movement,3.0,340.0,0.5655593122307486,1.0165
P06,01,segment_0442,free_movement,0.75,170.0,0.5900932244194514,0.787
P06,01,segment_0444,free_movement,2.0,295.0,0.8889087896093292,0.7865
P06,01,segment_0445,carrying,2.0,-50.0,0.33594544261669845,0.8015
P06,01,segment_0446,free_movement,6.0,135.0,0.44953731705759037,0.9245
P06,01,segment_0448,free_movement,2.0,240.0,0.5336719571582456,0.8765
P06,01,segment_0449,carrying,2.0,-40.0,0.47972709878847497,0.795
P06,01,segment_0450,free_movement,6.0,5.0,0.46658690223468596,0.9045
P06,01,segment_0451,carrying,6.0,-35.0,0.41243638240615543,0.86
P06,01,segment_0452,free_movement,4.25,95.0,0.34758087911516194,0.8675
P06,01,segment_0454,free_movement,1.0,160.0,0.4147067985720908,0.832
P06,01,segment_0455,carrying,1.0,335.0,0.6946195123590043,1.0425
P06,01,segment_0456,free_movement,2.25,220.0,0.6461094241674423,0.8375
P06,01,segment_0458,free_movement,0.75,350.0,0.4071147888848548,0.856
P06,01,segment_0459,carrying,0.75,-50.0,0.44667666035494874,0.984
P06,01,segment_0461,carrying,3.0,-50.0,0.31264173227293685,0.834
P06,01,segment_0462,free_movement,2.25,140.0,0.46095270936089044,1.2275
P06,01,segment_0464,free_movement,2.0,20.0,0.512812173053584,1.3615
P06,01,segment_0465,carrying,2.0,85.0,0.3631868523158225,0.894
P06,01,segment_0466,free_movement,4.25,-35.0,0.47615649350298217,0.986
P06,01,segment_0469,carrying,6.0,-10.0,0.478934652873352,1.1605
P06,01,segment_0470,free_movement,3.0,80.0,0.6764180302277658,1.01
P06,01,segment_0472,free_movement,1.0,350.0,0.7091280291545757,0.8095
P06,01,segment_0478,free_movement,6.0,105.0,0.5132755247829303,0.89
P06,01,segment_0479,carrying,6.0,-50.0,0.37287269491096037,1.1325
P06,01,segment_0480,free_movement,3.0,-20.0,0.30792272862600073,1.008
P06,01,segment_0481,carrying,3.0,-35.0,0.3877283932918991,1.0255
P06,01,segment_0482,free_movement,2.25,190.0,0.7984435969124379,0.8745
P06,01,segment_0484,free_movement,4.25,280.0,0.4001914393004439,1.1455
P06,01,segment_0486,free_movement,2.0,5.0,0.7443575834454745,0.728
P06,01,segment_0488,free_movement,0.75,335.0,0.6164642632318852,0.775
P06,01,segment_0489,carrying,0.75,285.0,0.6876886214007223,0.782
P06,01,segment_0490,free_movement,3.0,-25.0,0.3773176739542162,0.9165
P06,01,segment_0492,free_movement,2.0,95.0,0.3876345048218953,0.7685
P06,01,segment_0493,carrying,2.0,-50.0,0.33164652164893804,0.72
P06,01,segment_0494,free_movement,6.0,70.0,0.3806621983645902,0.7965
P06,01,segment_0496,free_movement,2.25,175.0,0.32499125934081285,1.0365
P06,01,segment_0497,carrying,2.25,315.0,0.5279256626940497,0.8285
P06,01,segment_0499,free_movement,3.0,0.0,0.5430601347068019,3.297
P06,01,segment_0501,free_movement,2.25,85.0,0.550878721583845,1.0285
P06,01,segment_0503,free_movement,0.75,300.0,0.4787301571257776,0.7595
P06,01,segment_0504,carrying,0.75,120.0,0.4832465419129621,2.008
P06,01,segment_0507,free_movement,2.0,115.0,0.5008333000009176,0.9015
P06,01,segment_0509,free_movement,1.0,260.0,0.5557151114523087,0.8615
P06,01,segment_0511,free_movement,4.25,65.0,0.33720504299013127,0.923
P06,01,segment_0514,carrying,4.25,340.0,0.48743172799299295,0.8625
P06,01,segment_0515,free_movement,2.0,-10.0,0.5064928920381223,0.718
P06,01,segment_0519,free_movement,0.75,270.0,0.4927759577525409,0.763
P06,01,segment_0521,free_movement,2.25,90.0,0.545367427760729,0.829
P06,01,segment_0523,free_movement,3.0,-20.0,0.4661047175070536,0.817
P06,01,segment_0528,carrying,4.25,-15.0,0.35271552015842145,0.8
P06,01,segment_0529,free_movement,2.25,25.0,0.4554973872118496,0.7945
P06,01,segment_0531,free_movement,1.0,250.0,0.5228041624100859,0.957
P06,01,segment_0532,carrying,1.0,325.0,0.3633883714368809,0.832
P06,01,segment_0535,free_movement,2.0,230.0,0.5754444321519014,0.766
P06,01,segment_0546,carrying,4.25,-50.0,0.3910698982074751,0.8525
P06,01,segment_0549,free_movement,2.0,280.0,0.39749239049965146,0.701
P06,01,segment_0551,free_movement,2.25,110.0,0.3000973017024056,0.965
P06,01,segment_0554,carrying,0.75,255.0,0.4339451672483046,0.7065
P06,01,segment_0556,carrying,4.25,-40.0,0.3652125127739576,0.8105
P06,01,segment_0559,free_movement,3.0,310.0,0.5875480352657049,0.765
P06,01,segment_0563,free_movement,6.0,0.0,0.5746164961326212,0.857
P06,01,segment_0567,free_movement,2.25,350.0,0.42962537401451767,0.852
P06,01,segment_0569,free_movement,2.25,50.0,0.3101128448620284,0.7425
P06,01,segment_0573,free_movement,3.0,255.0,0.7320256474850672,0.7845
P06,01,segment_0576,carrying,6.0,40.0,0.3521440125038872,0.735
P06,01,segment_0577,free_movement,4.25,250.0,0.3745511044176436,1.2095
P06,01,segment_0578,carrying,4.25,-50.0,0.40290115230288825,0.723
P06,01,segment_0579,free_movement,2.0,5.0,0.4801037880966678,0.754
P06,01,segment_0581,free_movement,0.75,305.0,0.610688321805019,0.7785
P06,01,segment_0583,free_movement,1.0,285.0,0.5215943387432334,1.2445
P06,01,segment_0584,carrying,1.0,250.0,0.31464355969440017,0.938
P06,01,segment_0585,free_movement,6.0,20.0,0.5588790386999296,0.842
P06,01,segment_0586,carrying,6.0,-50.0,0.4327158107129926,1.1375
P06,01,segment_0591,free_movement,4.25,50.0,0.5871604693551988,0.9325
P06,01,segment_0592,carrying,4.25,-50.0,0.36143012174923206,0.9715
P06,01,segment_0593,free_movement,0.75,295.0,0.7921306082868603,0.8805
P06,01,segment_0595,free_movement,2.0,-25.0,0.33151579069405784,1.0855
P06,01,segment_0597,free_movement,6.0,15.0,0.8191674068195129,0.907
P06,01,segment_0598,carrying,6.0,-50.0,0.674626240976292,0.712
P06,01,segment_0602,carrying,1.0,100.0,0.3959834880278366,0.909
P06,01,segment_0603,free_movement,2.25,325.0,0.6558472836379987,0.789
P06,01,segment_0604,carrying,2.25,-50.0,0.4301971999265787,0.781
P06,01,segment_0605,free_movement,3.0,10.0,0.44782963311128343,0.818
P06,01,segment_0607,free_movement,2.0,305.0,0.40974679935622016,1.2325
P06,01,segment_0608,carrying,2.0,55.0,0.46701386833418623,0.785
P06,01,segment_0611,free_movement,4.25,30.0,0.6057876704094932,0.836
P06,01,segment_0613,free_movement,2.25,255.0,0.31726478769879485,0.716
P06,01,segment_0615,free_movement,1.0,50.0,0.4468185214743939,1.248
P06,01,segment_0617,free_movement,0.75,310.0,0.8669317332875988,0.717
P06,01,segment_0621,free_movement,3.0,260.0,0.3381725305906907,0.784
P06,01,segment_0623,free_movement,6.0,-35.0,0.6151969943158473,0.775
P06,01,segment_0625,free_movement,2.25,145.0,0.3175801595216886,0.878
P06,01,segment_0626,carrying,2.25,265.0,0.3269118685542954,0.8415
P06,01,segment_0627,free_movement,4.25,15.0,0.36535831411683345,0.7945
P06,01,segment_0629,free_movement,1.0,160.0,0.49123593988548453,0.9065
P06,01,segment_0630,carrying,1.0,315.0,0.45385172178593736,0.715
P06,01,segment_0638,carrying,6.0,-50.0,0.4588120137764545,1.0125
P06,01,segment_0639,free_movement,2.25,90.0,0.41613164167078887,1.034
P06,01,segment_0641,free_movement,6.0,-45.0,0.4385350690688492,0.9475
P06,01,segment_0649,free_movement,3.0,235.0,0.3317511896314125,0.8815
P06,01,segment_0653,free_movement,1.0,10.0,0.5671602263408931,0.841
P06,01,segment_0655,free_movement,4.25,190.0,0.41757179511937614,0.819
P06,01,segment_0657,free_movement,2.0,350.0,0.5311256328607303,0.8535
P06,01,segment_0658,carrying,2.0,340.0,0.3200634013764075,0.87
P06,01,segment_0659,free_movement,3.0,230.0,0.3086082695578308,0.7725
P06,01,segment_0660,carrying,3.0,280.0,0.3128363004903631,1.054
P06,01,segment_0665,free_movement,6.0,325.0,0.525652934627129,0.8275
P06,01,segment_0667,free_movement,4.25,100.0,0.6542157770829036,0.8785
P06,01,segment_0669,free_movement,2.0,165.0,0.3663372544928498,0.9835
P06,01,segment_0673,free_movement,3.0,350.0,0.4506302783682317,0.7985
P06,01,segment_0674,carrying,3.0,350.0,0.4485847376758296,0.8135
P06,01,segment_0675,free_movement,2.25,125.0,0.3575794171512237,0.782
P06,01,segment_0681,free_movement,3.0,50.0,0.3864833695674194,0.7755
P06,01,segment_0683,free_movement,4.25,15.0,0.3721064824563514,0.862
P06,01,segment_0694,carrying,2.0,235.0,0.41219469721893026,0.705
P06,01,segment_0695,free_movement,2.0,170.0,0.6492645694624829,0.768
P06,01,segment_0701,free_movement,6.0,225.0,0.30169585010111777,0.715
P06,01,segment_0702,carrying,6.0,-50.0,0.31123025384130115,0.81
P06,01,segment_0703,free_movement,1.0,195.0,0.4559504906239818,0.703
P06,01,segment_0706,carrying,2.25,-50.0,0.37112450296175403,0.811
P06,01,segment_0707,free_movement,4.25,220.0,0.5385407338232786,0.7695
P06,01,segment_0709,free_movement,6.0,-30.0,0.41438198997085635,0.782
P06,01,segment_0710,carrying,6.0,-35.0,0.6981247258878136,0.8355
P06,01,segment_0711,free_movement,4.25,285.0,0.3238063575755692,0.9025
P06,01,segment_0713,free_movement,3.0,75.0,0.4343484282787577,0.928
P06,01,segment_0723,free_movement,1.0,80.0,0.5417739847355714,0.9785
P06,01,segment_0726,carrying,2.25,-50.0,0.41294485707763384,0.993
P06,01,segment_0727,free_movement,0.75,325.0,0.7303872881347843,0.728
P06,01,segment_0730,carrying,2.0,45.0,0.3008721807911802,1.5035
P06,01,segment_0731,free_movement,3.0,350.0,0.45849562103407915,0.9185
P06,01,segment_0733,free_movement,4.25,100.0,0.3440605135843142,1.249
P06,01,segment_0735,free_movement,6.0,0.0,0.5032502336992778,1.2155
P06,01,segment_0736,carrying,6.0,-40.0,0.4070717497655411,1.0835
P06,01,segment_0737,free_movement,3.0,5.0,0.6434321088193591,0.8365
P06,01,segment_0739,free_movement,4.25,0.0,0.47853844203838836,1.385
P06,01,segment_0742,carrying,2.0,165.0,0.592681814669826,2.0295
P06,01,segment_0743,free_movement,1.0,145.0,0.7261016327592639,1.0
P06,01,segment_0745,free_movement,6.0,270.0,0.366059856859661,0.761
P06,01,segment_0746,carrying,6.0,-45.0,0.45182956361774584,0.7065
P06,01,segment_0748,carrying,0.75,300.0,0.5212909880963364,0.814
P06,01,segment_0751,free_movement,0.75,180.0,0.4355292605008523,0.8635
P06,01,segment_0753,free_movement,3.0,185.0,0.5045588960086608,1.0055
P06,01,segment_0757,free_movement,2.25,180.0,0.3753655173484135,0.702
P06,01,segment_0761,free_movement,6.0,135.0,0.5526407334592631,0.996
P06,01,segment_0762,carrying,6.0,-50.0,0.45131433329434395,0.8145
P06,01,segment_0763,free_movement,4.25,350.0,0.4267744438700433,0.7885
P06,01,segment_0765,free_movement,3.0,155.0,0.43259806805233836,0.9015
P06,01,segment_0767,free_movement,4.25,200.0,0.3484905787661912,1.0525
P06,01,segment_0769,free_movement,2.25,210.0,0.5289752524804826,0.823
P06,01,segment_0770,carrying,2.25,300.0,0.4630637299473212,0.824
P06,01,segment_0771,free_movement,1.0,185.0,0.6241284684953464,0.724
P06,01,segment_0773,free_movement,6.0,65.0,0.4800675799072987,0.847
P06,01,segment_0774,carrying,6.0,-50.0,0.4622961268182039,0.8185
P06,01,segment_0775,free_movement,0.75,10.0,0.5153256631609643,0.934
P06,01,segment_0777,free_movement,2.0,350.0,0.4081296025189564,0.85
P06,01,segment_0781,free_movement,2.25,225.0,0.43915729453931684,1.0045
P06,01,segment_0783,free_movement,0.75,350.0,0.35817964391894963,0.854
P06,01,segment_0787,free_movement,6.0,-20.0,0.7654404803465796,0.765
P06,01,segment_0791,free_movement,4.25,-5.0,0.4781257209234306,0.8595
P06,01,segment_0793,free_movement,1.0,295.0,0.44868002678792185,0.89
P06,01,segment_0794,carrying,1.0,-50.0,0.4072669448640642,0.762
P06,01,segment_0795,free_movement,4.25,80.0,0.46902746451915917,1.126
P06,01,segment_0797,free_movement,2.25,25.0,0.667193151312406,0.7865
P06,01,segment_0799,free_movement,6.0,-5.0,0.542123602047014,0.7045
P06,01,segment_0800,carrying,6.0,-50.0,0.37993939130287957,0.7915
P06,01,segment_0803,free_movement,2.0,305.0,0.5157234087799548,0.7325
P06,01,segment_0805,free_movement,3.0,125.0,0.3502052986688899,0.7395
P06,01,segment_0807,free_movement,6.0,220.0,0.3454302354098641,0.8635
P06,01,segment_0811,free_movement,3.0,175.0,0.8754286097985281,0.7125
P06,01,segment_0813,free_movement,2.25,350.0,0.3581946646300468,1.009
P06,01,segment_0814,carrying,2.25,270.0,0.4845073600227896,0.8045
P06,01,segment_0815,free_movement,0.75,160.0,0.8605345769966108,0.7365
P06,01,segment_0817,free_movement,2.0,350.0,0.5602233773269447,0.8515
P06,01,segment_0819,free_movement,4.25,140.0,0.5459876663887049,0.846
P06,01,segment_0820,carrying,4.25,-50.0,0.439375816198691,0.9785
P06,01,segment_0824,carrying,2.25,-35.0,0.3336203095570026,0.971
P06,01,segment_0825,free_movement,1.0,285.0,0.7423894170583827,0.702
P06,01,segment_0827,free_movement,0.75,285.0,0.457119401266341,0.7025
P06,01,segment_0829,free_movement,3.0,80.0,0.3526892010431301,0.7315
P06,01,segment_0831,free_movement,2.0,310.0,0.3036870591019093,0.711
P06,01,segment_0839,free_movement,2.0,135.0,0.5934966213542237,1.008
P06,01,segment_0840,carrying,2.0,105.0,0.32265655516283714,0.8
P06,01,segment_0841,free_movement,2.25,70.0,0.7019267457298266,0.859
P06,01,segment_0842,carrying,2.25,-50.0,0.3229011573936513,0.9545
P06,01,segment_0843,free_movement,4.25,205.0,0.5928335118597011,0.9495
P06,01,segment_0848,carrying,1.0,-45.0,0.47679155372714066,0.8335
P06,01,segment_0849,free_movement,3.0,10.0,0.49185325080324704,0.8015
P06,01,segment_0851,free_movement,2.25,10.0,0.3709547623336172,0.827
P06,01,segment_0853,free_movement,4.25,5.0,0.5756059030947863,1.012
P06,01,segment_0854,carrying,4.25,-25.0,0.37829286799689216,0.823
P06,01,segment_0855,free_movement,0.75,305.0,0.5201678492495297,0.8405
P06,01,segment_0857,free_movement,3.0,210.0,0.47025731026671425,0.706
P06,01,segment_0859,free_movement,2.0,290.0,0.43899408362503567,0.7755
P06,01,segment_0861,free_movement,2.25,180.0,0.4673316631597549,0.866
P06,01,segment_0862,carrying,2.25,290.0,0.4563653942102734,0.9695
P06,01,segment_0863,free_movement,6.0,90.0,0.5099974201416547,1.1625
P06,01,segment_0865,free_movement,0.75,-30.0,0.5548449452156701,0.994
P06,01,segment_0866,carrying,0.75,45.0,0.3689541778561942,0.7545
P06,01,segment_0867,free_movement,4.25,-40.0,0.5766518991391473,0.962
P06,01,segment_0870,carrying,1.0,-50.0,0.4266108575981212,1.2305
P06,01,segment_0871,free_movement,3.0,0.0,0.5407251751262967,1.0085
P06,01,segment_0873,free_movement,4.25,195.0,0.8593667843954769,1.101
P06,01,segment_0875,free_movement,1.0,195.0,0.46070222876677985,0.7595
P06,01,segment_0876,carrying,1.0,-35.0,0.436670142065955,1.2045
P06,01,segment_0877,free_movement,2.25,350.0,0.6172674033678506,1.236
P06,01,segment_0881,free_movement,6.0,350.0,0.3961875432902825,1.581
P06,01,segment_0883,free_movement,2.0,305.0,0.48676417751260354,0.845
P06,01,segment_0885,free_movement,2.0,190.0,0.49575947855485203,1.036
P06,01,segment_0889,free_movement,4.25,290.0,0.32559746619150126,0.896
P06,01,segment_0891,free_movement,0.75,225.0,0.45168406789423626,0.7195
P06,01,segment_0892,carrying,0.75,350.0,0.4722874093254956,0.8265
P06,01,segment_0894,carrying,6.0,-50.0,0.49991161682590457,0.84
P06,01,segment_0897,free_movement,2.25,40.0,0.5932208864253931,0.777
P06,01,segment_0899,free_movement,2.0,60.0,0.6565845126694184,0.734
P06,01,segment_0901,free_movement,3.0,230.0,0.366319360610723,0.969
P06,01,segment_0903,free_movement,1.0,350.0,0.3698948288256708,0.993
P06,01,segment_0905,free_movement,0.75,350.0,0.5910748930529276,0.951
P06,01,segment_0908,carrying,6.0,260.0,0.320956737390041,0.895
P06,01,segment_0909,free_movement,2.25,5.0,0.46815980479817043,1.0325
P06,01,segment_0910,carrying,2.25,250.0,0.5291954391495637,0.8
P06,01,segment_0911,free_movement,4.25,120.0,0.6203405070058358,0.856
P06,01,segment_0912,carrying,4.25,-35.0,0.4275747385549023,0.8165
P06,01,segment_0913,free_movement,2.0,-20.0,0.4789163414046566,0.7665
P06,01,segment_0915,free_movement,3.0,300.0,0.496862844370989,0.702
P06,01,segment_0917,free_movement,2.25,270.0,0.5400936046570768,1.174
P06,01,segment_0918,carrying,2.25,245.0,0.3828086457127428,0.8285
P06,01,segment_0919,free_movement,6.0,205.0,0.5610753008727887,0.8805
P06,01,segment_0921,free_movement,0.75,255.0,0.48261206082437114,1.154
P06,01,segment_0922,carrying,0.75,315.0,0.4140527890236907,0.9405
P06,01,segment_0923,free_movement,4.25,350.0,0.4073617550780979,1.3415
P06,01,segment_0925,free_movement,1.0,310.0,0.6431373873781964,0.799
P06,01,segment_0926,carrying,1.0,-50.0,0.3083146809598188,0.8265
P06,01,segment_0929,free_movement,3.0,140.0,0.5002685381511376,0.8945
P06,01,segment_0931,free_movement,2.25,95.0,0.3604899779371828,1.051
P06,01,segment_0933,free_movement,1.0,140.0,0.4786458472741581,1.0775
P06,01,segment_0934,carrying,1.0,-50.0,0.3614721602520475,0.8555
P06,01,segment_0935,free_movement,4.25,125.0,0.7312406543697394,1.0385
P06,01,segment_0936,carrying,4.25,-50.0,0.33488775673764926,0.9745
P06,01,segment_0937,free_movement,6.0,120.0,0.6030219888147753,0.793
P06,01,segment_0939,free_movement,0.75,235.0,0.40048010591293703,0.992
P06,01,segment_0941,free_movement,4.25,285.0,0.5723952806263427,0.8635
P06,01,segment_0944,carrying,3.0,-50.0,0.32941276853950546,0.8035
P06,01,segment_0945,free_movement,2.25,125.0,0.4163693731837302,0.8495
P06,01,segment_0946,carrying,2.25,-50.0,0.35082562292392383,0.8165
P06,01,segment_0947,free_movement,6.0,195.0,0.36483824534601794,0.844
P06,01,segment_0948,carrying,6.0,35.0,0.5193219581664822,0.977
P06,01,segment_0950,carrying,2.0,-50.0,0.45704603300450974,1.1355
P06,01,segment_0951,free_movement,1.0,180.0,0.4156168924248092,0.9505
P06,01,segment_0955,free_movement,2.0,170.0,0.6386457392729812,0.9195
P06,01,segment_0957,free_movement,2.25,350.0,0.3641796269370578,1.0115
P06,01,segment_0959,free_movement,3.0,5.0,0.5427439049753974,0.912
P06,01,segment_0960,carrying,3.0,350.0,0.32112997248125585,0.7535
P06,01,segment_0961,free_movement,6.0,25.0,0.3762100094368703,0.928
P06,01,segment_0963,free_movement,4.25,10.0,0.4800637815133117,1.0985
P06,01,segment_0967,free_movement,1.0,320.0,0.7063215919403203,0.8765
P06,01,segment_0969,free_movement,2.0,170.0,0.5002991117583463,0.8515
P06,01,segment_0973,free_movement,4.25,40.0,0.512652327714982,1.3495
P06,01,segment_0974,carrying,4.25,-50.0,0.4320673879128885,1.192
P06,01,segment_0975,free_movement,6.0,-45.0,0.6213316853609915,0.861
P06,01,segment_0977,free_movement,1.0,300.0,0.40501169674704196,0.758
P06,01,segment_0979,free_movement,2.25,235.0,0.332252003852038,1.164
P06,01,segment_0980,carrying,2.25,270.0,0.4179475078226909,0.9805
P06,01,segment_0981,free_movement,3.0,135.0,0.40360045940567174,0.7315
P06,01,segment_0982,carrying,3.0,180.0,0.44116230860595823,1.0285
P06,01,segment_0983,free_movement,0.75,215.0,0.539560766452086,0.8945
P06,01,segment_0985,free_movement,2.25,270.0,0.48720814062066325,0.887
P06,01,segment_0989,free_movement,3.0,150.0,0.8245632948680705,0.887
P07,01,segment_0000,free_movement,0.75,285.0,0.3957362470549812,6.0725
P07,01,segment_0002,free_movement,1.0,245.0,0.4213511138600131,1.625
P07,01,segment_0004,free_movement,4.25,80.0,0.36327840032196224,2.0285
P07,01,segment_0006,free_movement,2.0,120.0,0.5142278550708063,1.705
P07,01,segment_0008,free_movement,6.0,275.0,0.5107959801751916,2.274
P07,01,segment_0009,carrying,6.0,275.0,0.522168165676206,1.102
P07,01,segment_0010,free_movement,3.0,5.0,0.6492233713678638,1.3045
P07,01,segment_0012,free_movement,2.25,95.0,0.3167642894188048,3.723
P07,01,segment_0014,free_movement,4.25,-5.0,0.650983132426998,2.5995
P07,01,segment_0016,free_movement,2.0,90.0,0.4804479069994112,1.008
P07,01,segment_0017,carrying,2.0,320.0,0.4797793401279597,1.172
P07,01,segment_0020,free_movement,6.0,0.0,0.43834099492574297,1.57
P07,01,segment_0022,free_movement,1.0,175.0,0.38827133353605986,1.6345
P07,01,segment_0023,carrying,1.0,330.0,0.33851323246375015,0.959
P07,01,segment_0024,free_movement,2.25,15.0,0.5749231274057736,1.0815
P07,01,segment_0025,carrying,2.25,-50.0,0.42526163282728974,0.992
P07,01,segment_0026,free_movement,3.0,245.0,0.559238581955641,1.0445
P07,01,segment_0027,carrying,3.0,-10.0,0.3937152924657556,0.7515
P07,01,segment_0028,free_movement,2.0,350.0,0.413715654969678,1.193
P07,01,segment_0029,carrying,2.0,340.0,0.6438791559148193,0.7765
P07,01,segment_0030,free_movement,1.0,315.0,0.6272430565046448,1.23
P07,01,segment_0034,free_movement,0.75,0.0,0.6808036124618896,1.224
P07,01,segment_0036,free_movement,4.25,0.0,0.4235796771817351,1.6385
P07,01,segment_0038,free_movement,2.25,350.0,0.43288712759642617,1.3735
P07,01,segment_0040,free_movement,3.0,105.0,0.5034010216577349,1.7785
P07,01,segment_0041,carrying,3.0,-50.0,0.4487136528816666,0.711
P07,01,segment_0042,free_movement,1.0,270.0,0.578213558181581,1.1445
P07,01,segment_0044,free_movement,0.75,35.0,0.5032291774235168,0.783
P07,01,segment_0045,carrying,0.75,-30.0,0.4994692621098141,0.7065
P07,01,segment_0048,free_movement,2.0,270.0,0.5258189651673011,0.953
P07,01,segment_0049,carrying,2.0,-45.0,0.507107548518551,0.867
P07,01,segment_0050,free_movement,2.25,10.0,0.452297176512983,1.3375
P07,01,segment_0052,free_movement,6.0,170.0,0.5671492946537252,1.0705
P07,01,segment_0053,carrying,6.0,-50.0,0.7402569233745432,0.76
P07,01,segment_0055,carrying,3.0,-5.0,0.40041331686478604,4.5315
P07,01,segment_0056,free_movement,1.0,-5.0,0.41701474326223376,1.6295
P07,01,segment_0058,free_movement,6.0,0.0,0.5691865611625649,1.0535
P07,01,segment_0060,free_movement,2.25,205.0,0.6050413603034818,1.327
P07,01,segment_0061,carrying,2.25,-40.0,0.40521162283500217,2.285
P07,01,segment_0062,free_movement,3.0,0.0,0.4993218188251859,2.075
P07,01,segment_0063,carrying,3.0,0.0,0.6855770204308627,0.7035
P07,01,segment_0064,free_movement,2.0,30.0,0.35438223237392136,1.024
P07,01,segment_0065,carrying,2.0,-50.0,0.46743067956985385,0.958
P07,01,segment_0066,free_movement,0.75,345.0,0.5352782853884331,1.1565
P07,01,segment_0068,free_movement,4.25,40.0,0.48507143782872586,1.21
P07,01,segment_0070,free_movement,1.0,195.0,0.530830967606177,1.0705
P07,01,segment_0071,carrying,1.0,-50.0,0.4550561327748472,0.9025
P07,01,segment_0074,free_movement,2.0,5.0,0.4177786880326806,1.276
P07,01,segment_0075,carrying,2.0,-50.0,0.43593819810316126,0.962
P07,01,segment_0076,free_movement,2.25,15.0,0.43197909210630386,1.2835
P07,01,segment_0080,free_movement,3.0,95.0,0.35042886956496555,1.339
P07,01,segment_0082,free_movement,4.25,10.0,0.4376985159717762,1.418
P07,01,segment_0084,free_movement,4.25,5.0,0.3276050889042396,1.136
P07,01,segment_0086,free_movement,6.0,10.0,0.6565454353241599,1.3965
P07,01,segment_0088,free_movement,1.0,-10.0,0.5255004748297502,1.53
P07,01,segment_0089,carrying,1.0,-15.0,0.5286187130513578,0.7985
P07,01,segment_0090,free_movement,3.0,-40.0,0.3229874599795341,1.064
P07,01,segment_0092,free_movement,0.75,350.0,0.5727703223758497,0.8635
P07,01,segment_0093,carrying,0.75,-50.0,0.5266936935936009,0.848
P07,01,segment_0094,free_movement,2.25,255.0,0.6454122664846176,1.159
P07,01,segment_0095,carrying,2.25,-35.0,0.5462465375007235,0.854
P07,01,segment_0096,free_movement,2.0,25.0,0.40807868124832897,1.296
P07,01,segment_0097,carrying,2.0,-30.0,0.3929199011102374,1.0435
P07,01,segment_0100,free_movement,1.0,0.0,0.4920139655030315,1.1475
P07,01,segment_0102,free_movement,4.25,265.0,0.6030804986152221,0.958
P07,01,segment_0104,free_movement,2.0,115.0,0.4723221375275961,1.008
P07,01,segment_0106,free_movement,6.0,345.0,0.49674006716072533,1.2295
P07,01,segment_0107,carrying,6.0,-40.0,0.37245500369486845,1.3245
P07,01,segment_0108,free_movement,2.25,80.0,0.44264316207192383,1.5995
P07,01,segment_0110,free_movement,0.75,-25.0,0.599407102699723,1.485
P07,01,segment_0112,free_movement,0.75,5.0,0.6047366490233304,0.9615
P07,01,segment_0113,carrying,0.75,210.0,0.46535224213371806,0.8435
P07,01,segment_0114,free_movement,3.0,0.0,0.4082918302553781,0.993
P07,01,segment_0116,free_movement,4.25,225.0,0.4783550632777528,1.163
P07,01,segment_0118,free_movement,2.25,305.0,0.43132232475155863,1.656
P07,01,segment_0119,carrying,2.25,-15.0,0.4355417736986158,2.2765
P07,01,segment_0120,free_movement,2.0,90.0,0.4947857661133359,1.0165
P07,01,segment_0122,free_movement,6.0,100.0,0.4821197458196452,1.4655
P07,01,segment_0124,free_movement,1.0,50.0,0.40167128877314623,1.0135
P07,01,segment_0125,carrying,1.0,-50.0,0.458391818785925,0.711
P07,01,segment_0126,free_movement,3.0,0.0,0.5107624878442554,1.293
P07,01,segment_0127,carrying,3.0,-20.0,0.3453175778832376,0.9785
P07,01,segment_0130,free_movement,2.0,350.0,0.38253589124162035,0.9975
P07,01,segment_0132,free_movement,4.25,55.0,0.6238300780340259,1.1595
P07,01,segment_0134,free_movement,0.75,230.0,0.42809962497996096,0.9735
P07,01,segment_0135,carrying,0.75,-50.0,0.48909370409458014,0.9535
P07,01,segment_0136,free_movement,2.25,240.0,0.4252049479230414,1.94
P07,01,segment_0137,carrying,2.25,225.0,0.3787530984904036,1.0295
P07,01,segment_0140,free_movement,0.75,350.0,0.43461890898919836,1.0615
P07,01,segment_0141,carrying,0.75,315.0,0.5551436558434844,0.792
P07,01,segment_0143,carrying,2.0,-50.0,0.3747065353574125,0.812
P07,01,segment_0144,free_movement,3.0,175.0,0.6455209885109419,1.1915
P07,01,segment_0146,free_movement,1.0,150.0,0.6333532860924576,1.083
P07,01,segment_0148,free_movement,4.25,5.0,0.4243981028618814,1.16
P07,01,segment_0149,carrying,4.25,230.0,0.343998702778508,1.185
P07,01,segment_0150,free_movement,2.25,50.0,0.45673539571657923,1.7035
P07,01,segment_0152,free_movement,6.0,5.0,0.37577105135871797,1.438
P07,01,segment_0153,carrying,6.0,-50.0,0.37223018117638956,1.485
P07,01,segment_0154,free_movement,4.25,180.0,0.5260093400775324,1.387
P07,01,segment_0156,free_movement,6.0,20.0,0.40452510649345,1.8575
P07,01,segment_0157,carrying,6.0,-50.0,0.33330203607876213,0.974
P07,01,segment_0158,free_movement,2.25,10.0,0.6631442595245147,1.1925
P07,01,segment_0160,free_movement,0.75,175.0,0.4861572308058702,1.107
P07,01,segment_0161,carrying,0.75,-50.0,0.4973281639056418,0.8295
P07,01,segment_0162,free_movement,3.0,185.0,0.4416848137019386,1.0885
P07,01,segment_0166,free_movement,2.0,25.0,0.47590963684149157,1.057
P07,01,segment_0167,carrying,2.0,-50.0,0.35666114846301433,0.736
P07,01,segment_0168,free_movement,2.0,5.0,0.3392925658336437,1.035
P07,01,segment_0169,carrying,2.0,185.0,0.35137985789901427,1.0295
P07,01,segment_0170,free_movement,1.0,170.0,0.43363064355451486,1.382
P07,01,segment_0172,free_movement,0.75,90.0,0.3848143357217071,1.064
P07,01,segment_0174,free_movement,4.25,235.0,0.5149708628876521,0.855
P07,01,segment_0176,free_movement,6.0,10.0,0.5477181730998775,1.33
P07,01,segment_0178,free_movement,2.25,215.0,0.6449258976789854,1.148
P07,01,segment_0180,free_movement,3.0,0.0,0.7721577876865748,0.958
P07,01,segment_0181,carrying,3.0,-15.0,0.5076125605309707,0.862
P07,01,segment_0182,free_movement,1.0,-10.0,0.4947213748966129,0.936
P07,01,segment_0183,carrying,1.0,-30.0,0.3831139396362214,0.9485
P07,01,segment_0184,free_movement,4.25,305.0,0.37759343742186385,1.2835
P07,01,segment_0185,carrying,4.25,-50.0,0.4119149684561819,0.8315
P07,01,segment_0186,free_movement,6.0,25.0,0.6007483528495411,1.045
P07,01,segment_0187,carrying,6.0,265.0,0.4007478659355843,0.892
P07,01,segment_0188,free_movement,2.0,10.0,0.49912952114394343,1.12
P07,01,segment_0189,carrying,2.0,-5.0,0.5091571912718659,2.4625
P07,01,segment_0190,free_movement,3.0,120.0,0.47408803854232845,0.95
P07,01,segment_0191,carrying,3.0,-45.0,0.4861106165996758,0.7305
P07,01,segment_0192,free_movement,2.25,85.0,0.6146967367692938,1.0705
P07,01,segment_0194,free_movement,0.75,0.0,0.6181281296066986,0.98
P07,01,segment_0196,free_movement,2.25,145.0,0.6133899260233096,1.09
P07,01,segment_0197,carrying,2.25,-50.0,0.5371206124321959,0.846
P07,01,segment_0198,free_movement,0.75,130.0,0.40399700477438516,0.7905
P07,01,segment_0200,free_movement,4.25,190.0,0.7058359139322727,1.227
P07,01,segment_0201,carrying,4.25,-35.0,0.3930159016014102,1.06
P07,01,segment_0202,free_movement,6.0,115.0,0.33431788168948073,1.844
P07,01,segment_0203,carrying,6.0,-50.0,0.34296064549392585,0.8275
P07,01,segment_0204,free_movement,1.0,0.0,0.6375158748824457,0.9465
P07,01,segment_0206,free_movement,3.0,40.0,0.5283282740661396,0.982
P07,01,segment_0207,carrying,3.0,-45.0,0.5499707530381173,0.8375
P07,01,segment_0208,free_movement,2.0,0.0,0.5788577923806661,0.843
P07,01,segment_0209,carrying,2.0,-50.0,0.3960293916744664,0.823
P07,01,segment_0210,free_movement,6.0,30.0,0.5986816990019851,1.083
P07,01,segment_0212,free_movement,2.25,115.0,0.4964856992149033,1.133
P07,01,segment_0214,free_movement,2.0,135.0,0.5244902647915874,0.811
P07,01,segment_0216,free_movement,3.0,30.0,0.620767243366407,1.099
P07,01,segment_0217,carrying,3.0,350.0,0.3266294858186067,0.965
P07,01,segment_0218,free_movement,1.0,165.0,0.45450868998407196,1.0965
P07,01,segment_0220,free_movement,4.25,190.0,0.43531414295628906,1.241
P07,01,segment_0222,free_movement,0.75,180.0,0.7325131214523025,1.037
P07,01,segment_0224,free_movement,6.0,165.0,0.48280514237993244,0.999
P07,01,segment_0225,carrying,6.0,-50.0,0.44996624391519036,0.8955
P07,01,segment_0226,free_movement,2.0,205.0,0.3871717657036612,0.871
P07,01,segment_0228,free_movement,4.25,10.0,0.5092088917589324,1.145
P07,01,segment_0230,free_movement,1.0,115.0,0.6314915753767557,1.1195
P07,01,segment_0232,free_movement,2.25,285.0,0.43690854507865073,1.253
P07,01,segment_0234,free_movement,3.0,155.0,0.5472889277145816,1.1325
P07,01,segment_0236,free_movement,0.75,5.0,0.4236456848027908,0.9455
P07,01,segment_0238,free_movement,0.75,115.0,0.5495515953657873,0.965
P07,01,segment_0240,free_movement,3.0,25.0,0.5535863948493948,0.9
P07,01,segment_0242,free_movement,6.0,10.0,0.5901961867973691,0.931
P07,01,segment_0244,free_movement,4.25,165.0,0.5543121725679334,0.984
P07,01,segment_0246,free_movement,2.25,160.0,0.6117863862347308,1.087
P07,01,segment_0248,free_movement,1.0,225.0,0.7069021268247028,1.099
P07,01,segment_0249,carrying,1.0,-50.0,0.34459866978788684,0.8875
P07,01,segment_0250,free_movement,2.0,80.0,0.6096653869963577,1.2625
P07,01,segment_0252,free_movement,4.25,230.0,0.47678427497137693,1.266
P07,01,segment_0253,carrying,4.25,-30.0,0.3456834408465559,0.7655
P07,01,segment_0254,free_movement,1.0,240.0,0.5581399088902921,0.9065
P07,01,segment_0256,free_movement,3.0,5.0,0.4244348429369211,0.781
P07,01,segment_0257,carrying,3.0,-50.0,0.5308046824759881,0.798
P07,01,segment_0258,free_movement,2.25,295.0,0.48462218602188123,1.416
P07,01,segment_0259,carrying,2.25,-40.0,0.39638024015670076,2.335
P07,01,segment_0260,free_movement,2.0,-35.0,0.3087010358188606,0.998
P07,01,segment_0261,carrying,2.0,335.0,0.40272073584207146,1.835
P07,01,segment_0263,carrying,0.75,-50.0,0.3136621106411154,0.7125
P07,01,segment_0264,free_movement,6.0,155.0,0.43189573401515624,0.96
P07,01,segment_0265,carrying,6.0,-50.0,0.366836167343496,0.825
P07,01,segment_0266,free_movement,4.25,55.0,0.6584952678791378,1.1995
P07,01,segment_0268,free_movement,1.0,10.0,0.3956453592461724,1.138
P07,01,segment_0272,free_movement,6.0,5.0,0.5657884497657889,1.0465
P07,01,segment_0273,carrying,6.0,-50.0,0.3949407476728867,1.217
P07,01,segment_0274,free_movement,2.25,100.0,0.6267922913983556,1.1885
P07,01,segment_0276,free_movement,3.0,0.0,0.6860937865441741,1.0935
P07,01,segment_0277,carrying,3.0,350.0,0.3353423067823184,0.859
P07,01,segment_0280,free_movement,1.0,330.0,0.527804778577652,0.9905
P07,01,segment_0282,free_movement,6.0,135.0,0.654702824704721,0.987
P07,01,segment_0284,free_movement,4.25,345.0,0.706052727420682,1.684
P07,01,segment_0286,free_movement,2.25,190.0,0.5279786123589799,1.096
P07,01,segment_0288,free_movement,3.0,220.0,0.6727025027183576,1.0505
P07,01,segment_0289,carrying,3.0,40.0,0.42342039704429457,0.779
P07,01,segment_0290,free_movement,0.75,240.0,0.4455718174585061,1.15
P07,01,segment_0292,free_movement,2.0,230.0,0.3576470893300464,1.2625
P07,01,segment_0293,carrying,2.0,10.0,0.5987824286535952,2.523
P07,01,segment_0296,free_movement,3.0,140.0,0.5488257911732057,0.795
P07,01,segment_0298,free_movement,2.25,150.0,0.7205405559470998,1.1745
P07,01,segment_0299,carrying,2.25,-50.0,0.6029110105866621,0.867
P07,01,segment_0300,free_movement,4.25,10.0,0.4146208472777131,1.4135
P07,01,segment_0302,free_movement,2.0,175.0,0.6077846745683659,1.0275
P07,01,segment_0308,free_movement,3.0,-10.0,0.5753047661402696,1.1815
P07,01,segment_0309,carrying,3.0,240.0,0.6215054872841944,0.859
P07,01,segment_0310,free_movement,6.0,200.0,0.5405231121217643,0.967
P07,01,segment_0311,carrying,6.0,-45.0,0.407849858262206,0.7515
P07,01,segment_0313,carrying,1.0,60.0,0.3069542573797327,0.8185
P07,01,segment_0315,carrying,2.0,135.0,0.32715315706647646,0.7455
P07,01,segment_0316,free_movement,0.75,165.0,0.3157324636850862,0.9575
P07,01,segment_0317,carrying,0.75,315.0,0.4740648843769529,0.9915
P07,01,segment_0318,free_movement,2.25,140.0,0.5111687379936874,1.53
P07,01,segment_0320,free_movement,4.25,15.0,0.41960227596895694,1.516
P07,01,segment_0324,free_movement,2.25,85.0,0.4428873561803224,1.219
P07,01,segment_0325,carrying,2.25,-50.0,0.6057815043692102,0.7105
P07,01,segment_0326,free_movement,4.25,10.0,0.5352061149294938,1.653
P07,01,segment_0327,carrying,4.25,-50.0,0.3692053950836654,1.2185
P07,01,segment_0328,free_movement,1.0,350.0,0.3128232201580105,1.596
P07,01,segment_0329,carrying,1.0,335.0,0.3947190985083398,2.2935
P07,01,segment_0330,free_movement,2.0,25.0,0.37900375587427304,1.238
P07,01,segment_0332,free_movement,6.0,10.0,0.6653428483752862,1.0565
P07,01,segment_0336,free_movement,4.25,110.0,0.4684571651473908,1.2795
P07,01,segment_0338,free_movement,1.0,125.0,0.47008224724634834,1.025
P07,01,segment_0340,free_movement,6.0,10.0,0.5208296039736947,1.409
P07,01,segment_0342,free_movement,3.0,-5.0,0.5594042482688272,1.023
P07,01,segment_0344,free_movement,2.0,20.0,0.4525119602240712,1.336
P07,01,segment_0346,free_movement,0.75,220.0,0.6465485706329801,0.984
P07,01,segment_0348,free_movement,2.25,210.0,0.3295175546480621,1.4145
P07,01,segment_0350,free_movement,2.25,150.0,0.666576015788644,1.222
P07,01,segment_0351,carrying,2.25,-20.0,0.38680242767926626,2.7225
P07,01,segment_0352,free_movement,4.25,30.0,0.4865622995340857,1.361
P07,01,segment_0353,carrying,4.25,345.0,0.39228843165971533,1.243
P07,01,segment_0354,free_movement,3.0,10.0,0.5287948636360004,1.062
P07,01,segment_0356,free_movement,6.0,15.0,0.5864164103900925,1.031
P07,01,segment_0358,free_movement,0.75,5.0,0.6176847865922749,1.188
P07,01,segment_0360,free_movement,1.0,135.0,0.5300757757479815,1.095
P07,01,segment_0361,carrying,1.0,-35.0,0.48535364239011936,0.86
P07,01,segment_0362,free_movement,2.0,220.0,0.5168395832114354,0.919
P07,01,segment_0364,free_movement,2.25,65.0,0.6322416357688828,1.1145
P07,01,segment_0365,carrying,2.25,230.0,0.42318799855925,0.968
P07,01,segment_0366,free_movement,3.0,155.0,0.603034787406149,0.99
P07,01,segment_0367,carrying,3.0,-45.0,0.44687343768651766,0.906
P07,01,segment_0368,free_movement,1.0,5.0,0.5741691247080578,1.1635
P07,01,segment_0370,free_movement,6.0,10.0,0.41758378857856865,1.5815
P07,01,segment_0372,free_movement,4.25,340.0,0.3305577676085443,1.3005
P07,01,segment_0373,carrying,4.25,-50.0,0.39678921777212794,0.8675
P07,01,segment_0374,free_movement,0.75,180.0,0.487957573062186,1.481
P07,01,segment_0376,free_movement,2.0,350.0,0.3412591805780076,0.7925
P07,01,segment_0378,free_movement,0.75,0.0,0.5622069701440573,1.157
P07,01,segment_0379,carrying,0.75,310.0,0.742484208735578,0.8835
P07,01,segment_0382,free_movement,2.25,310.0,0.553776756417135,1.047
P07,01,segment_0384,free_movement,1.0,10.0,0.39136622788212866,1.1175
P07,01,segment_0386,free_movement,2.0,5.0,0.5180851300026501,1.215
P07,01,segment_0388,free_movement,6.0,55.0,0.44406278802493143,1.3125
P07,01,segment_0389,carrying,6.0,-15.0,0.4753435527764986,0.8355
P07,01,segment_0390,free_movement,3.0,170.0,0.3898819287921527,1.0715
P07,01,segment_0392,free_movement,2.25,115.0,0.6373373485581408,1.272
P07,01,segment_0393,carrying,2.25,-25.0,0.34160606784183123,0.956
P07,01,segment_0394,free_movement,3.0,140.0,0.47916503428183793,1.274
P07,01,segment_0396,free_movement,0.75,25.0,0.47488677579141403,1.017
P07,01,segment_0397,carrying,0.75,-15.0,0.42101827923761165,3.053
P07,01,segment_0398,free_movement,2.0,10.0,0.46135466468377423,1.3475
P07,01,segment_0400,free_movement,6.0,5.0,0.48106078079738007,1.337
P07,01,segment_0401,carrying,6.0,245.0,0.4300832657049115,1.047
P07,01,segment_0402,free_movement,4.25,-50.0,0.5281492414613119,1.156
P07,01,segment_0404,free_movement,1.0,0.0,0.3881598122795937,0.8225
P07,01,segment_0405,carrying,1.0,215.0,0.4010904126632988,0.808
P07,01,segment_0406,free_movement,2.25,270.0,0.5176459980436455,1.6415
P07,01,segment_0407,carrying,2.25,300.0,0.40432386358006406,1.2395
P07,01,segment_0408,free_movement,2.0,335.0,0.5487895119842845,1.312
P07,01,segment_0410,free_movement,3.0,0.0,0.3809863019025954,1.1345
P07,01,segment_0411,carrying,3.0,-30.0,0.5318462843352956,1.067
P07,01,segment_0412,free_movement,0.75,190.0,0.6340809690236914,0.944
P07,01,segment_0414,free_movement,6.0,20.0,0.632973762095132,1.175
P07,01,segment_0415,carrying,6.0,-30.0,0.360962545288581,1.194
P07,01,segment_0416,free_movement,4.25,15.0,0.4762053072247899,1.151
P07,01,segment_0418,free_movement,1.0,95.0,0.45942289662672053,1.1195
P07,01,segment_0420,free_movement,6.0,10.0,0.7293037784542871,1.255
P07,01,segment_0422,free_movement,2.0,10.0,0.5552581680553829,1.116
P07,01,segment_0424,free_movement,1.0,350.0,0.4328069392919839,1.1135
P07,01,segment_0425,carrying,1.0,-50.0,0.31312714748047427,1.0475
P07,01,segment_0426,free_movement,0.75,315.0,0.4584630128063564,1.0935
P07,01,segment_0427,carrying,0.75,15.0,0.40096438911379345,2.3795
P07,01,segment_0428,free_movement,2.25,-10.0,0.6808608335982427,1.228
P07,01,segment_0430,free_movement,3.0,-10.0,0.4653649474075176,1.1845
P07,01,segment_0432,free_movement,4.25,150.0,0.6983663641886296,1.122
P07,01,segment_0433,carrying,4.25,-50.0,0.46381122930152385,1.0705
P07,01,segment_0434,free_movement,1.0,5.0,0.44714990810034033,0.9935
P07,01,segment_0435,carrying,1.0,250.0,0.33315286855579085,0.92
P07,01,segment_0436,free_movement,6.0,350.0,0.5008739457375656,1.354
P07,01,segment_0437,carrying,6.0,-50.0,0.32455238212505727,1.1075
P07,01,segment_0438,free_movement,0.75,10.0,0.4359070705147736,1.261
P07,01,segment_0440,free_movement,2.25,30.0,0.5490942920196021,1.3265
P07,01,segment_0442,free_movement,4.25,5.0,0.4461950971252247,1.1635
P07,01,segment_0444,free_movement,2.0,290.0,0.5308030389389394,1.052
P07,01,segment_0445,carrying,2.0,-15.0,0.5782908217766998,0.7175
P07,01,segment_0446,free_movement,3.0,5.0,0.6778845163019895,1.4205
P07,01,segment_0448,free_movement,6.0,5.0,0.4804714909009991,0.9545
P07,01,segment_0450,free_movement,0.75,5.0,0.6070500579508342,0.7825
P07,01,segment_0452,free_movement,1.0,165.0,0.527780697283311,1.1995
P07,01,segment_0454,free_movement,2.25,165.0,0.5777202581418369,1.4815
P07,01,segment_0456,free_movement,3.0,-50.0,0.4494234892818912,1.478
P07,01,segment_0458,free_movement,2.0,350.0,0.4572812633532535,0.936
P07,01,segment_0460,free_movement,4.25,185.0,0.4507839919176173,1.035
P07,01,segment_0461,free_movement,1.0,330.0,0.4557523312564645,2.131
P07,01,segment_0463,free_movement,4.25,0.0,0.5906505238946815,1.334
P07,01,segment_0465,free_movement,0.75,-50.0,0.3638284688182858,1.181
P07,01,segment_0466,carrying,0.75,165.0,0.39899911708895697,0.9945
P07,01,segment_0467,free_movement,2.0,95.0,0.44037619842536263,1.425
P07,01,segment_0469,free_movement,2.25,130.0,0.5502311789068189,1.1675
P07,01,segment_0471,free_movement,3.0,-10.0,0.633959918487864,0.9735
P07,01,segment_0474,carrying,6.0,-50.0,0.30703804429083753,0.8585
P07,01,segment_0475,free_movement,2.0,195.0,0.4610040654874643,1.56
P07,01,segment_0477,free_movement,1.0,260.0,0.4406590048296305,1.547
P07,01,segment_0479,free_movement,0.75,15.0,0.4511586174437197,1.7395
P07,01,segment_0481,free_movement,4.25,45.0,0.5564714468168334,1.52
P07,01,segment_0483,free_movement,3.0,15.0,0.5721733536526807,1.3105
P07,01,segment_0484,carrying,3.0,-30.0,0.50204093994692,1.129
P07,01,segment_0485,free_movement,6.0,120.0,0.41862172347801285,1.167
P07,01,segment_0487,free_movement,2.25,40.0,0.5163132603631914,1.0175
P07,01,segment_0489,free_movement,1.0,110.0,0.547694358652496,0.944
P07,01,segment_0490,carrying,1.0,-40.0,0.4153907124233801,0.7785
P07,01,segment_0491,free_movement,2.0,0.0,0.5884976296871015,0.942
P07,01,segment_0492,carrying,2.0,345.0,0.49047719868393397,0.9235
P07,01,segment_0493,free_movement,2.25,145.0,0.4707923827428588,1.0635
P07,01,segment_0495,free_movement,3.0,-5.0,0.3063496702924433,0.897
P07,01,segment_0497,free_movement,6.0,5.0,0.5725011055694262,1.088
P07,01,segment_0498,free_movement,2.25,25.0,0.5070502631188758,31.124
P07,01,segment_0500,free_movement,0.75,165.0,0.32651300921666837,1.1395
P07,01,segment_0502,free_movement,1.0,20.0,0.5071189911617794,1.1415
P07,01,segment_0503,carrying,1.0,-50.0,0.39052881494496144,0.7855
P07,01,segment_0504,free_movement,6.0,145.0,0.49465355874164524,1.093
P07,01,segment_0505,carrying,6.0,-50.0,0.5369416545027487,2.2145
P07,01,segment_0506,free_movement,4.25,-5.0,0.5605879435352181,1.0395
P07,01,segment_0508,free_movement,2.0,320.0,0.5375519925581226,0.932
P07,01,segment_0510,free_movement,3.0,105.0,0.4778057886835217,0.8825
P07,01,segment_0511,carrying,3.0,-50.0,0.3803467133471083,0.815
P07,01,segment_0512,free_movement,6.0,10.0,0.6796288785698401,0.982
P07,01,segment_0513,carrying,6.0,-45.0,0.3331629261250843,0.7475
P07,01,segment_0514,free_movement,2.25,35.0,0.6706186618997513,1.0535
P07,01,segment_0516,free_movement,4.25,275.0,0.3508484795389507,1.475
P07,01,segment_0518,free_movement,2.0,170.0,0.5163577978932242,1.0235
P07,01,segment_0520,free_movement,3.0,0.0,0.6684358281359416,1.049
P07,01,segment_0521,carrying,3.0,-50.0,0.5075128607279007,0.8015
P07,01,segment_0522,free_movement,0.75,0.0,0.503620391495877,0.8375
P07,01,segment_0524,free_movement,1.0,350.0,0.5677771841962638,0.796
P07,01,segment_0525,carrying,1.0,-50.0,0.5537808656206374,0.9265
P07,01,segment_0526,free_movement,6.0,-20.0,0.445481925217951,0.983
P07,01,segment_0528,free_movement,1.0,-10.0,0.5592937113434495,1.352
P07,01,segment_0530,free_movement,3.0,125.0,0.5102907042212402,1.148
P07,01,segment_0531,carrying,3.0,-50.0,0.5486974962538576,0.796
P07,01,segment_0532,free_movement,4.25,0.0,0.7620947559069807,0.843
P07,01,segment_0533,carrying,4.25,-50.0,0.35231986573203816,0.7465
P07,01,segment_0534,free_movement,2.25,170.0,0.4427244258029099,1.0865
P07,01,segment_0536,free_movement,2.0,135.0,0.3446104554073007,0.984
P07,01,segment_0538,free_movement,0.75,80.0,0.43584334031952177,0.901
P07,01,segment_0539,carrying,0.75,-25.0,0.46557735148109325,1.946
P07,01,segment_0540,free_movement,2.25,130.0,0.5564158489446214,1.0245
P07,01,segment_0542,free_movement,4.25,90.0,0.31256581732670685,0.968
P07,01,segment_0543,carrying,4.25,10.0,0.43764026070626094,0.766
P07,01,segment_0544,free_movement,6.0,140.0,0.4028780445299488,0.9495
P07,01,segment_0546,free_movement,3.0,5.0,0.6637419617877407,0.88
P07,01,segment_0548,free_movement,2.0,0.0,0.5670692102032421,0.831
P07,01,segment_0550,free_movement,0.75,25.0,0.4144560313863746,0.8625
P07,01,segment_0552,free_movement,1.0,65.0,0.5046178027872257,0.86
P07,01,segment_0554,free_movement,2.25,70.0,0.6491652914577543,1.101
P07,01,segment_0556,free_movement,4.25,115.0,0.3013910476566598,1.0025
P07,01,segment_0557,carrying,4.25,290.0,0.35444121847686516,0.9535
P07,01,segment_0559,carrying,3.0,-50.0,0.41172279233181136,1.0155
P07,01,segment_0560,free_movement,1.0,-30.0,0.3781132519311325,0.886
P07,01,segment_0563,carrying,0.75,-50.0,0.46345892624601776,0.713
P07,01,segment_0566,free_movement,6.0,-5.0,0.6995247498118041,0.951
P07,01,segment_0568,free_movement,3.0,230.0,0.3474166524329879,1.323
P07,01,segment_0569,carrying,3.0,-50.0,0.44877352462719666,0.908
P07,01,segment_0570,free_movement,2.25,70.0,0.6193954639013771,1.0
P07,01,segment_0572,free_movement,4.25,225.0,0.5521844764264621,0.94
P07,01,segment_0573,carrying,4.25,-50.0,0.3315018313172431,0.857
P07,01,segment_0574,free_movement,2.0,50.0,0.5682123021894592,0.738
P07,01,segment_0576,free_movement,6.0,275.0,0.6140209407189351,0.7305
P07,01,segment_0577,carrying,6.0,-50.0,0.4609295353556499,0.938
P07,01,segment_0578,free_movement,1.0,-35.0,0.5879851285728578,0.829
P07,01,segment_0579,carrying,1.0,-35.0,0.33801877380345136,0.885
P07,01,segment_0580,free_movement,0.75,-35.0,0.4978533857055042,0.806
P07,01,segment_0582,free_movement,6.0,30.0,0.43984339054587746,0.8975
P07,01,segment_0583,carrying,6.0,-50.0,0.4925712077869923,0.769
P07,01,segment_0584,free_movement,2.25,200.0,0.41363457444541146,1.289
P07,01,segment_0586,free_movement,4.25,-5.0,0.7554362252241459,0.8595
P07,01,segment_0588,free_movement,0.75,150.0,0.652410555723178,0.8765
P07,01,segment_0590,free_movement,3.0,260.0,0.5972050779380633,1.4825
P07,01,segment_0591,carrying,3.0,-50.0,0.3899607710297974,1.1305
P07,01,segment_0592,free_movement,1.0,190.0,0.6411635654417787,0.958
P07,01,segment_0594,free_movement,2.0,195.0,0.30616554583853495,1.2345
P07,01,segment_0595,carrying,2.0,-35.0,0.5489494761323593,2.113
P07,01,segment_0596,free_movement,4.25,160.0,0.5484935449472869,0.9665
P07,01,segment_0598,free_movement,2.0,-5.0,0.6059943129076943,1.0365
P07,01,segment_0600,free_movement,2.25,210.0,0.3297401907723562,0.9735
P07,01,segment_0602,free_movement,6.0,0.0,0.40106732223244257,1.136
P07,01,segment_0603,carrying,6.0,-50.0,0.3621385463011154,0.729
P07,01,segment_0604,free_movement,0.75,350.0,0.5504017854788799,0.864
P07,01,segment_0605,carrying,0.75,-50.0,0.3045989489237466,0.768
P07,01,segment_0606,free_movement,3.0,-15.0,0.503463093227385,1.021
P07,01,segment_0608,free_movement,1.0,100.0,0.7488469441942365,1.0375
P07,01,segment_0610,free_movement,6.0,115.0,0.561355680120312,0.8175
P07,01,segment_0612,free_movement,0.75,-50.0,0.30969203978785687,0.848
P07,01,segment_0614,free_movement,2.25,120.0,0.5945755445942152,0.9975
P07,01,segment_0615,carrying,2.25,-35.0,0.34789377592390225,3.287
P07,01,segment_0617,carrying,1.0,-50.0,0.4951232865689837,0.7995
P07,01,segment_0618,free_movement,2.0,0.0,0.6335305325352363,0.9935
P07,01,segment_0620,free_movement,4.25,10.0,0.6895655026727031,1.1225
P07,01,segment_0627,carrying,2.0,-50.0,0.4307449340390716,0.786
P07,01,segment_0628,free_movement,0.75,195.0,0.5977383442147689,0.927
P07,01,segment_0629,carrying,0.75,-50.0,0.35330537321859357,0.7795
P07,01,segment_0630,free_movement,1.0,80.0,0.6131169061444028,0.9715
P07,01,segment_0632,free_movement,2.25,120.0,0.44797193987234896,0.968
P07,01,segment_0633,carrying,2.25,265.0,0.4177697771747461,1.924
P07,01,segment_0634,free_movement,6.0,-25.0,0.5154025482012144,0.9415
P07,01,segment_0636,free_movement,4.25,-5.0,0.5844975853738797,1.342
P07,01,segment_0638,free_movement,6.0,85.0,0.5928597773593205,0.803
P07,01,segment_0640,free_movement,3.0,-50.0,0.5804871051794728,0.831
P07,01,segment_0641,carrying,3.0,-30.0,0.6177628647275071,0.743
P07,01,segment_0644,free_movement,0.75,10.0,0.4837124498324864,0.7755
P07,01,segment_0645,carrying,0.75,-50.0,0.3622082059516901,0.8325
P07,01,segment_0646,free_movement,1.0,105.0,0.5639249116571751,1.303
P07,01,segment_0647,carrying,1.0,-15.0,0.5323010644869163,0.8485
P07,01,segment_0648,free_movement,4.25,10.0,0.5230836464051372,1.1715
P07,01,segment_0649,carrying,4.25,185.0,0.6521884135452236,0.7795
P07,01,segment_0650,free_movement,2.25,115.0,0.583055326891434,1.0165
P07,01,segment_0651,carrying,2.25,-50.0,0.34096231495414425,0.802
P07,01,segment_0652,free_movement,3.0,-15.0,0.5388728686590363,1.055
P07,01,segment_0653,carrying,3.0,-50.0,0.46926270760985295,0.892
P07,01,segment_0654,free_movement,4.25,350.0,0.5225577089215844,1.2185
P07,01,segment_0656,free_movement,0.75,105.0,0.7343958141107422,0.945
P07,01,segment_0660,free_movement,1.0,350.0,0.6409795642262782,1.0685
P07,01,segment_0661,carrying,1.0,-50.0,0.4386978479072089,0.8015
P07,01,segment_0662,free_movement,2.25,110.0,0.47323549828606143,1.2295
P07,01,segment_0664,free_movement,2.0,-20.0,0.7031942299331585,0.801
P07,01,segment_0665,carrying,2.0,235.0,0.5220023021269996,1.6345
P07,01,segment_0666,free_movement,2.0,325.0,0.5001793740800997,0.989
P07,01,segment_0667,carrying,2.0,-30.0,0.5384211930593954,0.7325
P07,01,segment_0668,free_movement,1.0,5.0,0.5766161020941662,0.981
P07,01,segment_0674,free_movement,2.25,-40.0,0.456141968528903,1.0745
P07,01,segment_0676,free_movement,0.75,200.0,0.5662244372335214,1.0955
P07,01,segment_0678,free_movement,3.0,275.0,0.6856710718183381,0.982
P07,01,segment_0679,carrying,3.0,-35.0,0.5045095541802369,0.769
P07,01,segment_0680,free_movement,0.75,130.0,0.7077811615597371,0.777
P07,01,segment_0682,free_movement,2.0,-5.0,0.3695269812175819,0.7785
P07,01,segment_0684,free_movement,6.0,-5.0,0.48173017584925926,0.899
P07,01,segment_0685,carrying,6.0,-30.0,0.357097759490032,1.3815
P07,01,segment_0687,carrying,2.25,-50.0,0.386186877223656,0.7955
P07,01,segment_0688,free_movement,3.0,290.0,0.6308469241219318,0.9725
P07,01,segment_0689,carrying,3.0,-50.0,0.4210972212589492,1.671
P07,01,segment_0690,free_movement,4.25,135.0,0.5731320730808631,1.331
P07,01,segment_0692,free_movement,1.0,300.0,0.6470730490967231,0.714
P07,01,segment_0694,free_movement,4.25,110.0,0.68762172111678,0.9835
P07,01,segment_0696,free_movement,2.25,130.0,0.6038481205472402,0.906
P07,01,segment_0698,free_movement,1.0,0.0,0.5051283621284992,0.991
P07,01,segment_0700,free_movement,2.0,155.0,0.33726013595225546,0.8665
P07,01,segment_0702,free_movement,0.75,260.0,0.5869109909701645,0.839
P07,01,segment_0706,free_movement,6.0,-40.0,0.380546585450238,0.9505
P07,01,segment_0708,free_movement,0.75,5.0,0.4191650387310036,1.0395
P07,01,segment_0710,free_movement,4.25,85.0,0.33626172756873807,1.2325
P07,01,segment_0712,free_movement,1.0,60.0,0.5232970479540282,0.7555
P07,01,segment_0714,free_movement,2.25,105.0,0.5160162287262485,0.797
P07,01,segment_0716,free_movement,3.0,0.0,0.5365663942622273,1.1135
P07,01,segment_0718,free_movement,6.0,20.0,0.5960910324967378,0.828
P07,01,segment_0720,free_movement,2.0,190.0,0.4654053683833361,0.988
P07,01,segment_0722,free_movement,0.75,250.0,0.4805794858598944,0.989
P07,01,segment_0724,free_movement,2.25,65.0,0.4729762086197789,0.936
P07,01,segment_0726,free_movement,1.0,90.0,0.5039827358504559,0.946
P07,01,segment_0728,free_movement,2.0,120.0,0.5610956193185105,0.8165
P07,01,segment_0734,free_movement,3.0,25.0,0.3132864775095589,0.934
P07,01,segment_0736,free_movement,2.25,165.0,0.6436281768714295,0.875
P07,01,segment_0738,free_movement,1.0,180.0,0.4562728332423262,0.9415
P07,01,segment_0742,free_movement,0.75,120.0,0.5760472352133159,0.9175
P07,01,segment_0744,free_movement,2.0,65.0,0.4822541026893206,1.094
P07,01,segment_0745,carrying,2.0,-50.0,0.367758231815153,0.728
P07,01,segment_0746,free_movement,6.0,290.0,0.6017332528827319,1.1395
P07,01,segment_0748,free_movement,3.0,35.0,0.5582752668822092,0.771
P07,01,segment_0750,free_movement,2.0,235.0,0.6001746091674603,1.0115
P07,01,segment_0752,free_movement,3.0,30.0,0.4419596002032524,0.999
P07,01,segment_0754,free_movement,0.75,5.0,0.5485070990655484,1.0
P07,01,segment_0756,free_movement,4.25,35.0,0.41442793172670733,1.0395
P07,01,segment_0758,free_movement,6.0,0.0,0.645136915926908,0.814
P07,01,segment_0760,free_movement,2.25,75.0,0.8213585791289975,0.8375
P07,01,segment_0762,free_movement,1.0,100.0,0.6792736807737884,0.7695
P07,01,segment_0764,free_movement,6.0,45.0,0.4295710117444399,0.9025
P07,01,segment_0766,free_movement,4.25,350.0,0.5874817513100369,0.817
P07,01,segment_0768,free_movement,2.25,80.0,0.4505349515550457,0.8095
P07,01,segment_0770,free_movement,0.75,185.0,0.4021424433117737,0.7855
P07,01,segment_0774,free_movement,2.0,260.0,0.3676318669094308,0.997
P07,01,segment_0778,free_movement,4.25,-50.0,0.43961009963512016,0.942
P07,01,segment_0780,free_movement,6.0,-10.0,0.6653289364577011,0.8235
P07,01,segment_0782,free_movement,2.0,30.0,0.4577125580932029,0.9775
P07,01,segment_0784,free_movement,1.0,85.0,0.3463373003103483,0.805
P07,01,segment_0786,free_movement,3.0,-5.0,0.5746208350305203,0.9045
P07,01,segment_0788,free_movement,0.75,270.0,0.47881084384052774,0.814
P07,01,segment_0789,carrying,0.75,-50.0,0.33187288116274233,0.7045
P07,01,segment_0792,free_movement,3.0,350.0,0.6692435542116593,0.877
P07,01,segment_0794,free_movement,4.25,20.0,0.45381964699992344,1.048
P07,01,segment_0799,carrying,2.25,-50.0,0.3524375409218484,0.9705
P07,01,segment_0800,free_movement,2.0,75.0,0.7309845870339168,0.9785
P07,01,segment_0801,carrying,2.0,-50.0,0.47485902320355183,0.804
P07,01,segment_0802,free_movement,1.0,215.0,0.5352929192094911,1.1595
P07,01,segment_0803,carrying,1.0,-20.0,0.3179561896117707,0.871
P07,01,segment_0804,free_movement,6.0,90.0,0.5211761119986129,0.897
P07,01,segment_0806,free_movement,4.25,35.0,0.5846612159974488,0.824
P07,01,segment_0808,free_movement,2.0,300.0,0.4341876358974682,0.7625
P07,01,segment_0810,free_movement,6.0,280.0,0.6963599808483429,0.9765
P07,01,segment_0812,free_movement,1.0,270.0,0.6805780131972049,0.8845
P07,01,segment_0814,free_movement,0.75,10.0,0.5294923753311493,0.8075
P07,01,segment_0815,carrying,0.75,-50.0,0.3661240364067509,1.2285
P07,01,segment_0820,free_movement,0.75,235.0,0.6831261160891492,0.791
P07,01,segment_0822,free_movement,1.0,-25.0,0.40255240271176407,0.8785
P07,01,segment_0823,carrying,1.0,-50.0,0.570026772954848,0.7895
P07,01,segment_0824,free_movement,4.25,80.0,0.5687077697448162,1.0005
P07,01,segment_0825,carrying,4.25,-10.0,0.5777626967998061,0.718
P07,01,segment_0826,free_movement,2.25,50.0,0.5969604165015586,0.9665
P07,01,segment_0830,free_movement,2.0,-25.0,0.6431620959740434,0.7225
P07,01,segment_0832,free_movement,3.0,25.0,0.5005335437354099,0.9845
P07,01,segment_0834,free_movement,6.0,25.0,0.4009718200628849,1.312
P07,01,segment_0835,carrying,6.0,255.0,0.3285668295447822,0.8605
P07,01,segment_0836,free_movement,4.25,0.0,0.47595042211078603,0.782
P07,01,segment_0838,free_movement,2.25,-20.0,0.6744752733123152,1.022
P07,01,segment_0841,carrying,1.0,-50.0,0.3358002009479663,1.104
P07,01,segment_0842,free_movement,2.0,225.0,0.6504361632466165,1.01
P07,01,segment_0845,carrying,3.0,-50.0,0.3332943819173283,0.9425
P07,01,segment_0846,free_movement,0.75,0.0,0.375429165051157,1.047
P07,01,segment_0848,free_movement,2.25,65.0,0.5195011660575852,1.0015
P07,01,segment_0849,carrying,2.25,-50.0,0.3700867463208163,0.925
P07,01,segment_0850,free_movement,6.0,260.0,0.7824332172161965,1.075
P07,01,segment_0852,free_movement,4.25,205.0,0.4826995656348634,1.364
P07,01,segment_0854,free_movement,1.0,145.0,0.40656016794677713,0.763
P07,01,segment_0856,free_movement,2.0,40.0,0.6823978660750774,0.8725
P07,01,segment_0858,free_movement,0.75,145.0,0.42112014651869184,1.2955
P07,01,segment_0860,free_movement,3.0,25.0,0.5487164819845003,0.764
P07,01,segment_0861,carrying,3.0,-50.0,0.684124359984989,0.8065
P07,01,segment_0862,free_movement,2.0,230.0,0.3908290257652086,0.83
P07,01,segment_0865,carrying,3.0,-50.0,0.3536813146730274,0.722
P07,01,segment_0866,free_movement,4.25,0.0,0.6136334360359949,1.0835
P07,01,segment_0867,carrying,4.25,-50.0,0.44516563430053085,0.8945
P07,01,segment_0868,free_movement,1.0,15.0,0.4511932962295568,0.923
P07,01,segment_0870,free_movement,2.25,145.0,0.516500704187658,0.9445
P07,01,segment_0872,free_movement,6.0,30.0,0.7498520917069158,0.712
P07,01,segment_0876,free_movement,2.25,80.0,0.6524991843761198,1.0025
P07,01,segment_0878,free_movement,3.0,65.0,0.5182870400914438,0.932
P07,01,segment_0880,free_movement,2.0,115.0,0.4903313737478584,1.1105
P07,01,segment_0882,free_movement,4.25,5.0,0.6110743120852338,1.034
P07,01,segment_0884,free_movement,1.0,340.0,0.6034764043688736,0.988
P07,01,segment_0886,free_movement,0.75,350.0,0.6781751907042183,0.7995
P07,01,segment_0890,free_movement,2.25,15.0,0.474578191353976,0.97
P07,01,segment_0892,free_movement,4.25,50.0,0.4422084044328322,0.8285
P07,01,segment_0894,free_movement,3.0,215.0,0.9522941400542251,0.9575
P07,01,segment_0896,free_movement,0.75,10.0,0.5953410125227886,0.76
P07,01,segment_0898,free_movement,6.0,250.0,0.5071661368245077,1.8415
P07,01,segment_0899,carrying,6.0,-5.0,0.35857253774482745,0.798
P07,01,segment_0904,free_movement,1.0,95.0,0.7120563903428514,0.7815
P07,01,segment_0905,carrying,1.0,320.0,0.38006918439194687,0.8185
P07,01,segment_0906,free_movement,6.0,150.0,0.5279103394043748,0.8615
P07,01,segment_0908,free_movement,4.25,30.0,0.5724689730808743,1.1075
P07,01,segment_0910,free_movement,0.75,-30.0,0.4127621426918365,0.87
P07,01,segment_0912,free_movement,2.25,95.0,0.6006027442271498,0.821
P07,01,segment_0914,free_movement,2.0,300.0,0.848212440543648,0.838
P07,01,segment_0916,free_movement,3.0,155.0,0.4356475521033437,0.9795
P07,01,segment_0918,free_movement,3.0,130.0,0.6682078464631558,0.808
P07,01,segment_0922,free_movement,6.0,45.0,0.5571873524255876,0.7785
P07,01,segment_0923,carrying,6.0,-35.0,0.30156026615846426,0.7985
P07,01,segment_0926,free_movement,4.25,75.0,0.3635316333558561,1.1265
P07,01,segment_0928,free_movement,2.25,5.0,0.6719407220295182,0.973
P07,01,segment_0929,carrying,2.25,-50.0,0.3426707865624358,0.966
P07,01,segment_0930,free_movement,2.0,20.0,0.4472190088033879,0.9415
P07,01,segment_0932,free_movement,0.75,100.0,0.4875423599021419,1.046
P07,01,segment_0934,free_movement,4.25,50.0,0.6385309862520135,1.0375
P07,01,segment_0936,free_movement,3.0,0.0,0.7697227362879662,0.8735
P07,01,segment_0938,free_movement,1.0,180.0,0.3375826005483199,0.9035
P07,01,segment_0940,free_movement,2.25,140.0,0.517090246356448,1.1115
P07,01,segment_0941,carrying,2.25,-10.0,0.3973157063099304,2.9005
P07,01,segment_0942,free_movement,2.0,-15.0,0.39088998049653906,0.953
P07,01,segment_0944,free_movement,6.0,130.0,0.48153688961901847,0.9555
P07,01,segment_0945,carrying,6.0,-50.0,0.43488703588446004,0.7605
P07,01,segment_0946,free_movement,2.25,170.0,0.5734116018106912,0.9585
P07,01,segment_0948,free_movement,3.0,25.0,0.4472329338146041,0.9925
P07,01,segment_0949,carrying,3.0,-50.0,0.33502080039915205,0.7555
P07,01,segment_0950,free_movement,2.0,240.0,0.9468716021774491,0.825
P07,01,segment_0951,carrying,2.0,-50.0,0.5524842052850484,1.9675
P07,01,segment_0952,free_movement,4.25,60.0,0.4707633765492312,1.255
P07,01,segment_0954,free_movement,0.75,325.0,0.6791158504325165,0.9625
P07,01,segment_0956,free_movement,1.0,35.0,0.5782074560863566,0.7165
P07,01,segment_0958,free_movement,6.0,5.0,0.476281014549985,0.9045
P07,01,segment_0959,carrying,6.0,-50.0,0.5841370375487731,0.794
P07,01,segment_0960,free_movement,2.25,250.0,0.4177669572353328,1.101
P07,01,segment_0962,free_movement,6.0,0.0,0.45291191744319415,0.7775
P07,01,segment_0964,free_movement,3.0,20.0,0.5135125433175848,0.7985
P07,01,segment_0966,free_movement,4.25,125.0,0.6113430460723652,0.776
P07,01,segment_0967,carrying,4.25,350.0,0.38730421832336476,0.76
P07,01,segment_0968,free_movement,1.0,35.0,0.4754697347526766,0.9665
P07,01,segment_0970,free_movement,2.0,215.0,0.491993622135794,0.8235
P07,01,segment_0972,free_movement,0.75,40.0,0.7055692744962152,0.8775
P07,01,segment_0973,carrying,0.75,-15.0,0.4205700971911183,1.76
P07,01,segment_0974,free_movement,0.75,325.0,0.32552945877303807,0.812
P07,01,segment_0976,free_movement,3.0,100.0,0.5344619775039149,0.957
P07,01,segment_0978,free_movement,4.25,185.0,0.45323065204805585,1.1355
P07,01,segment_0979,carrying,4.25,-50.0,0.5769365826678162,0.9095
P07,01,segment_0980,free_movement,2.0,5.0,0.4245957241440534,0.9615
P07,01,segment_0981,carrying,2.0,-50.0,0.35577259458358523,0.7375
P07,01,segment_0982,free_movement,2.25,20.0,0.46049607358597494,1.17
P07,01,segment_0984,free_movement,6.0,15.0,0.5007453513618424,0.9
P07,01,segment_0986,free_movement,1.0,20.0,0.5425498053622131,0.9225
P07,01,segment_0988,free_movement,6.0,95.0,0.6332912896243822,0.927
P07,01,segment_0989,carrying,6.0,-50.0,0.5036343904534321,0.963
P07,01,segment_0990,free_movement,2.0,-5.0,0.6210327504212892,1.6005
P07,01,segment_0991,carrying,2.0,-50.0,0.689562946994525,0.8175
P07,01,segment_0993,carrying,2.25,-50.0,0.6413163687058923,0.8965
P07,01,segment_0994,free_movement,3.0,210.0,0.41483594475634483,0.7225
P07,01,segment_0996,free_movement,1.0,240.0,0.911292734944905,0.7205
P08,01,segment_0000,free_movement,6.0,25.0,0.5277819458612724,17.3765
P08,01,segment_0001,carrying,6.0,0.0,0.7867221990678204,0.828
P08,01,segment_0002,free_movement,4.25,0.0,0.5638664828758592,2.7825
P08,01,segment_0003,carrying,4.25,235.0,0.4772330677940944,0.9345
P08,01,segment_0005,carrying,0.75,235.0,0.35060547356118116,4.1275
P08,01,segment_0006,free_movement,2.25,5.0,0.3772909932287192,1.9805
P08,01,segment_0014,free_movement,1.0,350.0,0.40145700161965625,1.079
P08,01,segment_0016,free_movement,4.25,210.0,0.31252094242415174,1.923
P08,01,segment_0018,free_movement,3.0,20.0,0.6134811164177685,1.782
P08,01,segment_0020,free_movement,2.25,215.0,0.432172256140976,2.982
P08,01,segment_0024,free_movement,6.0,10.0,0.5126817826949649,2.0165
P08,01,segment_0028,free_movement,3.0,285.0,0.32581667737723724,1.312
P08,01,segment_0030,free_movement,0.75,190.0,0.3108246158989265,1.356
P08,01,segment_0032,free_movement,4.25,10.0,0.3707241579243896,3.816
P08,01,segment_0033,carrying,4.25,55.0,0.38654851715813227,0.911
P08,01,segment_0034,free_movement,2.25,0.0,0.466277454611178,2.1695
P08,01,segment_0035,carrying,2.25,350.0,0.3056047545984392,3.002
P08,01,segment_0036,free_movement,2.0,175.0,0.35082610214921534,1.6305
P08,01,segment_0037,carrying,2.0,-25.0,0.43066930068605586,2.304
P08,01,segment_0041,carrying,1.0,-50.0,0.30762183834043993,0.804
P08,01,segment_0042,free_movement,4.25,70.0,0.3259882586091405,2.246
P08,01,segment_0043,carrying,4.25,-30.0,0.47755853880785765,0.947
P08,01,segment_0044,free_movement,3.0,60.0,0.578642685862956,1.6225
P08,01,segment_0045,carrying,3.0,245.0,0.3551174152290431,1.083
P08,01,segment_0046,free_movement,1.0,5.0,0.4290551340535966,1.7535
P08,01,segment_0047,carrying,1.0,-50.0,0.3670430775939826,0.9785
P08,01,segment_0048,free_movement,6.0,25.0,0.3788284913622604,2.06
P08,01,segment_0051,carrying,0.75,140.0,0.5180485738275507,1.184
P08,01,segment_0053,carrying,2.25,-40.0,0.39005155896840005,1.343
P08,01,segment_0054,free_movement,2.0,10.0,0.3690977189239703,1.4725
P08,01,segment_0055,carrying,2.0,80.0,0.3192400440508632,0.896
P08,01,segment_0058,free_movement,3.0,-15.0,0.38394458246301766,5.087
P08,01,segment_0059,carrying,3.0,265.0,0.3033247763698665,1.0795
P08,01,segment_0062,free_movement,2.25,125.0,0.3954099822109054,1.4715
P08,01,segment_0063,carrying,2.25,315.0,0.35822844151181465,1.07
P08,01,segment_0067,carrying,2.0,-25.0,0.3242431997225989,2.8735
P08,01,segment_0068,free_movement,0.75,-35.0,0.4322328209408987,1.4965
P08,01,segment_0070,free_movement,3.0,-15.0,0.3463206300899438,1.198
P08,01,segment_0072,free_movement,6.0,150.0,0.36011981747345684,1.2195
P08,01,segment_0076,free_movement,2.25,245.0,0.4214745053360406,1.618
P08,01,segment_0077,carrying,2.25,-50.0,0.3522269840289073,1.369
P08,01,segment_0078,free_movement,4.25,245.0,0.30379378351643066,2.171
P08,01,segment_0080,free_movement,1.0,70.0,0.41673674988621695,0.997
P08,01,segment_0083,carrying,2.0,70.0,0.45775870633856974,0.9315
P08,01,segment_0085,carrying,2.25,305.0,0.43806082374708816,1.0575
P08,01,segment_0086,free_movement,0.75,-25.0,0.5740606323301516,1.276
P08,01,segment_0087,carrying,0.75,-45.0,0.3119453625573131,0.7825
P08,01,segment_0089,carrying,2.0,295.0,0.4317220213115451,1.218
P08,01,segment_0090,free_movement,4.25,310.0,0.5046188132043365,1.4155
P08,01,segment_0092,free_movement,6.0,0.0,0.49640450777090234,1.443
P08,01,segment_0095,carrying,3.0,215.0,0.46246982692967936,2.034
P08,01,segment_0100,free_movement,1.0,250.0,0.3918745552001724,1.06
P08,01,segment_0102,free_movement,4.25,255.0,0.5340830896722418,2.1535
P08,01,segment_0104,free_movement,6.0,60.0,0.3120785787613901,1.2165
P08,01,segment_0106,free_movement,2.25,10.0,0.5170719442573439,1.5725
P08,01,segment_0107,carrying,2.25,285.0,0.3041704176087058,1.2225
P08,01,segment_0108,free_movement,3.0,0.0,0.5781299954646963,2.0625
P08,01,segment_0110,free_movement,2.0,40.0,0.4921313093264842,1.299
P08,01,segment_0112,free_movement,6.0,5.0,0.5625779835037105,1.6475
P08,01,segment_0113,carrying,6.0,-15.0,0.360267772811986,0.9025
P08,01,segment_0115,carrying,0.75,-25.0,0.384385107967687,1.125
P08,01,segment_0116,free_movement,2.25,320.0,0.37672203613502897,1.664
P08,01,segment_0117,carrying,2.25,-35.0,0.39989383545939694,1.1905
P08,01,segment_0123,carrying,1.0,350.0,0.6136477915330033,0.9615
P08,01,segment_0124,free_movement,3.0,-5.0,0.45607261010959477,1.075
P08,01,segment_0126,free_movement,3.0,335.0,0.4104537520627125,1.113
P08,01,segment_0128,free_movement,2.0,-40.0,0.5241460107159344,1.333
P08,01,segment_0130,free_movement,6.0,250.0,0.3047676418222939,1.2355
P08,01,segment_0134,free_movement,2.25,55.0,0.41517902518668953,1.784
P08,01,segment_0135,carrying,2.25,-50.0,0.4361505888325963,1.352
P08,01,segment_0137,carrying,0.75,-50.0,0.4254404816478476,0.8415
P08,01,segment_0138,free_movement,1.0,180.0,0.4989099367581913,1.1205
P08,01,segment_0140,free_movement,3.0,0.0,0.6091056898176237,1.259
P08,01,segment_0141,carrying,3.0,305.0,1.0563567308731097,0.808
P08,01,segment_0144,free_movement,2.25,295.0,0.3909102574165684,1.662
P08,01,segment_0145,carrying,2.25,350.0,0.5929307185397135,1.2265
P08,01,segment_0146,free_movement,6.0,145.0,0.43944979786779886,1.315
P08,01,segment_0148,free_movement,4.25,155.0,0.5569198628152257,1.565
P08,01,segment_0149,carrying,4.25,10.0,0.5458997586628853,1.1085
P08,01,segment_0150,free_movement,2.0,-10.0,0.3531262873350673,1.2085
P08,01,segment_0151,carrying,2.0,25.0,0.5682094354546775,0.8765
P08,01,segment_0152,free_movement,0.75,10.0,0.5479849796450148,0.8035
P08,01,segment_0156,free_movement,6.0,-40.0,0.5876859088265661,0.944
P08,01,segment_0158,free_movement,2.0,-35.0,0.3598200937180618,1.447
P08,01,segment_0160,free_movement,4.25,330.0,0.4416266842849103,1.2635
P08,01,segment_0162,free_movement,2.25,260.0,0.43469584704755615,1.369
P08,01,segment_0164,free_movement,3.0,135.0,0.5174759719638092,1.0985
P08,01,segment_0165,carrying,3.0,-10.0,0.4507032376664884,1.6695
P08,01,segment_0166,free_movement,1.0,275.0,0.3364205343240647,1.405
P08,01,segment_0169,carrying,2.0,350.0,0.31071672287278324,1.247
P08,01,segment_0170,free_movement,2.25,20.0,0.38088527571314024,1.381
P08,01,segment_0174,free_movement,6.0,105.0,0.3919281841940942,1.2025
P08,01,segment_0177,carrying,1.0,65.0,0.34388292285243344,0.7575
P08,01,segment_0179,carrying,3.0,-5.0,0.4211626581508846,2.1205
P08,01,segment_0180,free_movement,0.75,180.0,0.5512317639675486,1.122
P08,01,segment_0182,free_movement,4.25,45.0,0.41630661209555186,2.162
P08,01,segment_0184,free_movement,2.0,100.0,0.5084286679177071,0.8145
P08,01,segment_0185,carrying,2.0,105.0,0.5731224145977146,0.829
P08,01,segment_0186,free_movement,6.0,10.0,0.5008045971112227,1.3585
P08,01,segment_0189,carrying,3.0,300.0,0.41641464135837,1.418
P08,01,segment_0192,free_movement,1.0,235.0,0.4402699499863621,1.1005
P08,01,segment_0193,carrying,1.0,-50.0,0.3361223222461447,1.063
P08,01,segment_0194,free_movement,0.75,170.0,0.3054686369249626,1.053
P08,01,segment_0196,free_movement,1.0,60.0,0.4264099399334245,1.0105
P08,01,segment_0197,carrying,1.0,-50.0,0.3534549660556171,0.706
P08,01,segment_0199,carrying,4.25,-45.0,0.3062441272612253,1.1445
P08,01,segment_0200,free_movement,2.25,-50.0,0.3411523361442524,1.3995
P08,01,segment_0202,free_movement,6.0,255.0,0.32722958757980386,0.936
P08,01,segment_0203,carrying,6.0,-50.0,0.3751911503400883,3.272
P08,01,segment_0206,free_movement,2.0,80.0,0.34834948394012594,1.077
P08,01,segment_0208,free_movement,3.0,80.0,0.5821203879155079,1.2395
P08,01,segment_0209,carrying,3.0,85.0,0.30139153985832007,0.8315
P08,01,segment_0212,free_movement,2.25,90.0,0.3604211111070889,1.2075
P08,01,segment_0214,free_movement,4.25,285.0,0.49224515472156133,1.347
P08,01,segment_0215,carrying,4.25,195.0,0.45046785133706324,0.86
P08,01,segment_0216,free_movement,6.0,255.0,0.38973076517446065,1.166
P08,01,segment_0218,free_movement,3.0,5.0,0.44474065676705693,1.1375
P08,01,segment_0220,free_movement,1.0,20.0,0.4636011003066762,1.3895
P08,01,segment_0221,carrying,1.0,130.0,0.7709159441071901,1.038
P08,01,segment_0224,free_movement,4.25,35.0,0.4020722402323713,1.0475
P08,01,segment_0226,free_movement,0.75,110.0,0.6672394109178549,0.829
P08,01,segment_0227,carrying,0.75,90.0,0.3418841412567966,0.857
P08,01,segment_0230,free_movement,6.0,5.0,0.3744310686785257,1.256
P08,01,segment_0231,carrying,6.0,-25.0,0.3444596029433736,0.768
P08,01,segment_0232,free_movement,2.0,145.0,0.5517868349810997,1.0345
P08,01,segment_0238,free_movement,0.75,65.0,0.5318280336679446,1.006
P08,01,segment_0239,carrying,0.75,340.0,0.38551016201976407,0.898
P08,01,segment_0240,free_movement,1.0,75.0,0.40134630988676506,1.146
P08,01,segment_0242,free_movement,2.25,10.0,0.3201641467308581,1.5475
P08,01,segment_0246,free_movement,6.0,30.0,0.6304095220552233,1.256
P08,01,segment_0247,carrying,6.0,230.0,0.3473558080587042,0.83
P08,01,segment_0248,free_movement,4.25,15.0,0.576748732309727,3.3735
P08,01,segment_0249,carrying,4.25,-15.0,0.3589236580290159,0.894
P08,01,segment_0250,free_movement,2.0,140.0,0.6292971447834749,1.029
P08,01,segment_0254,free_movement,6.0,330.0,0.36867293084688424,1.4825
P08,01,segment_0255,carrying,6.0,-50.0,0.3806497357734569,1.1255
P08,01,segment_0256,free_movement,2.0,210.0,0.38855256891192935,1.314
P08,01,segment_0257,carrying,2.0,-40.0,0.4953452947521659,1.262
P08,01,segment_0258,free_movement,2.25,105.0,0.527379130402421,1.34
P08,01,segment_0259,carrying,2.25,255.0,0.37913788297954215,1.2715
P08,01,segment_0262,free_movement,0.75,5.0,0.6314327875499052,1.065
P08,01,segment_0264,free_movement,1.0,100.0,0.35041659834658706,1.0255
P08,01,segment_0266,free_movement,2.25,185.0,0.46356610085278094,1.202
P08,01,segment_0268,free_movement,4.25,-30.0,0.40807120441723743,1.33
P08,01,segment_0270,free_movement,3.0,90.0,0.509278861526169,1.202
P08,01,segment_0272,free_movement,6.0,0.0,0.364525373247944,1.437
P08,01,segment_0273,carrying,6.0,275.0,0.3888025431811318,1.1725
P08,01,segment_0275,carrying,1.0,-35.0,0.3631371501724008,0.794
P08,01,segment_0276,free_movement,0.75,-50.0,0.34573494039319536,1.0405
P08,01,segment_0278,free_movement,2.0,-35.0,0.3474705271995024,0.864
P08,01,segment_0280,free_movement,6.0,15.0,0.4793607641079829,1.1975
P08,01,segment_0289,carrying,3.0,280.0,0.5323521227727388,1.011
P08,01,segment_0290,free_movement,4.25,195.0,0.5326191021417718,1.2805
P08,01,segment_0295,carrying,6.0,190.0,0.5267397457625751,1.0035
P08,01,segment_0296,free_movement,3.0,-5.0,0.4960071874201964,1.165
P08,01,segment_0298,free_movement,0.75,205.0,0.5853264486747441,1.08
P08,01,segment_0299,carrying,0.75,285.0,0.5274995235360117,0.8945
P08,01,segment_0300,free_movement,2.0,180.0,0.5076777390766292,1.021
P08,01,segment_0302,free_movement,1.0,45.0,0.6656697955980496,2.418
P08,01,segment_0303,carrying,1.0,-50.0,0.4123769729420026,1.0595
P08,01,segment_0309,carrying,1.0,5.0,0.5540411385225824,0.835
P08,01,segment_0310,free_movement,6.0,30.0,0.30675123275864924,1.311
P08,01,segment_0312,free_movement,3.0,25.0,0.5382733546374648,1.0315
P08,01,segment_0314,free_movement,0.75,205.0,0.3111586022352546,1.282
P08,01,segment_0316,free_movement,2.25,320.0,0.46352828778640937,1.4765
P08,01,segment_0317,carrying,2.25,-35.0,0.33338568452970746,0.9525
P08,01,segment_0318,free_movement,2.0,-50.0,0.3799412767300759,1.266
P08,01,segment_0320,free_movement,4.25,5.0,0.511262836632391,1.5545
P08,01,segment_0322,free_movement,4.25,20.0,0.4302598968348274,1.76
P08,01,segment_0323,carrying,4.25,-50.0,0.35826352701946246,1.1455
P08,01,segment_0324,free_movement,2.0,280.0,0.3073136395692532,1.1635
P08,01,segment_0325,carrying,2.0,15.0,0.46175956621490954,0.7995
P08,01,segment_0326,free_movement,3.0,-40.0,0.49635373132419713,0.791
P08,01,segment_0327,carrying,3.0,-50.0,0.327514695398851,0.702
P08,01,segment_0329,carrying,6.0,160.0,0.5047368714943556,0.8325
P08,01,segment_0330,free_movement,0.75,55.0,0.37424660181488895,1.246
P08,01,segment_0334,free_movement,1.0,245.0,0.44551898830196096,1.248
P08,01,segment_0336,free_movement,3.0,0.0,0.6027693105908288,1.342
P08,01,segment_0338,free_movement,1.0,335.0,0.6946067609881128,1.387
P08,01,segment_0340,free_movement,2.0,-25.0,0.3612437333833778,1.186
P08,01,segment_0342,free_movement,2.25,200.0,0.3480701348399333,1.229
P08,01,segment_0346,free_movement,4.25,110.0,0.3243701461688881,1.552
P08,01,segment_0348,free_movement,0.75,155.0,0.3646946382520374,0.983
P08,01,segment_0350,free_movement,3.0,340.0,0.3259186349227238,1.326
P08,01,segment_0352,free_movement,0.75,15.0,0.33164107097031226,0.92
P08,01,segment_0354,free_movement,4.25,-35.0,0.31734586485355193,1.483
P08,01,segment_0356,free_movement,6.0,55.0,0.4932454404424578,1.0975
P08,01,segment_0359,carrying,2.25,325.0,0.328594980460757,1.2845
P08,01,segment_0360,free_movement,1.0,130.0,0.3042227292430078,2.1735
P08,01,segment_0362,free_movement,2.0,165.0,0.3626355963126515,1.2475
P08,01,segment_0363,carrying,2.0,-50.0,0.43762668964782275,0.834
P08,01,segment_0364,free_movement,2.25,215.0,0.4967602614258008,1.785
P08,01,segment_0367,carrying,4.25,-15.0,0.39288424564806024,0.938
P08,01,segment_0368,free_movement,6.0,0.0,0.4459381860445466,1.352
P08,01,segment_0370,free_movement,2.0,5.0,0.41895660012401537,1.384
P08,01,segment_0372,free_movement,0.75,10.0,0.6013777858246552,1.107
P08,01,segment_0374,free_movement,1.0,305.0,0.4093143904896729,1.2385
P08,01,segment_0377,carrying,3.0,25.0,0.5001448112235812,1.267
P08,01,segment_0378,free_movement,4.25,50.0,0.4333258067531463,1.5025
P08,01,segment_0380,free_movement,6.0,10.0,0.623670203711446,1.211
P08,01,segment_0382,free_movement,1.0,120.0,0.318208188350935,0.9045
P08,01,segment_0384,free_movement,2.25,20.0,0.741718783862343,1.765
P08,01,segment_0385,carrying,2.25,340.0,0.3471298356163343,1.19
P08,01,segment_0386,free_movement,3.0,-10.0,0.44713499318314,1.957
P08,01,segment_0388,free_movement,2.0,-45.0,0.5803549197522738,1.417
P08,01,segment_0389,carrying,2.0,180.0,0.3493179157988235,4.689
P08,01,segment_0394,free_movement,1.0,155.0,0.36099409975571567,1.3525
P08,01,segment_0395,carrying,1.0,-50.0,0.4140400612431888,0.7905
P08,01,segment_0396,free_movement,2.25,-10.0,0.658650191276195,1.409
P08,01,segment_0398,free_movement,6.0,50.0,0.39036490488265113,1.3385
P08,01,segment_0406,free_movement,0.75,0.0,0.5326693038376682,1.3315
P08,01,segment_0407,carrying,0.75,-35.0,0.48681635377510474,0.826
P08,01,segment_0408,free_movement,6.0,0.0,0.3022067709418643,1.6495
P08,01,segment_0412,free_movement,2.0,-40.0,0.4417338263985648,1.1255
P08,01,segment_0413,carrying,2.0,75.0,0.311530315485393,0.7265
P08,01,segment_0414,free_movement,3.0,350.0,0.369260798945905,1.007
P08,01,segment_0420,free_movement,6.0,10.0,0.4014672873045331,1.227
P08,01,segment_0421,carrying,6.0,-50.0,0.3032501388004995,0.972
P08,01,segment_0423,carrying,0.75,280.0,0.6998169437379004,0.728
P08,01,segment_0424,free_movement,1.0,60.0,0.3489334513242954,0.9445
P08,01,segment_0426,free_movement,2.0,-25.0,0.594212198522556,1.268
P08,01,segment_0428,free_movement,4.25,0.0,0.5740791433222592,1.492
P08,01,segment_0433,carrying,2.25,-50.0,0.6006711717266394,0.714
P08,01,segment_0436,free_movement,2.25,-50.0,0.5308695923835975,1.0305
P08,01,segment_0440,free_movement,1.0,90.0,0.3079415193749443,1.01
P08,01,segment_0442,free_movement,3.0,140.0,0.3702577675271868,1.407
P08,01,segment_0443,carrying,3.0,-50.0,0.3056581384443749,1.156
P08,01,segment_0444,free_movement,4.25,350.0,0.47904475358615384,1.3275
P08,01,segment_0445,carrying,4.25,5.0,0.3196887399174197,1.434
P08,01,segment_0446,free_movement,6.0,10.0,0.6086056034147618,2.767
P08,01,segment_0450,free_movement,1.0,90.0,0.4936943649442474,0.992
P08,01,segment_0452,free_movement,2.25,350.0,0.3589373671525134,1.396
P08,01,segment_0454,free_movement,4.25,350.0,0.6617984853122096,1.3555
P08,01,segment_0458,free_movement,6.0,-50.0,0.31587039703147307,1.05
P08,01,segment_0462,free_movement,2.25,50.0,0.32184336653594403,1.184
P08,01,segment_0464,free_movement,2.0,20.0,0.3458064333150171,0.928
P08,01,segment_0466,free_movement,1.0,20.0,0.35965156942934373,1.28
P08,01,segment_0468,free_movement,3.0,280.0,0.3950006998661075,1.097
P08,01,segment_0470,free_movement,4.25,25.0,0.44639734340033743,1.624
P08,01,segment_0472,free_movement,6.0,15.0,0.360652888865687,1.275
P08,01,segment_0473,carrying,6.0,240.0,0.33991766153738295,0.8895
P08,01,segment_0474,free_movement,0.75,130.0,0.37036717054833845,1.1525
P08,01,segment_0478,free_movement,1.0,215.0,0.5911045502227799,1.1985
P08,01,segment_0480,free_movement,4.25,85.0,0.3228592162296994,4.775
P08,01,segment_0484,free_movement,2.0,350.0,0.41323543296804033,1.3515
P08,01,segment_0485,carrying,2.0,350.0,0.43451527018959957,1.675
P08,01,segment_0488,free_movement,2.25,175.0,0.31971506699172275,1.3485
P08,01,segment_0489,carrying,2.25,5.0,0.3737522310829166,2.304
P08,01,segment_0490,free_movement,2.25,280.0,0.6128569553737114,1.36
P08,01,segment_0491,carrying,2.25,350.0,0.37819788310552466,1.0025
P08,01,segment_0492,free_movement,6.0,10.0,0.4835735097627937,1.23
P08,01,segment_0494,free_movement,3.0,5.0,0.5515581029696115,1.034
P08,01,segment_0496,free_movement,1.0,350.0,0.5737892526161623,0.88
P08,01,segment_0498,free_movement,4.25,145.0,0.30933272454427907,1.383
P08,01,segment_0499,free_movement,4.25,10.0,0.3673991210810133,28.9045
P08,01,segment_0501,free_movement,6.0,50.0,0.3943821180263624,0.811
P08,01,segment_0503,free_movement,3.0,5.0,0.6899575714017536,1.0945
P08,01,segment_0506,carrying,2.25,125.0,0.5246431475770469,0.8695
P08,01,segment_0507,free_movement,2.0,105.0,0.49250194476376247,0.8
P08,01,segment_0509,free_movement,0.75,310.0,0.5806776995370362,0.752
P08,01,segment_0511,free_movement,1.0,65.0,0.48855662084847,1.196
P08,01,segment_0512,carrying,1.0,95.0,0.4433475051679942,0.8205
P08,01,segment_0513,free_movement,3.0,335.0,0.584334554977718,0.8475
P08,01,segment_0515,free_movement,2.0,335.0,0.33865522128355724,1.0355
P08,01,segment_0517,free_movement,0.75,60.0,0.3837513649590633,0.772
P08,01,segment_0521,free_movement,6.0,15.0,0.7472543511288581,0.949
P08,01,segment_0523,free_movement,4.25,-25.0,0.5300605367334433,0.8315
P08,01,segment_0526,carrying,1.0,95.0,0.32657458310858867,0.778
P08,01,segment_0527,free_movement,4.25,185.0,0.3091232559779557,1.4545
P08,01,segment_0530,carrying,2.0,105.0,0.30225513877371374,0.8
P08,01,segment_0535,free_movement,3.0,50.0,0.39189586306484847,0.8335
P08,01,segment_0536,carrying,3.0,-25.0,0.45690351142591695,0.7705
P08,01,segment_0537,free_movement,2.25,180.0,0.3526301113724901,1.0005
P08,01,segment_0539,free_movement,1.0,50.0,0.47442258663679765,0.7215
P08,01,segment_0540,carrying,1.0,310.0,0.48536672589031227,0.959
P08,01,segment_0541,free_movement,1.0,105.0,0.447079650172331,0.9155
P08,01,segment_0542,carrying,1.0,-50.0,0.36331945097934343,0.7595
P08,01,segment_0543,free_movement,6.0,0.0,0.44049477646371615,1.1425
P08,01,segment_0545,free_movement,0.75,15.0,0.36318699444222335,0.832
P08,01,segment_0547,free_movement,2.0,20.0,0.35794731286406756,0.713
P08,01,segment_0548,carrying,2.0,35.0,0.45303465587613995,1.3665
P08,01,segment_0549,free_movement,4.25,25.0,0.3950699541672611,1.552
P08,01,segment_0553,free_movement,2.25,270.0,0.3316555326678964,1.543
P08,01,segment_0554,carrying,2.25,350.0,0.5875177817120504,0.8075
P08,01,segment_0557,free_movement,1.0,115.0,0.41657053701990177,1.016
P08,01,segment_0558,carrying,1.0,-10.0,0.5195238282731738,1.9085
P08,01,segment_0560,carrying,6.0,0.0,0.32636744687402136,1.7845
P08,01,segment_0561,free_movement,0.75,5.0,0.6403175384193517,0.9175
P08,01,segment_0563,free_movement,2.25,155.0,0.48441250173172695,1.208
P08,01,segment_0564,carrying,2.25,115.0,0.48951234704758756,0.742
P08,01,segment_0565,free_movement,3.0,295.0,0.4127774767388412,0.88
P08,01,segment_0567,free_movement,4.25,140.0,0.3601454689775163,1.164
P08,01,segment_0570,carrying,2.0,-50.0,0.49574990472172725,0.8125
P08,01,segment_0571,free_movement,2.25,305.0,0.33513757547934686,0.85
P08,01,segment_0572,carrying,2.25,-50.0,0.3553509168490218,1.118
P08,01,segment_0573,free_movement,6.0,285.0,0.37139787215476794,1.0145
P08,01,segment_0574,carrying,6.0,-50.0,0.5858258613679129,0.775
P08,01,segment_0576,free_movement,0.75,230.0,0.3353147440629082,1.187
P08,01,segment_0577,carrying,0.75,-5.0,0.334218116756199,3.2575
P08,01,segment_0578,free_movement,3.0,285.0,0.43651831439276606,0.8395
P08,01,segment_0579,carrying,3.0,290.0,0.3065738426158955,0.7805
P08,01,segment_0580,free_movement,1.0,-50.0,0.36314188890938853,0.8515
P08,01,segment_0582,free_movement,2.25,150.0,0.45765492879648423,0.96
P08,01,segment_0584,free_movement,4.25,120.0,0.42844497561533706,1.8085
P08,01,segment_0588,free_movement,0.75,-30.0,0.5294504789221411,0.835
P08,01,segment_0592,free_movement,6.0,30.0,0.4729713730213914,1.1765
P08,01,segment_0594,free_movement,1.0,60.0,0.6595402901364648,0.9505
P08,01,segment_0595,carrying,1.0,-30.0,0.5441927330679444,0.7025
P08,01,segment_0596,free_movement,3.0,55.0,0.7641666206995233,0.929
P08,01,segment_0597,carrying,3.0,-35.0,0.5004477753774225,0.815
P08,01,segment_0598,free_movement,4.25,80.0,0.48098550898223263,1.8795
P08,01,segment_0600,free_movement,1.0,270.0,0.4210053153404685,0.8335
P08,01,segment_0602,free_movement,2.25,120.0,0.5330826296607328,0.969
P08,01,segment_0604,free_movement,0.75,210.0,0.5537734182822237,0.76
P08,01,segment_0606,free_movement,6.0,-5.0,0.6380314466688741,0.854
P08,01,segment_0608,free_movement,2.0,-15.0,0.40621942758787816,0.873
P08,01,segment_0610,free_movement,2.25,-25.0,0.3359348494708964,1.0645
P08,01,segment_0611,carrying,2.25,200.0,0.5196791619565629,3.274
P08,01,segment_0612,free_movement,2.0,0.0,0.5943674514862303,0.961
P08,01,segment_0613,carrying,2.0,-45.0,0.40991473965896574,0.786
P08,01,segment_0614,free_movement,0.75,75.0,0.3007306686441614,0.8325
P08,01,segment_0617,carrying,6.0,-50.0,0.41213509799531706,0.76
P08,01,segment_0621,carrying,3.0,-50.0,0.3916383563687197,0.8165
P08,01,segment_0622,free_movement,4.25,-10.0,0.6534210349577926,0.7735
P08,01,segment_0624,free_movement,1.0,325.0,0.49890676794190036,0.7505
P08,01,segment_0626,free_movement,2.25,140.0,0.5112444674093487,0.746
P08,01,segment_0627,carrying,2.25,305.0,0.3603964329218393,1.3315
P08,01,segment_0631,carrying,2.0,-50.0,0.5887892665807094,0.757
P08,01,segment_0632,free_movement,3.0,85.0,0.584982118059779,0.7195
P08,01,segment_0634,free_movement,6.0,25.0,0.3715067989144778,1.1055
P08,01,segment_0638,free_movement,2.25,315.0,0.36524750764188924,1.1835
P08,01,segment_0639,carrying,2.25,-25.0,0.46582490577616126,0.853
P08,01,segment_0640,free_movement,6.0,-15.0,0.42098721114094756,1.0835
P08,01,segment_0642,free_movement,3.0,-35.0,0.32798969222151075,2.1085
P08,01,segment_0643,carrying,3.0,-50.0,0.4546013330454096,0.777
P08,01,segment_0644,free_movement,1.0,190.0,0.3201929867621873,1.198
P08,01,segment_0645,carrying,1.0,-50.0,0.3930757952285214,1.069
P08,01,segment_0646,free_movement,0.75,150.0,0.39595153362560276,0.962
P08,01,segment_0647,carrying,0.75,75.0,0.3707731840855411,1.8845
P08,01,segment_0648,free_movement,4.25,290.0,0.5411012973017834,1.173
P08,01,segment_0650,free_movement,2.0,75.0,0.34034372737609525,1.517
P08,01,segment_0653,carrying,2.0,350.0,0.5832973820533139,1.067
P08,01,segment_0654,free_movement,4.25,-20.0,0.4978422324110068,1.495
P08,01,segment_0656,free_movement,6.0,50.0,0.5452177963030892,1.322
P08,01,segment_0658,free_movement,2.25,350.0,0.44178463969663506,1.189
P08,01,segment_0661,carrying,1.0,100.0,0.32292863086090184,0.8195
P08,01,segment_0662,free_movement,3.0,270.0,0.47756851975919823,1.176
P08,01,segment_0663,carrying,3.0,60.0,0.5767317621384296,1.005
P08,01,segment_0664,free_movement,0.75,-30.0,0.5921841656925898,0.82
P08,01,segment_0666,free_movement,0.75,-20.0,0.4392973318314354,0.7065
P08,01,segment_0668,free_movement,3.0,140.0,0.5375833112350249,1.01
P08,01,segment_0672,free_movement,2.0,30.0,0.30219349917820304,0.7745
P08,01,segment_0674,free_movement,6.0,35.0,0.36756788677831953,1.077
P08,01,segment_0675,carrying,6.0,40.0,0.49647564467460553,0.888
P08,01,segment_0676,free_movement,1.0,45.0,0.48634003321993813,1.422
P08,01,segment_0677,carrying,1.0,-45.0,0.5311039829097213,2.1525
P08,01,segment_0678,free_movement,4.25,115.0,0.3417686888597198,1.26
P08,01,segment_0680,free_movement,2.25,150.0,0.581901276730944,1.361
P08,01,segment_0681,carrying,2.25,-35.0,0.3599176871147011,0.7725
P08,01,segment_0682,free_movement,2.0,50.0,0.32926582965153184,0.917
P08,01,segment_0684,free_movement,6.0,145.0,0.3587178238562806,0.861
P08,01,segment_0685,carrying,6.0,-50.0,0.44187077766762656,1.054
P08,01,segment_0686,free_movement,3.0,65.0,0.6477191986932469,1.056
P08,01,segment_0688,free_movement,0.75,315.0,0.672252065849338,1.04
P08,01,segment_0690,free_movement,4.25,205.0,0.3215786004524682,1.067
P08,01,segment_0697,carrying,2.25,-50.0,0.5058900055120117,0.8375
P08,01,segment_0700,free_movement,4.25,245.0,0.4683631735828572,1.747
P08,01,segment_0702,free_movement,3.0,15.0,0.6300709106766899,1.125
P08,01,segment_0708,free_movement,2.25,55.0,0.528941444318225,1.0285
P08,01,segment_0709,carrying,2.25,75.0,0.3680344836052193,0.8405
P08,01,segment_0712,free_movement,0.75,-10.0,0.46110141912440733,0.8875
P08,01,segment_0716,free_movement,6.0,0.0,0.768009864973806,1.2025
P08,01,segment_0719,carrying,3.0,145.0,0.4161595426755862,0.9505
P08,01,segment_0720,free_movement,2.0,-50.0,0.30316325165403724,1.01
P08,01,segment_0722,free_movement,6.0,110.0,0.3401610242140956,0.98
P08,01,segment_0724,free_movement,2.25,155.0,0.47378549992894964,1.2665
P08,01,segment_0726,free_movement,4.25,0.0,0.32468947227340683,1.363
P08,01,segment_0730,free_movement,2.0,105.0,0.37370646795822043,0.934
P08,01,segment_0732,free_movement,3.0,20.0,0.44193064232203305,0.897
P08,01,segment_0734,free_movement,1.0,55.0,0.703899769859983,0.845
P08,01,segment_0735,carrying,1.0,90.0,0.3786533377336763,0.9845
P08,01,segment_0736,free_movement,4.25,10.0,0.5486874847044361,1.4945
P08,01,segment_0738,free_movement,0.75,70.0,0.49059244609033187,1.0215
P08,01,segment_0741,carrying,3.0,280.0,0.3751717365105965,0.7805
P08,01,segment_0742,free_movement,2.0,5.0,0.3214307780742378,1.434
P08,01,segment_0744,free_movement,2.25,110.0,0.3773889836436561,4.024
P08,01,segment_0745,carrying,2.25,-30.0,0.32802025715116284,0.836
P08,01,segment_0746,free_movement,6.0,5.0,0.7926041117631774,1.146
P08,01,segment_0747,carrying,6.0,-50.0,0.3307447867830334,0.856
P08,01,segment_0748,free_movement,1.0,150.0,0.3128195081493058,0.707
P08,01,segment_0749,carrying,1.0,-5.0,0.494546381080959,0.7065
P08,01,segment_0750,free_movement,4.25,-35.0,0.4751429068584478,2.0445
P08,01,segment_0753,carrying,3.0,40.0,0.4979054796377619,0.8325
P08,01,segment_0754,free_movement,1.0,-5.0,0.33992928287857904,0.718
P08,01,segment_0756,free_movement,0.75,-10.0,0.7507780949027089,0.9565
P08,01,segment_0758,free_movement,2.25,325.0,0.8029282278559363,1.042
P08,01,segment_0760,free_movement,6.0,325.0,0.455702873162787,0.763
P08,01,segment_0762,free_movement,2.0,275.0,0.660655388343062,0.7115
P08,01,segment_0764,free_movement,6.0,-35.0,0.6630122133447182,1.077
P08,01,segment_0765,carrying,6.0,5.0,0.4593504557931714,0.726
P08,01,segment_0766,free_movement,0.75,335.0,0.3162423512105735,0.947
P08,01,segment_0768,free_movement,4.25,90.0,0.33840013662699636,1.4985
P08,01,segment_0770,free_movement,3.0,15.0,0.34419970459349064,1.0675
P08,01,segment_0771,carrying,3.0,-50.0,0.3268957894320282,0.8395
P08,01,segment_0773,carrying,2.25,285.0,0.5362234107589644,0.888
P08,01,segment_0774,free_movement,2.0,75.0,0.4296196693360678,1.391
P08,01,segment_0778,free_movement,3.0,350.0,0.6517704225858815,1.0135
P08,01,segment_0779,carrying,3.0,30.0,0.5905084430692421,0.835
P08,01,segment_0780,free_movement,2.25,30.0,0.40509701412394866,1.2265
P08,01,segment_0782,free_movement,4.25,85.0,0.6247068086997296,1.1085
P08,01,segment_0786,free_movement,1.0,310.0,0.3276508226740166,0.887
P08,01,segment_0788,free_movement,6.0,65.0,0.6106238978906243,0.859
P08,01,segment_0789,carrying,6.0,-50.0,0.39977947097977595,1.7335
P08,01,segment_0792,free_movement,3.0,160.0,0.45491315206548893,1.355
P08,01,segment_0794,free_movement,2.25,75.0,0.4740122659865763,1.542
P08,01,segment_0795,carrying,2.25,330.0,0.3385889224859647,0.9835
P08,01,segment_0796,free_movement,4.25,-25.0,0.7417580428325227,1.064
P08,01,segment_0798,free_movement,6.0,-50.0,0.49840863264432467,1.2015
P08,01,segment_0800,free_movement,1.0,0.0,0.5207106570499769,1.116
P08,01,segment_0804,free_movement,0.75,25.0,0.4245210204293937,0.9075
P08,01,segment_0806,free_movement,6.0,-35.0,0.31295910454542003,0.8815
P08,01,segment_0807,carrying,6.0,-50.0,0.3474741673151226,0.9085
P08,01,segment_0808,free_movement,2.25,50.0,0.32467699728136346,1.22
P08,01,segment_0810,free_movement,0.75,-30.0,0.40368875752481675,1.2265
P08,01,segment_0812,free_movement,3.0,-5.0,0.39771141855673936,0.9585
P08,01,segment_0814,free_movement,2.0,10.0,0.41329599955638036,1.086
P08,01,segment_0818,free_movement,1.0,90.0,0.42153149099552156,0.8385
P08,01,segment_0820,free_movement,2.0,115.0,0.6395263489247979,0.799
P08,01,segment_0822,free_movement,2.25,315.0,0.37402348288548287,1.343
P08,01,segment_0824,free_movement,4.25,60.0,0.6420377960071363,0.957
P08,01,segment_0827,carrying,1.0,-40.0,0.4762200125805685,0.7495
P08,01,segment_0829,carrying,3.0,-40.0,0.46665226182456626,0.833
P08,01,segment_0830,free_movement,0.75,-30.0,0.44799545896600335,0.9635
P08,01,segment_0832,free_movement,6.0,-5.0,0.48283696622206196,1.282
P08,01,segment_0836,free_movement,6.0,100.0,0.4604195686785535,1.6125
P08,01,segment_0838,free_movement,4.25,-50.0,0.5953680087583915,1.135
P08,01,segment_0841,carrying,3.0,-15.0,0.3571626058195311,0.774
P08,01,segment_0842,free_movement,2.25,30.0,0.5552256459117371,1.004
P08,01,segment_0844,free_movement,2.0,145.0,0.5499599927142448,0.7495
P08,01,segment_0845,carrying,2.0,40.0,0.32445005112800274,0.7305
P08,01,segment_0846,free_movement,1.0,0.0,0.4205817598239083,1.2055
P08,01,segment_0848,free_movement,6.0,0.0,0.5158669139233332,1.4025
P08,01,segment_0850,free_movement,2.25,-15.0,0.33881707278495565,1.0935
P08,01,segment_0851,carrying,2.25,-20.0,0.4698998242640266,2.2115
P08,01,segment_0852,free_movement,0.75,25.0,0.447717228003092,1.4925
P08,01,segment_0854,free_movement,3.0,125.0,0.40378356192611536,0.837
P08,01,segment_0857,carrying,2.0,-25.0,0.4418517252270405,0.947
P08,01,segment_0858,free_movement,4.25,175.0,0.6446838018542588,1.0415
P08,01,segment_0860,free_movement,1.0,-30.0,0.4785939830496737,0.9785
P08,01,segment_0862,free_movement,6.0,25.0,0.3672758162771442,1.4535
P08,01,segment_0864,free_movement,4.25,5.0,0.5319162190216097,1.939
P08,01,segment_0865,carrying,4.25,-50.0,0.3820650774981923,1.1505
P08,01,segment_0866,free_movement,3.0,-5.0,0.4904475293304736,1.4065
P08,01,segment_0872,free_movement,2.25,15.0,0.41893394080361984,1.2625
P08,01,segment_0874,free_movement,0.75,-25.0,0.31905324150594067,1.183
P08,01,segment_0875,carrying,0.75,130.0,0.41263787433750804,0.751
P08,01,segment_0876,free_movement,1.0,275.0,0.5103763329699785,1.077
P08,01,segment_0880,free_movement,4.25,95.0,0.41652346269358076,1.52
P08,01,segment_0882,free_movement,2.25,20.0,0.43055195676909164,1.509
P08,01,segment_0883,carrying,2.25,-50.0,0.5067319501927315,0.8755
P08,01,segment_0884,free_movement,3.0,-10.0,0.623293440469794,1.0655
P08,01,segment_0885,carrying,3.0,25.0,0.5137723413654798,0.832
P08,01,segment_0886,free_movement,6.0,5.0,0.34123614014209225,1.0495
P08,01,segment_0887,carrying,6.0,-45.0,0.6009340278076594,0.778
P08,01,segment_0888,free_movement,0.75,-10.0,0.47172234612797703,0.896
P08,01,segment_0890,free_movement,2.0,20.0,0.5567012161494913,0.791
P08,01,segment_0892,free_movement,3.0,0.0,0.5340765850689771,0.798
P08,01,segment_0894,free_movement,1.0,50.0,0.42557551159329093,0.902
P08,01,segment_0896,free_movement,0.75,10.0,0.6053179080294857,0.9505
P08,01,segment_0898,free_movement,4.25,195.0,0.4671552184598393,1.043
P08,01,segment_0900,free_movement,6.0,10.0,0.39645033476222363,1.748
P08,01,segment_0902,free_movement,2.25,135.0,0.4746789396015974,1.2465
P08,01,segment_0904,free_movement,4.25,-50.0,0.41216222072749004,1.853
P08,01,segment_0906,free_movement,6.0,-50.0,0.3716621432743551,1.7015
P08,01,segment_0907,carrying,6.0,-10.0,0.6331044087601672,0.8415
P08,01,segment_0908,free_movement,2.25,120.0,0.5526911857183882,1.062
P08,01,segment_0912,free_movement,0.75,-10.0,0.6911530445669765,0.967
P08,01,segment_0914,free_movement,1.0,-35.0,0.374114127532405,0.884
P08,01,segment_0918,free_movement,2.0,-50.0,0.34541248867517443,1.1045
P08,01,segment_0920,free_movement,4.25,125.0,0.5009304946453419,1.107
P08,01,segment_0921,carrying,4.25,-50.0,0.45423105779525197,0.772
P08,01,segment_0924,free_movement,2.25,220.0,0.4142622722735277,1.34
P08,01,segment_0926,free_movement,1.0,335.0,0.3743130327601255,0.746
P08,01,segment_0929,carrying,6.0,-50.0,0.4122061824256027,1.463
P08,01,segment_0934,free_movement,1.0,125.0,0.4211442696130113,1.0395
P08,01,segment_0935,carrying,1.0,-50.0,0.3999008956812448,0.86
P08,01,segment_0936,free_movement,6.0,0.0,0.6930114137701077,1.303
P08,01,segment_0938,free_movement,3.0,170.0,0.31604305251119225,1.3085
P08,01,segment_0939,carrying,3.0,-50.0,0.49494014831173117,0.854
P08,01,segment_0942,free_movement,0.75,10.0,0.38410556797113593,0.933
P08,01,segment_0944,free_movement,2.25,145.0,0.380265340660017,1.683
P08,01,segment_0948,free_movement,3.0,115.0,0.4976048543863493,1.234
P08,01,segment_0950,free_movement,0.75,350.0,0.41109087298102126,1.033
P08,01,segment_0951,carrying,0.75,85.0,0.39813021015122835,0.7875
P08,01,segment_0952,free_movement,4.25,-35.0,0.3344910906524833,1.2315
P08,01,segment_0954,free_movement,6.0,10.0,0.4187171071468086,0.7205
P08,01,segment_0960,free_movement,4.25,-30.0,0.35228459862647415,1.013
P08,01,segment_0962,free_movement,6.0,50.0,0.5485502902912766,0.9985
P08,01,segment_0965,carrying,1.0,-45.0,0.6383028197654184,1.2735
P08,01,segment_0966,free_movement,2.25,45.0,0.5762700674594305,1.3245
P08,01,segment_0968,free_movement,2.0,0.0,0.5960585642415958,1.1185
P08,01,segment_0970,free_movement,3.0,20.0,0.7732297425986951,0.8505
P08,01,segment_0972,free_movement,0.75,85.0,0.48463308303548586,1.15
P08,01,segment_0974,free_movement,6.0,-30.0,0.597380178179868,1.4125
P08,01,segment_0975,carrying,6.0,-50.0,0.3496832573254296,1.038
P08,01,segment_0976,free_movement,1.0,220.0,0.5129783598420931,1.0635
P08,01,segment_0978,free_movement,4.25,-15.0,0.30502743778008196,1.207
P08,01,segment_0979,carrying,4.25,-50.0,0.30068443345712415,0.8675
P08,01,segment_0980,free_movement,0.75,5.0,0.5957837424363377,1.0335
P08,01,segment_0984,free_movement,2.25,20.0,0.49348181549215603,1.4495
P08,01,segment_0988,free_movement,2.25,-15.0,0.5339712681842982,1.3845
P08,01,segment_0990,free_movement,1.0,275.0,0.33576390340290324,0.9085
P08,01,segment_0991,carrying,1.0,35.0,0.3689063917929314,0.793
P08,01,segment_0992,free_movement,0.75,150.0,0.38222212166720815,0.948
P08,01,segment_0995,carrying,6.0,50.0,0.37077634565763895,0.705
P08,01,segment_0996,free_movement,4.25,-5.0,0.439386742287535,1.011
P09,01,segment_0000,free_movement,3.0,5.0,0.4098393145843622,8.822
P09,01,segment_0002,free_movement,2.25,0.0,0.34498535121846485,2.274
P09,01,segment_0004,free_movement,2.0,10.0,0.5851117118989683,3.303
P09,01,segment_0005,carrying,2.0,205.0,0.4626800631700645,1.054
P09,01,segment_0008,free_movement,4.25,40.0,0.42167839589152706,1.939
P09,01,segment_0010,free_movement,6.0,10.0,0.5576485096382044,1.805
P09,01,segment_0014,free_movement,4.25,35.0,0.4552391291251595,2.3225
P09,01,segment_0015,carrying,4.25,215.0,0.33514483407049106,1.206
P09,01,segment_0016,free_movement,6.0,-10.0,0.5133881546556915,2.0775
P09,01,segment_0018,free_movement,0.75,-50.0,0.5240228148228685,1.388
P09,01,segment_0020,free_movement,2.25,85.0,0.33190517360519173,2.288
P09,01,segment_0022,free_movement,2.0,350.0,0.4198661385802677,2.2875
P09,01,segment_0024,free_movement,3.0,5.0,0.5004156484769197,1.6095
P09,01,segment_0026,free_movement,1.0,-5.0,0.5315124163634641,1.8865
P09,01,segment_0028,free_movement,2.0,140.0,0.42874177225661025,1.0665
P09,01,segment_0029,carrying,2.0,155.0,0.3580870146845033,1.2225
P09,01,segment_0030,free_movement,1.0,-10.0,0.3099729908733914,1.2035
P09,01,segment_0032,free_movement,4.25,275.0,0.39911311596823706,1.84
P09,01,segment_0034,free_movement,0.75,-50.0,0.3250484624284689,1.6145
P09,01,segment_0036,free_movement,3.0,315.0,0.3896663212021625,3.1135
P09,01,segment_0038,free_movement,6.0,5.0,0.5284897799308893,1.341
P09,01,segment_0040,free_movement,2.25,-10.0,0.4632647457003759,2.0905
P09,01,segment_0042,free_movement,2.25,15.0,0.442501866527188,1.549
P09,01,segment_0044,free_movement,4.25,-25.0,0.3655806252615899,2.2815
P09,01,segment_0046,free_movement,6.0,-10.0,0.6902911768834398,1.905
P09,01,segment_0048,free_movement,3.0,15.0,0.499486162468085,1.6575
P09,01,segment_0050,free_movement,2.0,75.0,0.5685333074821859,1.4715
P09,01,segment_0053,carrying,0.75,-50.0,0.39445905764646433,1.3275
P09,01,segment_0056,free_movement,3.0,50.0,0.42461756281991747,1.648
P09,01,segment_0057,carrying,3.0,-50.0,0.41389629572887887,1.4735
P09,01,segment_0058,free_movement,2.0,85.0,0.3679015861979588,1.276
P09,01,segment_0060,free_movement,6.0,25.0,0.5070857144975635,1.755
P09,01,segment_0062,free_movement,0.75,-10.0,0.4811653196295881,2.1125
P09,01,segment_0063,carrying,0.75,-50.0,0.3522633113572804,1.601
P09,01,segment_0064,free_movement,2.25,25.0,0.31528531752021866,2.3435
P09,01,segment_0066,free_movement,4.25,-10.0,0.5522187276044815,1.6065
P09,01,segment_0067,carrying,4.25,260.0,0.4287083339768305,0.976
P09,01,segment_0068,free_movement,1.0,-50.0,0.3999741968839606,1.136
P09,01,segment_0070,free_movement,0.75,-5.0,0.6316274783993505,1.3935
P09,01,segment_0071,carrying,0.75,305.0,0.531275712783742,1.425
P09,01,segment_0074,free_movement,3.0,0.0,0.4839746160639689,1.841
P09,01,segment_0076,free_movement,6.0,15.0,0.4991298021930061,1.255
P09,01,segment_0078,free_movement,1.0,5.0,0.4633843766471117,1.604
P09,01,segment_0079,carrying,1.0,-50.0,0.366828068478957,4.282
P09,01,segment_0080,free_movement,2.0,0.0,0.4903396148616217,1.7965
P09,01,segment_0082,free_movement,4.25,0.0,0.5534343764229224,1.393
P09,01,segment_0084,free_movement,6.0,0.0,0.5566242815751027,1.359
P09,01,segment_0085,carrying,6.0,315.0,0.3021128051460047,1.6445
P09,01,segment_0086,free_movement,1.0,-10.0,0.57656185024186,1.573
P09,01,segment_0088,free_movement,4.25,10.0,0.46417565683640455,1.507
P09,01,segment_0090,free_movement,3.0,0.0,0.752683745270271,1.1085
P09,01,segment_0092,free_movement,0.75,335.0,0.6320335729999031,1.4575
P09,01,segment_0094,free_movement,2.0,5.0,0.3777367367963317,1.312
P09,01,segment_0096,free_movement,2.25,180.0,0.31467275961575075,3.224
P09,01,segment_0098,free_movement,2.0,-15.0,0.5508104380380009,1.7605
P09,01,segment_0100,free_movement,6.0,65.0,0.35912970601373967,1.422
P09,01,segment_0104,free_movement,3.0,20.0,0.4078648143557501,1.2955
P09,01,segment_0105,carrying,3.0,-50.0,0.4784423628472225,0.914
P09,01,segment_0106,free_movement,4.25,10.0,0.5540106379291618,1.81
P09,01,segment_0107,carrying,4.25,-50.0,0.44871414813659244,1.574
P09,01,segment_0108,free_movement,2.25,10.0,0.45545158668611857,1.9295
P09,01,segment_0110,free_movement,1.0,-20.0,0.4994866915930272,2.126
P09,01,segment_0112,free_movement,0.75,0.0,0.4966324349271999,1.6115
P09,01,segment_0114,free_movement,2.25,130.0,0.5020797073745185,1.7605
P09,01,segment_0116,free_movement,4.25,5.0,0.352245666179817,1.4265
P09,01,segment_0118,free_movement,6.0,-5.0,0.4690812087613592,1.8365
P09,01,segment_0120,free_movement,1.0,-5.0,0.5459689300753038,1.495
P09,01,segment_0122,free_movement,2.0,15.0,0.4119436580939174,1.614
P09,01,segment_0123,carrying,2.0,-20.0,0.31931035552587805,1.17
P09,01,segment_0124,free_movement,3.0,0.0,0.5683503662876479,1.2795
P09,01,segment_0126,free_movement,4.25,85.0,0.5005362119332267,1.795
P09,01,segment_0127,carrying,4.25,-50.0,0.419269143188983,0.784
P09,01,segment_0128,free_movement,3.0,5.0,0.5283318535970847,1.331
P09,01,segment_0130,free_movement,2.25,-5.0,0.45968226963593506,1.833
P09,01,segment_0132,free_movement,1.0,0.0,0.4328280132197689,1.7215
P09,01,segment_0134,free_movement,6.0,5.0,0.5720079556534725,1.623
P09,01,segment_0136,free_movement,0.75,-15.0,0.47698774040939707,0.971
P09,01,segment_0137,carrying,0.75,-50.0,0.310347623272695,1.1605
P09,01,segment_0138,free_movement,2.0,5.0,0.4096630053011195,1.2435
P09,01,segment_0139,carrying,2.0,225.0,0.347652311444662,1.438
P09,01,segment_0140,free_movement,4.25,5.0,0.5268202115717173,1.57
P09,01,segment_0142,free_movement,2.0,5.0,0.32092867184003104,1.5465
P09,01,segment_0143,carrying,2.0,-50.0,0.36931561753124165,0.8205
P09,01,segment_0144,free_movement,3.0,5.0,0.3902407644648521,1.5535
P09,01,segment_0145,carrying,3.0,-50.0,0.46028841447813373,1.196
P09,01,segment_0146,free_movement,0.75,40.0,0.5637635052679936,1.1095
P09,01,segment_0147,carrying,0.75,-35.0,0.3726800132709808,2.778
P09,01,segment_0148,free_movement,2.25,0.0,0.38877644526909216,1.872
P09,01,segment_0150,free_movement,1.0,305.0,0.32386137219144173,1.543
P09,01,segment_0151,carrying,1.0,-50.0,0.44998894335722794,1.5895
P09,01,segment_0152,free_movement,6.0,0.0,0.5254810063037377,1.0625
P09,01,segment_0154,free_movement,0.75,-10.0,0.49749723519289013,0.997
P09,01,segment_0156,free_movement,2.0,235.0,0.3259555904325223,1.393
P09,01,segment_0157,carrying,2.0,-50.0,0.3231906784184183,1.1275
P09,01,segment_0158,free_movement,3.0,-50.0,0.32348807485492187,1.122
P09,01,segment_0161,carrying,1.0,295.0,0.5505100083361668,1.1355
P09,01,segment_0164,free_movement,6.0,0.0,0.47196965481053504,2.368
P09,01,segment_0166,free_movement,4.25,5.0,0.5748785443109051,1.6665
P09,01,segment_0168,free_movement,1.0,205.0,0.30159366739166615,2.7825
P09,01,segment_0170,free_movement,2.0,115.0,0.3985131945439097,1.067
P09,01,segment_0171,carrying,2.0,-50.0,0.44186835605655633,1.0525
P09,01,segment_0172,free_movement,3.0,-10.0,0.5131216310383604,1.3175
P09,01,segment_0176,free_movement,0.75,215.0,0.5661247116686162,1.2155
P09,01,segment_0177,carrying,0.75,-50.0,0.3028152274426848,1.3785
P09,01,segment_0178,free_movement,6.0,95.0,0.4587809863108558,1.8145
P09,01,segment_0180,free_movement,4.25,270.0,0.4271262077525543,2.089
P09,01,segment_0184,free_movement,0.75,-5.0,0.42880839376437785,1.356
P09,01,segment_0188,free_movement,6.0,25.0,0.5887799579235425,1.6645
P09,01,segment_0189,carrying,6.0,125.0,0.41771752527580647,1.2475
P09,01,segment_0190,free_movement,1.0,-45.0,0.5723110508748624,1.1815
P09,01,segment_0194,free_movement,2.25,40.0,0.52825560006131,2.0965
P09,01,segment_0196,free_movement,2.25,5.0,0.4733179384401291,1.1485
P09,01,segment_0198,free_movement,6.0,10.0,0.45162377550608374,1.545
P09,01,segment_0199,carrying,6.0,-30.0,0.32076055637634143,1.342
P09,01,segment_0200,free_movement,0.75,-10.0,0.5983306962848298,1.1635
P09,01,segment_0203,carrying,2.0,230.0,0.31013923522304543,0.911
P09,01,segment_0204,free_movement,1.0,135.0,0.48561468028339666,1.2765
P09,01,segment_0205,carrying,1.0,-50.0,0.3065426299372349,1.5595
P09,01,segment_0206,free_movement,3.0,325.0,0.5246080525509177,1.064
P09,01,segment_0210,free_movement,2.0,170.0,0.4229526554718163,1.317
P09,01,segment_0212,free_movement,6.0,75.0,0.3324730375440905,1.801
P09,01,segment_0216,free_movement,0.75,285.0,0.37922463145731355,1.392
P09,01,segment_0217,carrying,0.75,-50.0,0.33465321292948835,1.1285
P09,01,segment_0218,free_movement,3.0,5.0,0.6795656424986919,1.202
P09,01,segment_0220,free_movement,4.25,30.0,0.4221703099525072,1.605
P09,01,segment_0222,free_movement,2.25,15.0,0.4042924444188902,2.3965
P09,01,segment_0224,free_movement,0.75,145.0,0.4498257331067708,1.3305
P09,01,segment_0225,carrying,0.75,-35.0,0.34058328901254614,1.284
P09,01,segment_0226,free_movement,2.25,160.0,0.3747214390676331,1.809
P09,01,segment_0228,free_movement,3.0,-5.0,0.6384891936863002,1.4475
P09,01,segment_0230,free_movement,6.0,-10.0,0.6044789139814017,1.2825
P09,01,segment_0232,free_movement,4.25,20.0,0.4173703388814468,1.742
P09,01,segment_0234,free_movement,2.0,-50.0,0.3781545681651602,1.57
P09,01,segment_0240,free_movement,6.0,-10.0,0.5959579683841644,1.179
P09,01,segment_0242,free_movement,2.0,320.0,0.5031099454751006,1.4365
P09,01,segment_0245,carrying,0.75,-30.0,0.4575198688002547,0.8105
P09,01,segment_0246,free_movement,3.0,5.0,0.39193620059258955,1.8565
P09,01,segment_0247,carrying,3.0,-50.0,0.3627659076978769,1.568
P09,01,segment_0248,free_movement,1.0,155.0,0.38902792374626904,1.2335
P09,01,segment_0250,free_movement,4.25,0.0,0.6232740171490174,1.7365
P09,01,segment_0252,free_movement,6.0,-10.0,0.542449070303138,1.29
P09,01,segment_0254,free_movement,4.25,10.0,0.6168456312668916,1.996
P09,01,segment_0256,free_movement,2.0,0.0,0.4652717011875378,1.5015
P09,01,segment_0257,carrying,2.0,35.0,0.3981211508440948,1.117
P09,01,segment_0258,free_movement,0.75,-35.0,0.31811843418584784,1.2465
P09,01,segment_0260,free_movement,3.0,-50.0,0.38645161488763186,1.0405
P09,01,segment_0264,free_movement,1.0,95.0,0.439815259828759,1.155
P09,01,segment_0268,free_movement,1.0,55.0,0.40142206402440705,1.243
P09,01,segment_0270,free_movement,3.0,325.0,0.3420171832344153,1.271
P09,01,segment_0271,carrying,3.0,350.0,0.3198551928695889,1.4895
P09,01,segment_0272,free_movement,6.0,0.0,0.4952789862981173,1.6145
P09,01,segment_0274,free_movement,0.75,60.0,0.7393338633205091,1.122
P09,01,segment_0275,carrying,0.75,310.0,0.3930825109840101,0.8265
P09,01,segment_0276,free_movement,4.25,5.0,0.4185161852733365,1.5455
P09,01,segment_0278,free_movement,2.0,305.0,0.4526163116548408,1.506
P09,01,segment_0279,carrying,2.0,345.0,0.3117413120535864,0.867
P09,01,segment_0280,free_movement,6.0,0.0,0.6795775587497167,2.122
P09,01,segment_0286,free_movement,4.25,50.0,0.4996714399672932,1.3595
P09,01,segment_0288,free_movement,2.25,-50.0,0.346064796813534,1.693
P09,01,segment_0290,free_movement,0.75,130.0,0.646749153909575,1.382
P09,01,segment_0293,carrying,2.0,-50.0,0.4173409488496428,1.021
P09,01,segment_0294,free_movement,2.0,10.0,0.6205054218368388,0.9255
P09,01,segment_0296,free_movement,2.25,-35.0,0.4327389269557963,1.8185
P09,01,segment_0298,free_movement,4.25,0.0,0.4958235069111499,1.827
P09,01,segment_0300,free_movement,3.0,5.0,0.425079700813187,1.339
P09,01,segment_0301,carrying,3.0,-50.0,0.41729629889789127,1.793
P09,01,segment_0302,free_movement,6.0,240.0,0.4097280619741535,1.266
P09,01,segment_0304,free_movement,0.75,90.0,0.4249472217350376,1.407
P09,01,segment_0306,free_movement,1.0,10.0,0.4258686589273217,1.4805
P09,01,segment_0310,free_movement,1.0,175.0,0.49487814622103105,1.6895
P09,01,segment_0314,free_movement,2.0,5.0,0.5461852361898525,1.4035
P09,01,segment_0316,free_movement,3.0,5.0,0.47687130263413013,1.5665
P09,01,segment_0318,free_movement,6.0,0.0,0.41399969892825017,1.3675
P09,01,segment_0322,free_movement,2.0,220.0,0.41105528641731137,1.232
P09,01,segment_0323,carrying,2.0,-50.0,0.3405006297043683,1.392
P09,01,segment_0324,free_movement,2.25,345.0,0.3062263223140864,1.4115
P09,01,segment_0326,free_movement,0.75,30.0,0.4199481159485951,1.0515
P09,01,segment_0330,free_movement,6.0,5.0,0.6491117993361712,1.8055
P09,01,segment_0332,free_movement,3.0,-10.0,0.5521780275573565,1.468
P09,01,segment_0334,free_movement,4.25,5.0,0.5246425113516312,1.6985
P09,01,segment_0336,free_movement,4.25,50.0,0.43452390841912686,1.7265
P09,01,segment_0338,free_movement,2.25,350.0,0.4619420002542188,1.725
P09,01,segment_0340,free_movement,0.75,0.0,0.3221698220037138,1.9185
P09,01,segment_0341,carrying,0.75,350.0,0.5747029144360444,1.329
P09,01,segment_0342,free_movement,1.0,160.0,0.41743927162498995,0.976
P09,01,segment_0344,free_movement,3.0,-50.0,0.5712957712129145,1.494
P09,01,segment_0350,free_movement,4.25,5.0,0.7700155485400239,1.5565
P09,01,segment_0352,free_movement,1.0,185.0,0.4886086910729622,1.462
P09,01,segment_0354,free_movement,0.75,5.0,0.5262122275138716,1.2605
P09,01,segment_0356,free_movement,2.0,350.0,0.49587051778762314,1.2595
P09,01,segment_0358,free_movement,6.0,55.0,0.44585174098262326,1.7435
P09,01,segment_0360,free_movement,3.0,5.0,0.6377021293244058,1.7125
P09,01,segment_0362,free_movement,2.25,15.0,0.5855548307212881,1.581
P09,01,segment_0364,free_movement,1.0,300.0,0.4503974680277747,2.124
P09,01,segment_0366,free_movement,3.0,0.0,0.38688546011006836,1.1455
P09,01,segment_0367,carrying,3.0,-50.0,0.3153103173254502,1.347
P09,01,segment_0368,free_movement,0.75,155.0,0.44109177615578465,1.253
P09,01,segment_0370,free_movement,4.25,50.0,0.45432914565466187,1.8
P09,01,segment_0372,free_movement,2.25,350.0,0.3425603749133396,1.674
P09,01,segment_0374,free_movement,6.0,0.0,0.7407944019744693,1.6445
P09,01,segment_0378,free_movement,3.0,-50.0,0.37594572480922556,1.2515
P09,01,segment_0380,free_movement,4.25,-10.0,0.519040246916539,1.8085
P09,01,segment_0382,free_movement,2.0,10.0,0.4476081047150054,1.6765
P09,01,segment_0386,free_movement,1.0,20.0,0.5405543415571176,1.4195
P09,01,segment_0388,free_movement,6.0,10.0,0.5300254563257258,1.8425
P09,01,segment_0390,free_movement,0.75,165.0,0.3596117820658711,1.4235
P09,01,segment_0391,carrying,0.75,-50.0,0.41466927677073095,1.6805
P09,01,segment_0392,free_movement,2.25,255.0,0.43030022446659344,1.3515
P09,01,segment_0394,free_movement,4.25,10.0,0.7310035619807321,1.841
P09,01,segment_0395,carrying,4.25,265.0,0.6321848335184883,1.4605
P09,01,segment_0396,free_movement,3.0,-50.0,0.3725215430051323,1.297
P09,01,segment_0398,free_movement,2.0,45.0,0.556290271491778,1.58
P09,01,segment_0400,free_movement,6.0,-10.0,0.7757717707106765,1.7425
P09,01,segment_0402,free_movement,1.0,300.0,0.3642044527858977,1.3825
P09,01,segment_0403,carrying,1.0,-50.0,0.5654561898793095,1.152
P09,01,segment_0404,free_movement,0.75,45.0,0.5955904864320413,1.2995
P09,01,segment_0406,free_movement,2.0,0.0,0.6504703538635489,1.371
P09,01,segment_0407,carrying,2.0,-50.0,0.3159772623107041,1.065
P09,01,segment_0408,free_movement,6.0,10.0,0.44554432166703717,1.3565
P09,01,segment_0410,free_movement,1.0,-25.0,0.4643955037218933,1.2605
P09,01,segment_0411,carrying,1.0,-50.0,0.39235073684906185,1.3565
P09,01,segment_0412,free_movement,3.0,125.0,0.4002968772198752,1.2835
P09,01,segment_0415,carrying,4.25,-10.0,0.345095815531997,1.9355
P09,01,segment_0416,free_movement,0.75,-50.0,0.5556025672667236,1.211
P09,01,segment_0417,carrying,0.75,340.0,0.3280185582668475,1.1655
P09,01,segment_0418,free_movement,2.25,350.0,0.32840805718734856,1.664
P09,01,segment_0420,free_movement,1.0,0.0,0.6634514483565236,1.3905
P09,01,segment_0421,carrying,1.0,335.0,0.3725287027838239,1.0675
P09,01,segment_0422,free_movement,6.0,10.0,0.5007075743120841,1.2095
P09,01,segment_0424,free_movement,2.0,-40.0,0.4048593440600814,1.142
P09,01,segment_0425,carrying,2.0,75.0,0.3401075467120626,0.9245
P09,01,segment_0428,free_movement,0.75,135.0,0.3936108292071289,0.9865
P09,01,segment_0429,carrying,0.75,-45.0,0.49012447334990644,1.518
P09,01,segment_0430,free_movement,3.0,0.0,0.4106023407495531,1.507
P09,01,segment_0431,carrying,3.0,-50.0,0.30229418949315906,0.893
P09,01,segment_0432,free_movement,4.25,0.0,0.6462707306765525,1.7835
P09,01,segment_0434,free_movement,2.0,-10.0,0.5477396883096683,1.391
P09,01,segment_0436,free_movement,1.0,340.0,0.5593572189576667,1.209
P09,01,segment_0438,free_movement,2.25,205.0,0.4529923973269638,2.5535
P09,01,segment_0440,free_movement,0.75,0.0,0.5571580707764645,1.1065
P09,01,segment_0441,carrying,0.75,350.0,0.3580616902511158,0.9465
P09,01,segment_0442,free_movement,6.0,35.0,0.4202201364266873,1.639
P09,01,segment_0444,free_movement,4.25,0.0,0.6335853448196053,1.9945
P09,01,segment_0446,free_movement,3.0,40.0,0.6599975633280413,1.558
P09,01,segment_0448,free_movement,4.25,65.0,0.39240864586048935,1.765
P09,01,segment_0450,free_movement,2.0,-10.0,0.5083463609556782,1.322
P09,01,segment_0451,carrying,2.0,220.0,0.4154650044312538,1.0995
P09,01,segment_0452,free_movement,3.0,5.0,0.7025969360672649,1.6275
P09,01,segment_0453,carrying,3.0,-50.0,0.586725295738949,1.09
P09,01,segment_0454,free_movement,0.75,60.0,0.43348423657714624,1.405
P09,01,segment_0456,free_movement,1.0,0.0,0.6929967473435189,1.533
P09,01,segment_0458,free_movement,2.25,285.0,0.36736280000045535,1.71
P09,01,segment_0460,free_movement,6.0,95.0,0.4967685622199299,1.4425
P09,01,segment_0462,free_movement,3.0,5.0,0.7940108679555944,1.258
P09,01,segment_0466,free_movement,6.0,10.0,0.46537295016621444,1.3
P09,01,segment_0467,carrying,6.0,255.0,0.5712623704259873,0.722
P09,01,segment_0468,free_movement,2.0,-15.0,0.5006634517884714,1.3065
P09,01,segment_0470,free_movement,0.75,50.0,0.39482329886075707,1.3955
P09,01,segment_0474,free_movement,4.25,45.0,0.47667801876868515,1.4255
P09,01,segment_0476,free_movement,4.25,245.0,0.37071508808515596,1.865
P09,01,segment_0482,free_movement,0.75,110.0,0.6437485291020806,1.226
P09,01,segment_0484,free_movement,1.0,300.0,0.3772098337704024,1.568
P09,01,segment_0486,free_movement,3.0,60.0,0.4957725806910104,1.15
P09,01,segment_0488,free_movement,6.0,65.0,0.5291317605324132,1.3605
P09,01,segment_0489,carrying,6.0,270.0,0.4946170033962225,0.752
P09,01,segment_0490,free_movement,6.0,25.0,0.6316783867001627,1.549
P09,01,segment_0491,carrying,6.0,-50.0,0.350288159776978,1.4575
P09,01,segment_0492,free_movement,3.0,0.0,0.4584191851526147,1.7545
P09,01,segment_0494,free_movement,2.0,130.0,0.39867013130919843,1.117
P09,01,segment_0499,free_movement,2.0,110.0,0.4338524616052845,3.6125
P09,01,segment_0501,free_movement,2.25,255.0,0.33025445543859305,1.3535
P09,01,segment_0503,free_movement,1.0,240.0,0.46204413617314133,1.63
P09,01,segment_0504,carrying,1.0,-50.0,0.33327654048808725,1.6865
P09,01,segment_0505,free_movement,4.25,0.0,0.49722875649456033,1.4215
P09,01,segment_0506,carrying,4.25,350.0,0.35408346038566085,1.424
P09,01,segment_0507,free_movement,6.0,5.0,0.5806866156257767,1.528
P09,01,segment_0509,free_movement,3.0,255.0,0.5112993079681234,1.426
P09,01,segment_0513,free_movement,0.75,10.0,0.37546522570216595,1.112
P09,01,segment_0514,carrying,0.75,-50.0,0.38895190188989576,1.1525
P09,01,segment_0515,free_movement,3.0,185.0,0.5505711958699785,1.1675
P09,01,segment_0516,carrying,3.0,-50.0,0.42388146227960855,0.9125
P09,01,segment_0517,free_movement,6.0,15.0,0.5436381845598609,1.2955
P09,01,segment_0519,free_movement,1.0,-15.0,0.4567511373443509,1.8265
P09,01,segment_0521,free_movement,4.25,60.0,0.47713509204807675,1.7255
P09,01,segment_0523,free_movement,2.0,10.0,0.7507538761995712,1.5605
P09,01,segment_0524,carrying,2.0,235.0,0.46771646460750105,0.9275
P09,01,segment_0525,free_movement,2.25,-5.0,0.7132759716622319,2.7605
P09,01,segment_0527,free_movement,4.25,350.0,0.4586795453694511,1.328
P09,01,segment_0529,free_movement,6.0,10.0,0.6240888451564152,1.543
P09,01,segment_0530,carrying,6.0,-15.0,0.3011313837246059,1.2535
P09,01,segment_0531,free_movement,2.25,-10.0,0.4392682137995626,2.812
P09,01,segment_0532,carrying,2.25,70.0,0.33304047435179523,2.9645
P09,01,segment_0533,free_movement,2.0,100.0,0.5293947164066488,1.032
P09,01,segment_0534,carrying,2.0,-50.0,0.344187432221983,1.4525
P09,01,segment_0535,free_movement,1.0,215.0,0.6529207430264954,1.212
P09,01,segment_0537,free_movement,0.75,65.0,0.549620874789149,0.913
P09,01,segment_0538,carrying,0.75,-50.0,0.32005651397581153,0.7575
P09,01,segment_0539,free_movement,3.0,110.0,0.33435081275624545,1.3415
P09,01,segment_0540,carrying,3.0,-50.0,0.40298602853562143,1.2575
P09,01,segment_0541,free_movement,2.0,5.0,0.622971848244495,1.1055
P09,01,segment_0542,carrying,2.0,-45.0,0.3606856584628191,0.709
P09,01,segment_0543,free_movement,3.0,20.0,0.4655297823721341,1.0905
P09,01,segment_0545,free_movement,0.75,0.0,0.6646459191023838,1.5275
P09,01,segment_0547,free_movement,2.25,-15.0,0.4411662982275361,1.5835
P09,01,segment_0550,carrying,1.0,-50.0,0.3268551107417063,1.1005
P09,01,segment_0552,carrying,6.0,10.0,0.45404447024365047,1.218
P09,01,segment_0553,free_movement,4.25,10.0,0.8119240745566902,1.5115
P09,01,segment_0554,carrying,4.25,305.0,0.4482097257014422,1.422
P09,01,segment_0555,free_movement,6.0,-10.0,0.3033323195111111,1.371
P09,01,segment_0556,carrying,6.0,285.0,0.3810420000150149,0.8765
P09,01,segment_0557,free_movement,0.75,30.0,0.6421716484283151,1.0975
P09,01,segment_0558,carrying,0.75,-50.0,0.3720283324481413,0.805
P09,01,segment_0559,free_movement,4.25,10.0,0.44271174007024994,1.4235
P09,01,segment_0563,free_movement,2.25,180.0,0.31686136558524647,1.822
P09,01,segment_0565,free_movement,3.0,0.0,0.6429086089158066,1.2185
P09,01,segment_0569,free_movement,2.0,30.0,0.43208737943918196,0.836
P09,01,segment_0571,free_movement,0.75,95.0,0.5287564104286917,1.1505
P09,01,segment_0575,free_movement,2.25,55.0,0.4086028607749278,1.3265
P09,01,segment_0577,free_movement,4.25,65.0,0.42336774474977584,1.4605
P09,01,segment_0579,free_movement,3.0,0.0,0.733300115118632,1.6305
P09,01,segment_0581,free_movement,1.0,145.0,0.4561218249124335,1.4135
P09,01,segment_0583,free_movement,1.0,280.0,0.33666331576739894,1.14
P09,01,segment_0584,carrying,1.0,-20.0,0.3145907148449267,1.2465
P09,01,segment_0585,free_movement,4.25,115.0,0.502055594415242,1.6625
P09,01,segment_0586,carrying,4.25,335.0,0.3674645852093109,1.3755
P09,01,segment_0587,free_movement,3.0,0.0,0.46940538838202184,1.3805
P09,01,segment_0589,free_movement,0.75,350.0,0.5670089976071625,1.357
P09,01,segment_0590,carrying,0.75,-50.0,0.41561645122632046,2.4775
P09,01,segment_0591,free_movement,2.25,30.0,0.4450173917235376,1.9765
P09,01,segment_0593,free_movement,2.0,0.0,0.7199322320383477,1.5915
P09,01,segment_0595,free_movement,6.0,5.0,0.5056390335700482,1.273
P09,01,segment_0597,free_movement,3.0,10.0,0.5375494715343828,1.58
P09,01,segment_0598,carrying,3.0,225.0,0.4634211934295552,1.099
P09,01,segment_0599,free_movement,4.25,-5.0,0.4352505978751667,1.9435
P09,01,segment_0600,carrying,4.25,-50.0,0.30813699583624204,1.5465
P09,01,segment_0601,free_movement,6.0,15.0,0.5689639692792292,1.499
P09,01,segment_0603,free_movement,2.0,15.0,0.44770074625919415,1.194
P09,01,segment_0605,free_movement,2.25,5.0,0.34821122838672236,1.279
P09,01,segment_0607,free_movement,1.0,5.0,0.47073004197334894,1.0795
P09,01,segment_0608,carrying,1.0,290.0,0.3524336718831521,1.068
P09,01,segment_0609,free_movement,0.75,-50.0,0.5061608527141729,0.9745
P09,01,segment_0611,free_movement,2.0,315.0,0.4271264717001285,1.697
P09,01,segment_0612,carrying,2.0,-50.0,0.4322537376306248,1.069
P09,01,segment_0613,free_movement,6.0,35.0,0.505015173728492,1.708
P09,01,segment_0615,free_movement,1.0,30.0,0.5082139320112222,1.499
P09,01,segment_0618,carrying,0.75,-50.0,0.4377134415410685,1.0805
P09,01,segment_0619,free_movement,4.25,-5.0,0.5491156573551327,1.4715
P09,01,segment_0621,free_movement,2.25,0.0,0.6851182538842672,1.3785
P09,01,segment_0623,free_movement,3.0,135.0,0.48232282408210303,1.232
P09,01,segment_0625,free_movement,0.75,350.0,0.372583114666687,1.459
P09,01,segment_0627,free_movement,4.25,30.0,0.6055486289913549,1.61
P09,01,segment_0628,carrying,4.25,-10.0,0.3400605287850855,2.5905
P09,01,segment_0629,free_movement,1.0,310.0,0.41453383176122394,1.2975
P09,01,segment_0630,carrying,1.0,165.0,0.31276291387895244,1.0615
P09,01,segment_0632,carrying,2.0,-40.0,0.6053551596963985,0.7375
P09,01,segment_0633,free_movement,2.25,215.0,0.38184343133442566,1.5445
P09,01,segment_0635,free_movement,3.0,-10.0,0.6619158236951088,1.061
P09,01,segment_0636,carrying,3.0,315.0,0.3806324465762244,0.8435
P09,01,segment_0637,free_movement,6.0,5.0,0.6898159074641533,1.3265
P09,01,segment_0639,free_movement,0.75,-5.0,0.5308603793043951,1.2135
P09,01,segment_0640,carrying,0.75,-40.0,0.41802591393809607,0.714
P09,01,segment_0641,free_movement,4.25,260.0,0.7811248118815999,1.463
P09,01,segment_0643,free_movement,3.0,75.0,0.6685912156063191,1.258
P09,01,segment_0645,free_movement,2.0,-10.0,0.43983327769718716,1.153
P09,01,segment_0647,free_movement,1.0,155.0,0.45210840818528286,1.201
P09,01,segment_0649,free_movement,2.25,255.0,0.4554763990496543,1.826
P09,01,segment_0651,free_movement,6.0,60.0,0.5818556477045602,1.316
P09,01,segment_0653,free_movement,1.0,0.0,0.6881598330951164,1.572
P09,01,segment_0655,free_movement,2.0,180.0,0.6405337480890061,1.082
P09,01,segment_0657,free_movement,2.25,250.0,0.3948632457914969,1.425
P09,01,segment_0659,free_movement,4.25,340.0,0.3563615621792916,1.62
P09,01,segment_0660,carrying,4.25,155.0,0.355554943051955,1.245
P09,01,segment_0661,free_movement,3.0,0.0,0.3761071111936873,1.208
P09,01,segment_0663,free_movement,0.75,-10.0,0.3656281172885549,1.1865
P09,01,segment_0664,carrying,0.75,300.0,0.31226588074899747,0.927
P09,01,segment_0665,free_movement,6.0,10.0,0.4681275115767565,1.6085
P09,01,segment_0669,free_movement,0.75,0.0,0.6517936294179553,1.0035
P09,01,segment_0675,free_movement,6.0,15.0,0.531839390583574,1.906
P09,01,segment_0676,carrying,6.0,205.0,0.3968504882681651,0.9215
P09,01,segment_0677,free_movement,4.25,30.0,0.4929795841894189,2.346
P09,01,segment_0679,free_movement,3.0,0.0,0.5872293491813978,1.2525
P09,01,segment_0681,free_movement,1.0,250.0,0.3258792788843687,1.0345
P09,01,segment_0683,free_movement,2.0,225.0,0.5116962261166474,1.543
P09,01,segment_0685,free_movement,2.25,280.0,0.30086577836775646,1.4905
P09,01,segment_0687,free_movement,3.0,5.0,0.6944432077545096,0.9465
P09,01,segment_0689,free_movement,4.25,5.0,0.5120139738496028,1.4155
P09,01,segment_0691,free_movement,0.75,5.0,0.7138420539183701,1.2145
P09,01,segment_0693,free_movement,6.0,100.0,0.6290719577497744,1.5795
P09,01,segment_0695,free_movement,4.25,60.0,0.4550534471801632,1.7395
P09,01,segment_0697,free_movement,1.0,10.0,0.544552847354203,1.204
P09,01,segment_0699,free_movement,6.0,5.0,0.486630664056568,1.414
P09,01,segment_0701,free_movement,3.0,5.0,0.6797956280176198,1.096
P09,01,segment_0703,free_movement,0.75,65.0,0.45106257708714975,1.2375
P09,01,segment_0704,carrying,0.75,-50.0,0.4682929098028059,0.702
P09,01,segment_0705,free_movement,2.0,350.0,0.43008520378460635,1.0745
P09,01,segment_0707,free_movement,2.25,155.0,0.4392019046391843,1.46
P09,01,segment_0709,free_movement,6.0,5.0,0.45549323044799356,1.6185
P09,01,segment_0711,free_movement,1.0,-40.0,0.6655990369076472,1.3575
P09,01,segment_0713,free_movement,2.0,95.0,0.6710262016670704,1.0185
P09,01,segment_0715,free_movement,2.25,165.0,0.53843996508184,1.631
P09,01,segment_0717,free_movement,3.0,0.0,0.6557065396002986,1.322
P09,01,segment_0718,carrying,3.0,-30.0,0.3105641336798687,0.9655
P09,01,segment_0719,free_movement,0.75,195.0,0.3965429870846523,1.103
P09,01,segment_0721,free_movement,4.25,5.0,0.5427819518597149,1.384
P09,01,segment_0722,carrying,4.25,85.0,0.35096869658484803,0.768
P09,01,segment_0723,free_movement,2.0,0.0,0.39929093832543816,1.0955
P09,01,segment_0724,carrying,2.0,270.0,0.48251713378380656,1.026
P09,01,segment_0725,free_movement,6.0,0.0,0.4128692199050032,1.442
P09,01,segment_0729,free_movement,3.0,30.0,0.5258957327152733,1.338
P09,01,segment_0731,free_movement,2.25,20.0,0.3157479062318596,2.536
P09,01,segment_0733,free_movement,4.25,40.0,0.3498559327354616,1.8015
P09,01,segment_0734,carrying,4.25,-40.0,0.3338604008984116,1.876
P09,01,segment_0735,free_movement,1.0,0.0,0.5217182165248201,1.3455
P09,01,segment_0737,free_movement,2.25,315.0,0.5894975837176101,1.269
P09,01,segment_0739,free_movement,1.0,-10.0,0.5647342186399291,1.0505
P09,01,segment_0740,carrying,1.0,-50.0,0.3410618778494755,1.064
P09,01,segment_0741,free_movement,4.25,65.0,0.5092182091790239,1.474
P09,01,segment_0743,free_movement,0.75,-10.0,0.5356317674599017,1.2165
P09,01,segment_0745,free_movement,3.0,190.0,0.5020895383464721,1.237
P09,01,segment_0747,free_movement,2.0,345.0,0.6424115699968204,1.245
P09,01,segment_0749,free_movement,6.0,40.0,0.3318890137842793,1.403
P09,01,segment_0755,free_movement,2.0,5.0,0.34184664385405916,1.1065
P09,01,segment_0757,free_movement,4.25,15.0,0.44497971622323523,1.3555
P09,01,segment_0759,free_movement,0.75,140.0,0.502361243176131,1.2105
P09,01,segment_0760,carrying,0.75,-40.0,0.385467967492737,0.8295
P09,01,segment_0761,free_movement,6.0,20.0,0.5673025551504288,1.2985
P09,01,segment_0763,free_movement,2.25,-10.0,0.4081576355984888,1.451
P09,01,segment_0765,free_movement,3.0,105.0,0.6080725143502453,1.1805
P09,01,segment_0767,free_movement,2.0,5.0,0.45104311789814483,1.192
P09,01,segment_0768,carrying,2.0,-45.0,0.4867434008252697,1.1295
P09,01,segment_0769,free_movement,2.25,270.0,0.5041759574394318,1.497
P09,01,segment_0771,free_movement,4.25,0.0,0.6671933467682221,1.4385
P09,01,segment_0773,free_movement,0.75,0.0,0.6331066031904601,1.2475
P09,01,segment_0775,free_movement,1.0,100.0,0.3248130721758861,1.395
P09,01,segment_0776,carrying,1.0,-50.0,0.4873589407099394,1.093
P09,01,segment_0777,free_movement,6.0,165.0,0.3943626661189069,1.6745
P09,01,segment_0781,free_movement,3.0,290.0,0.42448223327341,1.274
P09,01,segment_0783,free_movement,0.75,145.0,0.5198702374671984,1.1725
P09,01,segment_0784,carrying,0.75,-40.0,0.3324566729540359,1.116
P09,01,segment_0785,free_movement,4.25,70.0,0.5259028823311194,1.777
P09,01,segment_0787,free_movement,6.0,10.0,0.5815264497674719,1.188
P09,01,segment_0789,free_movement,1.0,80.0,0.35668143124588864,1.2965
P09,01,segment_0792,carrying,2.0,345.0,0.3107003236850012,0.81
P09,01,segment_0793,free_movement,2.25,100.0,0.42617566811205,1.923
P09,01,segment_0795,free_movement,6.0,10.0,0.44210889676685616,1.488
P09,01,segment_0797,free_movement,2.0,5.0,0.4693359446607047,1.037
P09,01,segment_0798,carrying,2.0,-30.0,0.48171970349455123,0.903
P09,01,segment_0799,free_movement,1.0,275.0,0.532974248246517,1.274
P09,01,segment_0801,free_movement,0.75,105.0,0.37494938699943353,1.4585
P09,01,segment_0802,carrying,0.75,-15.0,0.30929445420838314,1.121
P09,01,segment_0803,free_movement,4.25,75.0,0.4340972685035444,1.596
P09,01,segment_0805,free_movement,3.0,0.0,0.7071159432446926,1.0315
P09,01,segment_0806,carrying,3.0,255.0,0.3565294951037691,0.9555
P09,01,segment_0807,free_movement,6.0,20.0,0.4182552865484057,1.3645
P09,01,segment_0809,free_movement,2.25,-45.0,0.3691982799980787,1.4475
P09,01,segment_0811,free_movement,4.25,295.0,0.32269901046235805,1.4635
P09,01,segment_0813,free_movement,0.75,0.0,0.6747716598037475,1.2855
P09,01,segment_0815,free_movement,2.0,250.0,0.34524662630022585,1.33
P09,01,segment_0817,free_movement,3.0,0.0,0.39788942782594444,1.3565
P09,01,segment_0821,free_movement,3.0,30.0,0.5819970510412894,1.368
P09,01,segment_0823,free_movement,2.0,0.0,0.7274341786924099,1.68
P09,01,segment_0825,free_movement,0.75,65.0,0.3773884344621345,1.253
P09,01,segment_0827,free_movement,6.0,30.0,0.4619967586025485,1.6165
P09,01,segment_0833,free_movement,4.25,30.0,0.4526444209780579,1.296
P09,01,segment_0835,free_movement,2.0,35.0,0.5327247541888462,1.3475
P09,01,segment_0838,carrying,3.0,330.0,0.41109825550031015,1.184
P09,01,segment_0841,free_movement,6.0,10.0,0.4888350709879965,1.511
P09,01,segment_0843,free_movement,1.0,-10.0,0.33932429040587225,1.176
P09,01,segment_0845,free_movement,4.25,350.0,0.37369251048592134,1.811
P09,01,segment_0849,free_movement,3.0,305.0,0.5086105654104471,1.375
P09,01,segment_0851,free_movement,2.0,0.0,0.3741902449648035,1.0565
P09,01,segment_0852,carrying,2.0,210.0,0.33676464801655925,1.148
P09,01,segment_0855,free_movement,4.25,0.0,0.5315928523580383,2.3235
P09,01,segment_0856,carrying,4.25,350.0,0.32105557245561883,1.2725
P09,01,segment_0857,free_movement,1.0,-5.0,0.5625021971356274,1.131
P09,01,segment_0859,free_movement,6.0,10.0,0.5436016760547921,1.4025
P09,01,segment_0861,free_movement,0.75,0.0,0.7933993218626803,1.3475
P09,01,segment_0862,carrying,0.75,340.0,0.3421960095429046,0.8585
P09,01,segment_0863,free_movement,0.75,-30.0,0.563209369780561,0.7825
P09,01,segment_0865,free_movement,2.0,0.0,0.49881855390174473,1.384
P09,01,segment_0866,carrying,2.0,-50.0,0.3439009248044232,1.019
P09,01,segment_0867,free_movement,4.25,0.0,0.4208297050304187,1.3855
P09,01,segment_0869,free_movement,3.0,-35.0,0.3407419462250986,1.365
P09,01,segment_0871,free_movement,1.0,0.0,0.30627856433091427,1.012
P09,01,segment_0873,free_movement,6.0,10.0,0.5487709206438941,1.3775
P09,01,segment_0875,free_movement,2.25,350.0,0.3141771177683126,1.757
P09,01,segment_0877,free_movement,3.0,295.0,0.5246726632978035,1.3265
P09,01,segment_0878,carrying,3.0,350.0,0.32531085762774964,0.972
P09,01,segment_0880,carrying,0.75,350.0,0.31853336853223585,1.236
P09,01,segment_0881,free_movement,6.0,20.0,0.5642181799096099,1.83
P09,01,segment_0883,free_movement,2.0,180.0,0.5507758122032208,1.2065
P09,01,segment_0884,carrying,2.0,-50.0,0.39852187728032384,0.815
P09,01,segment_0885,free_movement,4.25,300.0,0.30075185695985013,2.0185
P09,01,segment_0887,free_movement,2.25,-5.0,0.3105567841838786,1.5675
P09,01,segment_0889,free_movement,1.0,225.0,0.4629859307980288,1.3375
P09,01,segment_0890,carrying,1.0,-45.0,0.390217339326653,0.9185
P09,01,segment_0891,free_movement,0.75,350.0,0.30993924668829614,1.0755
P09,01,segment_0893,free_movement,2.25,350.0,0.4078117499489052,1.364
P09,01,segment_0895,free_movement,6.0,75.0,0.3602656738368206,1.7465
P09,01,segment_0897,free_movement,2.0,185.0,0.35743469433410363,1.036
P09,01,segment_0899,free_movement,3.0,10.0,0.633885865335803,1.56
P09,01,segment_0901,free_movement,4.25,10.0,0.5810297748655912,1.7185
P09,01,segment_0903,free_movement,1.0,85.0,0.6162744594526595,1.002
P09,01,segment_0909,free_movement,4.25,5.0,0.5136763540810216,1.8325
P09,01,segment_0911,free_movement,6.0,0.0,0.5899092330829298,2.4985
P09,01,segment_0913,free_movement,2.25,-10.0,0.5433921201373277,1.397
P09,01,segment_0915,free_movement,2.0,35.0,0.43936548474635584,1.571
P09,01,segment_0917,free_movement,1.0,285.0,0.46142637682792587,1.1635
P09,01,segment_0919,free_movement,6.0,5.0,0.5413713450036148,1.5095
P09,01,segment_0921,free_movement,4.25,25.0,0.4705244043531941,1.443
P09,01,segment_0923,free_movement,2.0,285.0,0.37055255075142035,1.1475
P09,01,segment_0925,free_movement,0.75,70.0,0.49646642467954555,1.187
P09,01,segment_0927,free_movement,2.25,125.0,0.33927351878551665,1.6885
P09,01,segment_0929,free_movement,1.0,220.0,0.4422179363486627,1.2535
P09,01,segment_0931,free_movement,3.0,-40.0,0.3645256687487958,1.3175
P09,01,segment_0932,carrying,3.0,205.0,0.42129292060953966,0.834
P09,01,segment_0933,free_movement,2.25,-50.0,0.39326168768006287,1.2685
P09,01,segment_0937,free_movement,4.25,35.0,0.43731025532288154,1.6555
P09,01,segment_0939,free_movement,6.0,15.0,0.6089540620952846,1.3495
P09,01,segment_0941,free_movement,0.75,50.0,0.5465745914167307,1.0875
P09,01,segment_0942,carrying,0.75,-50.0,0.40393089148899713,0.931
P09,01,segment_0943,free_movement,2.0,80.0,0.3991494612379036,1.223
P09,01,segment_0946,carrying,3.0,-50.0,0.40117808804582217,1.752
P09,01,segment_0947,free_movement,1.0,180.0,0.4149938981697552,1.3495
P09,01,segment_0948,carrying,1.0,-50.0,0.48574424848936903,1.3265
P09,01,segment_0949,free_movement,2.0,10.0,0.5122303530618787,1.7665
P09,01,segment_0950,carrying,2.0,245.0,0.5561117313245263,0.8565
P09,01,segment_0953,free_movement,6.0,270.0,0.32945334288174216,1.7005
P09,01,segment_0955,free_movement,3.0,-20.0,0.4134228183933904,1.194
P09,01,segment_0956,carrying,3.0,300.0,0.41488918152913584,1.2655
P09,01,segment_0957,free_movement,0.75,-20.0,0.42008037571524387,1.05
P09,01,segment_0958,carrying,0.75,-15.0,0.32034334643368517,1.3785
P09,01,segment_0959,free_movement,4.25,40.0,0.5520293499874234,1.5
P09,01,segment_0962,carrying,1.0,-50.0,0.40977279065033356,0.8185
P09,01,segment_0963,free_movement,3.0,145.0,0.41526435472547746,1.6805
P09,01,segment_0965,free_movement,2.0,15.0,0.579974020769945,1.365
P09,01,segment_0966,carrying,2.0,-50.0,0.35428055140558273,0.723
P09,01,segment_0969,free_movement,2.25,195.0,0.5001246016976791,1.343
P09,01,segment_0971,free_movement,6.0,10.0,0.44616310635563206,1.5345
P09,01,segment_0973,free_movement,4.25,185.0,0.32481303882343054,1.662
P09,01,segment_0979,free_movement,4.25,10.0,0.4744633543014713,1.366
P09,01,segment_0981,free_movement,1.0,-10.0,0.42835250433966177,1.406
P09,01,segment_0983,free_movement,0.75,65.0,0.8167114870331219,0.931
P09,01,segment_0984,carrying,0.75,270.0,0.4462827095547587,0.734
P09,01,segment_0985,free_movement,6.0,265.0,0.5114313373446492,1.224
P09,01,segment_0987,free_movement,2.25,-5.0,0.4570516778329242,1.5375
P09,01,segment_0989,free_movement,2.25,115.0,0.6871992832018975,1.783
P09,01,segment_0991,free_movement,6.0,10.0,0.3636420744325673,1.985
P09,01,segment_0993,free_movement,1.0,-35.0,0.52279129755237,1.3385
P09,01,segment_0995,free_movement,3.0,90.0,0.4248450665634077,1.371
P09,01,segment_0997,free_movement,4.25,0.0,0.4453638145796266,1.7945
P10,01,segment_0000,free_movement,6.0,135.0,0.3483510460324748,37.474
P10,01,segment_0002,free_movement,2.0,-10.0,0.6139511157032171,5.0015
P10,01,segment_0004,free_movement,2.25,45.0,0.5482760352927559,4.1655
P10,01,segment_0006,free_movement,1.0,0.0,0.6567138067707384,2.3885
P10,01,segment_0008,free_movement,3.0,20.0,0.3497176066267839,1.519
P10,01,segment_0010,free_movement,0.75,25.0,0.36854188189377834,1.1895
P10,01,segment_0011,carrying,0.75,150.0,0.4193964278108231,3.0375
P10,01,segment_0012,free_movement,4.25,55.0,0.38714222668102033,3.263
P10,01,segment_0015,carrying,3.0,350.0,0.41790450141995,1.0005
P10,01,segment_0017,carrying,1.0,-45.0,0.4925136707742973,0.7095
P10,01,segment_0018,free_movement,0.75,70.0,0.47721072301924283,0.825
P10,01,segment_0020,free_movement,2.0,350.0,0.32343614105563234,1.094
P10,01,segment_0022,free_movement,6.0,160.0,0.30924373305363084,1.115
P10,01,segment_0024,free_movement,2.25,175.0,0.3166922253251513,1.733
P10,01,segment_0025,carrying,2.25,-50.0,0.6059231908723436,0.929
P10,01,segment_0026,free_movement,4.25,265.0,0.3133572336256792,1.509
P10,01,segment_0028,free_movement,1.0,320.0,0.42636551585991084,1.688
P10,01,segment_0029,carrying,1.0,95.0,0.5666131722133507,0.96
P10,01,segment_0030,free_movement,3.0,5.0,0.577423537522878,1.7105
P10,01,segment_0034,free_movement,2.0,210.0,0.3358540519152728,0.989
P10,01,segment_0035,carrying,2.0,-10.0,0.6332932991943014,4.2625
P10,01,segment_0036,free_movement,6.0,0.0,0.6833458956489935,1.6195
P10,01,segment_0037,carrying,6.0,-50.0,0.5872147392386095,0.798
P10,01,segment_0038,free_movement,4.25,-50.0,0.4624058163917197,1.354
P10,01,segment_0040,free_movement,2.25,75.0,0.6236265208828081,1.706
P10,01,segment_0042,free_movement,2.0,5.0,0.5605421160959626,1.7765
P10,01,segment_0043,carrying,2.0,-30.0,0.3823369490733795,1.3305
P10,01,segment_0044,free_movement,6.0,0.0,0.3633811559126976,1.215
P10,01,segment_0045,carrying,6.0,-50.0,0.32087557461181604,1.1095
P10,01,segment_0046,free_movement,2.25,80.0,0.5030155456147969,1.497
P10,01,segment_0047,carrying,2.25,160.0,0.36629098281834893,0.88
P10,01,segment_0048,free_movement,4.25,105.0,0.4172413698715574,1.5115
P10,01,segment_0052,free_movement,1.0,175.0,0.486034500936339,1.394
P10,01,segment_0053,carrying,1.0,-50.0,0.47001756554613716,0.9945
P10,01,segment_0054,free_movement,3.0,200.0,0.6299524728442755,1.1905
P10,01,segment_0055,carrying,3.0,-50.0,0.33707180082104277,1.022
P10,01,segment_0056,free_movement,1.0,15.0,0.5311077401658222,1.6735
P10,01,segment_0058,free_movement,6.0,115.0,0.40417979143070476,1.0845
P10,01,segment_0059,carrying,6.0,350.0,0.3402831091619406,3.8615
P10,01,segment_0060,free_movement,3.0,-10.0,0.3207187864754714,1.7085
P10,01,segment_0061,carrying,3.0,20.0,0.4075488591474413,0.754
P10,01,segment_0062,free_movement,2.25,275.0,0.3599687752675714,1.312
P10,01,segment_0064,free_movement,0.75,20.0,0.5592795504458092,0.958
P10,01,segment_0066,free_movement,2.0,350.0,0.35343412709914834,1.3405
P10,01,segment_0068,free_movement,4.25,200.0,0.544543570774878,1.5115
P10,01,segment_0070,free_movement,4.25,120.0,0.39636763298173106,1.1985
P10,01,segment_0072,free_movement,2.0,350.0,0.5819354357591833,1.4225
P10,01,segment_0073,carrying,2.0,110.0,0.3598180155209378,0.804
P10,01,segment_0078,free_movement,6.0,70.0,0.5430042072680609,0.9745
P10,01,segment_0081,carrying,3.0,-10.0,0.30723705095229775,2.426
P10,01,segment_0082,free_movement,2.25,250.0,0.5319337394527434,1.5815
P10,01,segment_0083,carrying,2.25,-50.0,0.4919302214981314,2.689
P10,01,segment_0084,free_movement,2.0,230.0,0.5494315057732183,1.7795
P10,01,segment_0086,free_movement,3.0,320.0,0.40537394844201025,1.3765
P10,01,segment_0088,free_movement,4.25,205.0,0.5365971132645888,1.152
P10,01,segment_0090,free_movement,1.0,225.0,0.5467180695590499,1.025
P10,01,segment_0092,free_movement,6.0,0.0,0.4884426101296792,1.0045
P10,01,segment_0094,free_movement,2.25,10.0,0.30748072662063497,1.224
P10,01,segment_0096,free_movement,0.75,10.0,0.3665665233196108,1.5075
P10,01,segment_0098,free_movement,6.0,-5.0,0.4023320917231683,1.0935
P10,01,segment_0100,free_movement,2.0,40.0,0.3102875572320112,1.01
P10,01,segment_0101,carrying,2.0,-10.0,0.3977436903949366,0.8005
P10,01,segment_0102,free_movement,2.25,0.0,0.8163455015629127,0.923
P10,01,segment_0104,free_movement,0.75,-5.0,0.3738494907245062,0.8905
P10,01,segment_0106,free_movement,1.0,35.0,0.4527597273336358,1.2985
P10,01,segment_0108,free_movement,4.25,25.0,0.3993965090803392,1.26
P10,01,segment_0110,free_movement,3.0,150.0,0.4526555053138843,1.4605
P10,01,segment_0111,carrying,3.0,-50.0,0.3637007957509471,0.8855
P10,01,segment_0112,free_movement,4.25,30.0,0.5044607891303774,1.822
P10,01,segment_0115,carrying,2.25,245.0,0.38223763343456485,3.409
P10,01,segment_0116,free_movement,6.0,5.0,0.6836550661522233,1.3365
P10,01,segment_0118,free_movement,2.0,5.0,0.317254915985014,1.215
P10,01,segment_0119,carrying,2.0,-15.0,0.5033750240396527,0.808
P10,01,segment_0122,free_movement,0.75,290.0,0.47319639836431593,1.1315
P10,01,segment_0124,free_movement,3.0,55.0,0.547348287141325,1.021
P10,01,segment_0126,free_movement,2.0,60.0,0.5479266847974849,1.051
P10,01,segment_0128,free_movement,0.75,80.0,0.5269741274246303,1.3
P10,01,segment_0130,free_movement,4.25,5.0,0.549654929503648,1.1355
P10,01,segment_0131,carrying,4.25,-50.0,0.3553882547527012,0.9945
P10,01,segment_0132,free_movement,3.0,125.0,0.37493971247025953,1.123
P10,01,segment_0134,free_movement,6.0,330.0,0.7228711908310602,1.1525
P10,01,segment_0136,free_movement,2.25,195.0,0.5739809414364646,1.2935
P10,01,segment_0137,carrying,2.25,-50.0,0.5187007419585897,3.2905
P10,01,segment_0138,free_movement,1.0,185.0,0.5316409776737284,1.8785
P10,01,segment_0140,free_movement,1.0,95.0,0.579857167292939,1.1925
P10,01,segment_0141,carrying,1.0,50.0,0.41288963420072533,0.957
P10,01,segment_0142,free_movement,6.0,0.0,0.6222181048152844,1.315
P10,01,segment_0143,carrying,6.0,0.0,0.5258521442375657,2.736
P10,01,segment_0144,free_movement,2.25,-20.0,0.6091876853434414,1.0635
P10,01,segment_0146,free_movement,3.0,5.0,0.43696201413348235,1.3505
P10,01,segment_0147,carrying,3.0,280.0,0.32424237722446525,2.0685
P10,01,segment_0150,free_movement,0.75,5.0,0.49384216904384626,1.0845
P10,01,segment_0151,carrying,0.75,260.0,0.47390912602615703,1.1955
P10,01,segment_0152,free_movement,2.0,115.0,0.4553464232423018,0.856
P10,01,segment_0153,carrying,2.0,-15.0,0.5321267654000934,1.7695
P10,01,segment_0154,free_movement,1.0,80.0,0.5507573205769566,1.0745
P10,01,segment_0156,free_movement,6.0,150.0,0.5352763435712048,1.1255
P10,01,segment_0158,free_movement,3.0,100.0,0.44942812141927957,1.203
P10,01,segment_0160,free_movement,2.25,65.0,0.39767172215312346,1.0085
P10,01,segment_0161,carrying,2.25,-50.0,0.5856145667466239,0.7645
P10,01,segment_0162,free_movement,0.75,125.0,0.54145620659906,1.1885
P10,01,segment_0163,carrying,0.75,15.0,0.6536368661511445,0.9065
P10,01,segment_0164,free_movement,4.25,130.0,0.37630667763072223,1.565
P10,01,segment_0167,carrying,2.0,205.0,0.47165081658947033,0.9205
P10,01,segment_0168,free_movement,4.25,0.0,0.38299435589620723,1.6475
P10,01,segment_0169,carrying,4.25,-50.0,0.41416992047714596,0.9635
P10,01,segment_0170,free_movement,1.0,55.0,0.5456178079666121,0.9185
P10,01,segment_0172,free_movement,2.25,100.0,0.4043974892972228,1.341
P10,01,segment_0174,free_movement,3.0,195.0,0.7357766681614438,0.9485
P10,01,segment_0175,carrying,3.0,-50.0,0.3550939248226913,0.8055
P10,01,segment_0176,free_movement,2.0,230.0,0.5027670658099138,1.2455
P10,01,segment_0178,free_movement,0.75,330.0,0.39286100801843526,0.9605
P10,01,segment_0179,carrying,0.75,130.0,0.30057180890204427,0.7025
P10,01,segment_0180,free_movement,6.0,55.0,0.5166230357263897,1.012
P10,01,segment_0182,free_movement,3.0,35.0,0.43573471627465094,1.0555
P10,01,segment_0184,free_movement,1.0,5.0,0.4546533529309524,1.059
P10,01,segment_0185,carrying,1.0,250.0,0.40215158947444707,2.8295
P10,01,segment_0186,free_movement,2.25,110.0,0.6614506182511714,1.0475
P10,01,segment_0188,free_movement,4.25,215.0,0.34475279095942946,0.984
P10,01,segment_0189,carrying,4.25,-15.0,0.45437276339245697,0.867
P10,01,segment_0190,free_movement,6.0,50.0,0.32737115922682064,0.852
P10,01,segment_0192,free_movement,2.0,250.0,0.4132317984705175,1.138
P10,01,segment_0193,carrying,2.0,10.0,0.3065701683014299,0.83
P10,01,segment_0194,free_movement,0.75,5.0,0.4094676603493473,1.1615
P10,01,segment_0196,free_movement,2.0,170.0,0.3347577541142487,1.2
P10,01,segment_0199,carrying,1.0,170.0,0.7788167595986251,0.763
P10,01,segment_0200,free_movement,0.75,90.0,0.44125041413748395,1.011
P10,01,segment_0202,free_movement,3.0,60.0,0.3950364725472614,0.869
P10,01,segment_0205,carrying,6.0,-50.0,0.32349570198081495,1.4135
P10,01,segment_0206,free_movement,4.25,175.0,0.5285818706461993,1.171
P10,01,segment_0208,free_movement,2.25,195.0,0.3704026291448434,1.136
P10,01,segment_0209,carrying,2.25,350.0,0.44434567573437017,0.83
P10,01,segment_0210,free_movement,2.25,0.0,0.5650053355181873,1.6005
P10,01,segment_0211,carrying,2.25,-10.0,0.30598810430711787,3.371
P10,01,segment_0213,carrying,2.0,125.0,0.667874163214646,0.7295
P10,01,segment_0214,free_movement,4.25,25.0,0.7782086830584167,1.0105
P10,01,segment_0220,free_movement,6.0,0.0,0.5506620885909844,1.509
P10,01,segment_0221,carrying,6.0,-10.0,0.3184948503390945,2.8275
P10,01,segment_0222,free_movement,1.0,20.0,0.41582483213413435,1.114
P10,01,segment_0223,carrying,1.0,335.0,0.42901345855631723,1.076
P10,01,segment_0224,free_movement,3.0,50.0,0.6233887644773417,1.199
P10,01,segment_0225,carrying,3.0,-50.0,0.31834303616179194,1.1205
P10,01,segment_0226,carrying,1.0,-50.0,0.4918795854512814,7.1885
P10,01,segment_0227,free_movement,4.25,0.0,0.5894576137388242,2.2725
P10,01,segment_0228,carrying,4.25,340.0,0.5370606049743698,1.192
P10,01,segment_0229,free_movement,2.25,160.0,0.34156174775627396,0.876
P10,01,segment_0230,carrying,2.25,170.0,0.36283671970904424,1.0
P10,01,segment_0231,free_movement,6.0,45.0,0.7511157989039345,1.106
P10,01,segment_0233,free_movement,2.0,125.0,0.3547246120017243,1.0665
P10,01,segment_0234,carrying,2.0,25.0,0.3331304952246364,1.939
P10,01,segment_0235,free_movement,0.75,120.0,0.482670609339963,1.13
P10,01,segment_0237,free_movement,2.0,105.0,0.6849763327457412,0.8665
P10,01,segment_0238,carrying,2.0,-20.0,0.48589254805194326,0.845
P10,01,segment_0239,free_movement,3.0,10.0,0.5735634334275088,1.0185
P10,01,segment_0240,carrying,3.0,40.0,0.3069711991398612,2.085
P10,01,segment_0241,free_movement,6.0,0.0,0.4591271386935593,1.3725
P10,01,segment_0244,carrying,4.25,-30.0,0.4668001788282445,1.045
P10,01,segment_0245,free_movement,0.75,285.0,0.718611544351462,0.8545
P10,01,segment_0247,free_movement,2.25,290.0,0.4453618060385197,1.118
P10,01,segment_0249,free_movement,1.0,20.0,0.4287919370331316,1.196
P10,01,segment_0250,carrying,1.0,205.0,0.3272641645942721,0.889
P10,01,segment_0251,free_movement,2.0,320.0,0.6217674613485978,0.7895
P10,01,segment_0253,free_movement,6.0,155.0,0.32750018857730995,0.832
P10,01,segment_0255,free_movement,3.0,5.0,0.5354470807700227,1.0265
P10,01,segment_0259,free_movement,4.25,30.0,0.3741498252206152,1.186
P10,01,segment_0261,free_movement,0.75,60.0,0.4424175729489479,1.132
P10,01,segment_0263,free_movement,2.25,90.0,0.43588339343361593,1.112
P10,01,segment_0267,free_movement,3.0,35.0,0.6659504923248541,1.1665
P10,01,segment_0268,carrying,3.0,10.0,0.3464065702758989,2.3695
P10,01,segment_0269,free_movement,4.25,5.0,0.4203461156079277,1.0785
P10,01,segment_0270,carrying,4.25,-50.0,0.3934424759768796,0.8515
P10,01,segment_0271,free_movement,0.75,10.0,0.41154760368269805,0.9115
P10,01,segment_0272,carrying,0.75,60.0,0.3687328489791144,0.7735
P10,01,segment_0273,free_movement,2.0,15.0,0.6113052384209269,1.12
P10,01,segment_0274,carrying,2.0,35.0,0.42198926497078215,2.174
P10,01,segment_0275,free_movement,6.0,5.0,0.7182250691331633,1.01
P10,01,segment_0277,free_movement,1.0,160.0,0.6074870431686734,1.228
P10,01,segment_0278,carrying,1.0,-20.0,0.6170526809698292,2.1445
P10,01,segment_0279,free_movement,6.0,45.0,0.42255248160044395,1.168
P10,01,segment_0280,carrying,6.0,-50.0,0.43050840787645916,0.995
P10,01,segment_0281,free_movement,2.0,-35.0,0.4693862897476471,0.989
P10,01,segment_0282,carrying,2.0,15.0,0.4360433794483519,0.7365
P10,01,segment_0283,free_movement,3.0,180.0,0.3639337384166628,1.041
P10,01,segment_0285,free_movement,0.75,10.0,0.5207490346350511,1.0125
P10,01,segment_0287,free_movement,2.25,50.0,0.523021735796932,1.019
P10,01,segment_0289,free_movement,1.0,150.0,0.43400428299418076,1.0365
P10,01,segment_0290,carrying,1.0,350.0,0.37928718596386796,0.8265
P10,01,segment_0293,free_movement,2.0,10.0,0.4065002105656312,1.0315
P10,01,segment_0295,free_movement,0.75,340.0,0.4360425192301426,0.7415
P10,01,segment_0296,carrying,0.75,170.0,0.36488095374464324,0.832
P10,01,segment_0298,carrying,3.0,30.0,0.40751048630358694,0.994
P10,01,segment_0299,free_movement,1.0,120.0,0.4442694855625051,1.172
P10,01,segment_0301,free_movement,4.25,5.0,0.43185140044394266,0.99
P10,01,segment_0303,free_movement,2.25,140.0,0.5036659014277732,1.0805
P10,01,segment_0305,free_movement,6.0,155.0,0.3938010925201444,1.255
P10,01,segment_0307,free_movement,0.75,50.0,0.48893700448587907,1.204
P10,01,segment_0308,carrying,0.75,315.0,0.3447287792370469,0.8
P10,01,segment_0309,free_movement,4.25,110.0,0.6139974189314338,1.3495
P10,01,segment_0310,carrying,4.25,75.0,0.30432047623846287,0.8545
P10,01,segment_0311,free_movement,6.0,285.0,0.39376390597946076,1.2895
P10,01,segment_0313,free_movement,2.25,150.0,0.4588284127155537,1.1905
P10,01,segment_0315,free_movement,3.0,160.0,0.4899680446571784,0.9235
P10,01,segment_0317,free_movement,2.0,150.0,0.3425790696110148,0.9395
P10,01,segment_0321,free_movement,6.0,80.0,0.39506294730952585,0.873
P10,01,segment_0323,free_movement,0.75,5.0,0.46674522068578134,0.7415
P10,01,segment_0325,free_movement,4.25,250.0,0.4259588708755624,0.9475
P10,01,segment_0327,free_movement,2.0,0.0,0.5092310499545458,0.8765
P10,01,segment_0329,free_movement,2.25,155.0,0.48926171540476704,0.791
P10,01,segment_0330,carrying,2.25,-50.0,0.34215687425960023,2.2995
P10,01,segment_0331,free_movement,1.0,0.0,0.3684646935376529,0.7985
P10,01,segment_0332,carrying,1.0,105.0,0.3984697619202488,0.8595
P10,01,segment_0333,free_movement,3.0,60.0,0.4336184741265332,0.7425
P10,01,segment_0335,free_movement,0.75,240.0,0.6813765183238127,0.801
P10,01,segment_0337,free_movement,6.0,90.0,0.6306865351243636,0.987
P10,01,segment_0339,free_movement,3.0,25.0,0.5362175025258847,0.936
P10,01,segment_0341,free_movement,4.25,15.0,0.4266118555404685,1.133
P10,01,segment_0342,carrying,4.25,-50.0,0.38251361164840947,1.0665
P10,01,segment_0345,free_movement,2.25,25.0,0.5384218535798917,1.0505
P10,01,segment_0347,free_movement,1.0,110.0,0.4990851384851548,0.755
P10,01,segment_0349,free_movement,2.25,60.0,0.5110441438165257,1.0175
P10,01,segment_0350,carrying,2.25,150.0,0.38564870242811516,0.843
P10,01,segment_0351,free_movement,1.0,10.0,0.5849201892495041,0.9435
P10,01,segment_0353,free_movement,3.0,50.0,0.30951505629650045,0.9395
P10,01,segment_0355,free_movement,6.0,15.0,0.6517895427907566,0.9505
P10,01,segment_0357,free_movement,0.75,80.0,0.3720130174075582,0.815
P10,01,segment_0359,free_movement,4.25,185.0,0.47464390950225044,0.863
P10,01,segment_0361,free_movement,2.0,20.0,0.49347210884477816,0.748
P10,01,segment_0365,free_movement,4.25,15.0,0.5094343453543548,0.8915
P10,01,segment_0367,free_movement,1.0,125.0,0.6632522667447197,0.9935
P10,01,segment_0369,free_movement,0.75,230.0,0.46884030049802045,0.9
P10,01,segment_0373,free_movement,3.0,145.0,0.5421475350356995,0.8555
P10,01,segment_0375,free_movement,2.0,165.0,0.6317285805370529,0.9125
P10,01,segment_0377,free_movement,4.25,95.0,0.46758857298249745,0.768
P10,01,segment_0379,free_movement,2.25,350.0,0.8531381384689515,1.115
P10,01,segment_0380,carrying,2.25,55.0,0.4518966443236237,0.7255
P10,01,segment_0381,free_movement,1.0,100.0,0.5100691446678837,0.9205
P10,01,segment_0384,carrying,3.0,-50.0,0.5553433925367521,0.7795
P10,01,segment_0385,free_movement,6.0,10.0,0.655805481394857,1.06
P10,01,segment_0389,free_movement,0.75,265.0,0.46304983886570067,0.923
P10,01,segment_0391,free_movement,2.25,40.0,0.6494324153793526,0.978
P10,01,segment_0393,free_movement,3.0,105.0,0.5689155490688834,0.884
P10,01,segment_0395,free_movement,6.0,50.0,0.7462654295014971,0.973
P10,01,segment_0397,free_movement,4.25,-35.0,0.45505142939459253,1.0745
P10,01,segment_0399,free_movement,0.75,145.0,0.586876069439504,0.906
P10,01,segment_0401,free_movement,1.0,50.0,0.5665478029889062,1.1165
P10,01,segment_0403,free_movement,2.0,340.0,0.33809138478247547,0.9735
P10,01,segment_0405,free_movement,0.75,145.0,0.5706692853978353,0.969
P10,01,segment_0407,free_movement,1.0,20.0,0.3638719616368122,0.938
P10,01,segment_0408,carrying,1.0,315.0,0.3785322570194945,0.8065
P10,01,segment_0409,free_movement,2.0,280.0,0.4498153675307968,1.297
P10,01,segment_0411,free_movement,2.25,150.0,0.7206614049018787,0.994
P10,01,segment_0413,free_movement,6.0,5.0,0.42986383541984213,1.014
P10,01,segment_0414,carrying,6.0,-50.0,0.39121350143798445,0.766
P10,01,segment_0415,free_movement,3.0,100.0,0.5794809057997546,0.8475
P10,01,segment_0417,free_movement,4.25,60.0,0.5783934630792145,0.987
P10,01,segment_0419,free_movement,2.0,30.0,0.4096911927766255,1.171
P10,01,segment_0421,free_movement,3.0,35.0,0.5138677673012172,0.8965
P10,01,segment_0423,free_movement,4.25,20.0,0.480562344118912,0.885
P10,01,segment_0425,free_movement,2.25,90.0,0.43642798925738796,1.231
P10,01,segment_0427,free_movement,6.0,100.0,0.5822234609896397,0.922
P10,01,segment_0429,free_movement,0.75,260.0,0.6233242861619922,0.8795
P10,01,segment_0431,free_movement,1.0,345.0,0.6333550913319959,0.815
P10,01,segment_0433,free_movement,0.75,-50.0,0.32331617631431314,0.748
P10,01,segment_0434,carrying,0.75,290.0,0.4606604865190528,0.7425
P10,01,segment_0435,free_movement,6.0,15.0,0.6096507828339023,0.724
P10,01,segment_0439,free_movement,1.0,160.0,0.6076370303104826,1.078
P10,01,segment_0441,free_movement,2.0,10.0,0.36006434396758724,0.992
P10,01,segment_0443,free_movement,4.25,55.0,0.7238940017174091,1.005
P10,01,segment_0445,free_movement,2.25,105.0,0.5541882267198984,0.855
P10,01,segment_0447,free_movement,1.0,95.0,0.3891440315266605,0.8785
P10,01,segment_0448,carrying,1.0,-45.0,0.37238169143951005,0.8305
P10,01,segment_0449,free_movement,6.0,5.0,0.450073217710822,1.159
P10,01,segment_0450,carrying,6.0,-30.0,0.3516193632616949,0.983
P10,01,segment_0451,free_movement,3.0,95.0,0.3727806398608786,0.9675
P10,01,segment_0452,carrying,3.0,-35.0,0.546797327697467,0.793
P10,01,segment_0453,free_movement,2.25,65.0,0.5165498941282896,1.0185
P10,01,segment_0454,carrying,2.25,-50.0,0.5161682399140478,0.7235
P10,01,segment_0455,free_movement,4.25,-50.0,0.4382259660064936,1.0225
P10,01,segment_0457,free_movement,2.0,-25.0,0.428387085128233,1.031
P10,01,segment_0463,free_movement,1.0,20.0,0.33418411160837214,0.8105
P10,01,segment_0465,free_movement,2.25,85.0,0.5603517221593705,0.9245
P10,01,segment_0466,carrying,2.25,350.0,0.5515974416428615,1.328
P10,01,segment_0467,free_movement,4.25,185.0,0.6057464155839923,0.9785
P10,01,segment_0468,carrying,4.25,-50.0,0.5116990919977485,1.117
P10,01,segment_0469,free_movement,6.0,-10.0,0.35982025276520224,0.764
P10,01,segment_0470,carrying,6.0,-45.0,0.3434358589509545,0.9465
P10,01,segment_0473,free_movement,2.0,100.0,0.4770916787902586,0.848
P10,01,segment_0474,carrying,2.0,-40.0,0.5061680689901147,0.8215
P10,01,segment_0475,free_movement,4.25,85.0,0.4198319472478694,1.006
P10,01,segment_0477,free_movement,3.0,30.0,0.4381952147644794,1.1035
P10,01,segment_0479,free_movement,6.0,25.0,0.6853246396673806,1.0425
P10,01,segment_0480,carrying,6.0,-50.0,0.3860166993610434,2.5505
P10,01,segment_0481,free_movement,2.0,20.0,0.5039661369645749,1.521
P10,01,segment_0483,free_movement,2.25,300.0,0.42349709081292186,1.1925
P10,01,segment_0485,free_movement,1.0,350.0,0.5990183206773388,1.3825
P10,01,segment_0487,free_movement,0.75,35.0,0.30665370264113745,0.7455
P10,01,segment_0488,carrying,0.75,305.0,0.6286765704528833,0.8155
P10,01,segment_0489,free_movement,2.0,95.0,0.3011511072211799,0.783
P10,01,segment_0491,free_movement,6.0,65.0,0.6110416996698524,0.887
P10,01,segment_0493,free_movement,1.0,145.0,0.6709250319267056,1.1755
P10,01,segment_0494,carrying,1.0,-50.0,0.33774991260102644,0.975
P10,01,segment_0495,free_movement,2.25,240.0,0.39176253586164284,1.8245
P10,01,segment_0496,carrying,2.25,200.0,0.3958063026123345,1.0685
P11,01,segment_0000,free_movement,0.75,0.0,0.6875442017477505,13.4405
P11,01,segment_0002,free_movement,6.0,135.0,0.46008611867044524,2.9535
P11,01,segment_0004,free_movement,2.0,-25.0,0.6598732893538122,3.2025
P11,01,segment_0008,free_movement,4.25,-5.0,0.44540456923843325,2.1705
P11,01,segment_0010,free_movement,1.0,-50.0,0.46482644497213543,2.2835
P11,01,segment_0012,free_movement,2.25,260.0,0.5124558604124537,1.508
P11,01,segment_0013,carrying,2.25,205.0,0.33275896133880295,1.6665
P11,01,segment_0016,free_movement,4.25,70.0,0.5162447168926233,1.9965
P11,01,segment_0018,free_movement,6.0,300.0,0.48459180283482933,1.795
P11,01,segment_0022,free_movement,1.0,-10.0,0.41846453385647675,1.6895
P11,01,segment_0024,free_movement,2.25,310.0,0.47810152453535465,1.668
P11,01,segment_0029,carrying,3.0,-50.0,0.40777152276340584,1.8375
P11,01,segment_0030,free_movement,2.0,310.0,0.3688659981198196,1.639
P11,01,segment_0031,carrying,2.0,-50.0,0.5111921475913593,1.316
P11,01,segment_0034,free_movement,0.75,-50.0,0.5187768321434452,1.5045
P11,01,segment_0036,free_movement,2.25,5.0,0.3495450986859931,1.905
P11,01,segment_0037,carrying,2.25,-50.0,0.37610152795443025,1.4755
P11,01,segment_0039,carrying,6.0,-50.0,0.4606107480998303,1.3745
P11,01,segment_0040,free_movement,1.0,350.0,0.40211820025864053,1.6735
P11,01,segment_0041,carrying,1.0,-10.0,0.4106045682689085,1.7265
P11,01,segment_0042,free_movement,3.0,-50.0,0.31634254391951605,1.67
P11,01,segment_0044,free_movement,2.0,95.0,0.4247119846792009,1.465
P11,01,segment_0046,free_movement,4.25,265.0,0.47588445275740227,1.6865
P11,01,segment_0049,carrying,1.0,335.0,0.44513933640238784,1.397
P11,01,segment_0050,free_movement,2.25,310.0,0.5067747707279815,1.652
P11,01,segment_0052,free_movement,0.75,320.0,0.45561865474192326,1.785
P11,01,segment_0056,free_movement,1.0,320.0,0.5015285186026504,1.43
P11,01,segment_0057,carrying,1.0,-10.0,0.5583751389790944,1.492
P11,01,segment_0059,carrying,0.75,350.0,0.45018361365817483,1.3075
P11,01,segment_0060,free_movement,2.0,345.0,0.5747190790361792,1.5265
P11,01,segment_0062,free_movement,2.25,275.0,0.52178098954025,1.4025
P11,01,segment_0063,carrying,2.25,-50.0,0.36598634907006955,1.4545
P11,01,segment_0064,free_movement,3.0,120.0,0.30338324986070503,1.463
P11,01,segment_0066,free_movement,4.25,35.0,0.6083583314870713,1.766
P11,01,segment_0068,free_movement,6.0,250.0,0.42987489168450876,1.8475
P11,01,segment_0070,free_movement,4.25,225.0,0.38935161242089616,1.6635
P11,01,segment_0072,free_movement,2.0,65.0,0.5378899073793643,1.477
P11,01,segment_0074,free_movement,6.0,-35.0,0.41292200238582316,2.951
P11,01,segment_0076,free_movement,1.0,-15.0,0.3984090396476794,1.76
P11,01,segment_0078,free_movement,0.75,285.0,0.5254402853959246,1.397
P11,01,segment_0079,carrying,0.75,-50.0,0.42200868275903397,1.485
P11,01,segment_0082,free_movement,3.0,-5.0,0.4294071958959944,1.4615
P11,01,segment_0083,carrying,3.0,-50.0,0.38187670469369933,1.6405
P11,01,segment_0085,carrying,1.0,340.0,0.41314098086619805,0.9405
P11,01,segment_0086,free_movement,4.25,5.0,0.6227783217706309,2.0745
P11,01,segment_0087,carrying,4.25,75.0,0.6169873816725833,0.7395
P11,01,segment_0088,free_movement,6.0,5.0,0.4257133741351725,2.1925
P11,01,segment_0089,carrying,6.0,-50.0,0.40583772762601295,1.5895
P11,01,segment_0090,free_movement,0.75,305.0,0.3816974761112077,1.282
P11,01,segment_0091,carrying,0.75,350.0,0.3667227673515844,0.985
P11,01,segment_0092,free_movement,2.25,305.0,0.566761212913568,1.5315
P11,01,segment_0096,free_movement,2.0,-15.0,0.5902364867843823,1.351
P11,01,segment_0097,carrying,2.0,-30.0,0.32390807827735285,1.3265
P11,01,segment_0098,free_movement,2.0,20.0,0.5643373955107076,1.6465
P11,01,segment_0099,carrying,2.0,75.0,0.38679691444873293,0.9675
P11,01,segment_0100,free_movement,0.75,285.0,0.4034850791535611,1.5695
P11,01,segment_0102,free_movement,1.0,290.0,0.4343522392120131,1.581
P11,01,segment_0103,carrying,1.0,-50.0,0.43347284356160415,1.3045
P11,01,segment_0104,free_movement,6.0,5.0,0.45732469700231954,1.304
P11,01,segment_0106,free_movement,4.25,10.0,0.5735015358876312,2.321
P11,01,segment_0107,carrying,4.25,-50.0,0.47961680942414314,1.4605
P11,01,segment_0108,free_movement,2.25,255.0,0.5185043860004513,1.658
P11,01,segment_0109,carrying,2.25,-30.0,0.3422393214334675,3.583
P11,01,segment_0110,free_movement,3.0,5.0,0.44623070400118175,2.0855
P11,01,segment_0112,free_movement,4.25,140.0,0.5373455740682035,1.7355
P11,01,segment_0114,free_movement,2.0,40.0,0.5266143075618354,1.622
P11,01,segment_0115,carrying,2.0,205.0,0.3366769183792499,1.3315
P11,01,segment_0116,free_movement,3.0,300.0,0.47105305672731435,1.6665
P11,01,segment_0117,carrying,3.0,-25.0,0.34723358292004347,1.8335
P11,01,segment_0118,free_movement,0.75,0.0,0.5494463829829277,1.554
P11,01,segment_0119,carrying,0.75,270.0,0.3743401573983759,1.4015
P11,01,segment_0120,free_movement,2.25,10.0,0.622939728783851,1.976
P11,01,segment_0124,free_movement,6.0,-30.0,0.7892443691333637,1.5525
P11,01,segment_0126,free_movement,0.75,140.0,0.30360054637772954,1.9695
P11,01,segment_0127,carrying,0.75,-50.0,0.35985579426732034,1.47
P11,01,segment_0128,free_movement,1.0,330.0,0.42178951453433094,1.8435
P11,01,segment_0130,free_movement,2.0,330.0,0.4341356258601578,1.5395
P11,01,segment_0131,carrying,2.0,350.0,0.46262141526182443,0.949
P11,01,segment_0132,free_movement,4.25,75.0,0.3299124267901413,1.8175
P11,01,segment_0133,carrying,4.25,-15.0,0.4021769092584499,0.9855
P11,01,segment_0134,free_movement,3.0,15.0,0.5110420583162768,2.0
P11,01,segment_0136,free_movement,2.25,215.0,0.5910724324593187,2.088
P11,01,segment_0138,free_movement,6.0,325.0,0.592152192523159,1.471
P11,01,segment_0140,free_movement,4.25,305.0,0.5678971396839175,2.375
P11,01,segment_0142,free_movement,1.0,-50.0,0.30193909598575785,1.864
P11,01,segment_0143,carrying,1.0,230.0,0.3383954949669681,1.135
P11,01,segment_0144,free_movement,6.0,0.0,0.41368416054829477,1.9015
P11,01,segment_0145,carrying,6.0,350.0,0.3029452543805538,1.278
P11,01,segment_0146,free_movement,3.0,10.0,0.5078834112543774,1.95
P11,01,segment_0148,free_movement,2.25,-20.0,0.5129665235634915,2.4435
P11,01,segment_0149,carrying,2.25,350.0,0.337351605290749,1.285
P11,01,segment_0151,carrying,2.0,-50.0,0.42317854163114205,1.413
P11,01,segment_0152,free_movement,0.75,290.0,0.5958991574247935,1.255
P11,01,segment_0153,carrying,0.75,-15.0,0.364862722237952,1.5215
P11,01,segment_0156,free_movement,4.25,170.0,0.4318619621626756,1.9045
P11,01,segment_0160,free_movement,2.0,0.0,0.5408865289752457,1.9225
P11,01,segment_0161,carrying,2.0,5.0,0.556553209966476,1.159
P11,01,segment_0162,free_movement,2.25,5.0,0.5680710343240668,1.8765
P11,01,segment_0163,carrying,2.25,50.0,0.4548595212727237,1.15
P11,01,segment_0164,free_movement,6.0,350.0,0.3397848257469781,1.9975
P11,01,segment_0166,free_movement,1.0,310.0,0.32466937559289416,1.8115
P11,01,segment_0170,free_movement,4.25,195.0,0.4881659695925993,1.589
P11,01,segment_0171,carrying,4.25,-50.0,0.402971606448499,1.3375
P11,01,segment_0172,free_movement,6.0,15.0,0.5954878915895059,1.57
P11,01,segment_0173,carrying,6.0,-50.0,0.36527547444663083,0.965
P11,01,segment_0174,free_movement,2.0,-30.0,0.5468444291654282,1.2145
P11,01,segment_0176,free_movement,2.25,345.0,0.41806767715195864,1.5605
P11,01,segment_0177,carrying,2.25,180.0,0.35813300479603627,1.2285
P11,01,segment_0178,free_movement,3.0,-20.0,0.5300747004783293,1.695
P11,01,segment_0181,carrying,0.75,130.0,0.4912289204535735,1.465
P11,01,segment_0182,free_movement,2.0,-25.0,0.49726333251012816,1.671
P11,01,segment_0183,carrying,2.0,-50.0,0.3130890366294182,1.042
P11,01,segment_0184,free_movement,1.0,35.0,0.5895755723046192,1.8125
P11,01,segment_0185,carrying,1.0,45.0,0.4733886777726712,1.7395
P11,01,segment_0186,free_movement,6.0,100.0,0.5623206953335835,1.75
P11,01,segment_0187,carrying,6.0,-50.0,0.3997193765369339,1.537
P11,01,segment_0188,free_movement,0.75,-10.0,0.66252213406445,1.4755
P11,01,segment_0189,carrying,0.75,10.0,0.4654049029521566,1.309
P11,01,segment_0190,free_movement,3.0,0.0,0.5525554166715675,1.6435
P11,01,segment_0191,carrying,3.0,135.0,0.41060250241603796,1.0015
P11,01,segment_0192,free_movement,4.25,5.0,0.43336449869738547,8.577
P11,01,segment_0196,free_movement,3.0,-20.0,0.5479551385458314,1.918
P11,01,segment_0198,free_movement,1.0,150.0,0.5172100805599322,1.274
P11,01,segment_0200,free_movement,2.0,-25.0,0.34101549758672106,1.7335
P11,01,segment_0201,carrying,2.0,-45.0,0.34088547783695666,1.318
P11,01,segment_0202,free_movement,4.25,0.0,0.5951973712365083,2.224
P11,01,segment_0204,free_movement,2.25,350.0,0.44637055649750634,1.621
P11,01,segment_0206,free_movement,6.0,-35.0,0.4244442954665988,1.6685
P11,01,segment_0207,carrying,6.0,-45.0,0.45300705298782024,1.328
P11,01,segment_0208,free_movement,0.75,0.0,0.8263563974769668,1.249
P11,01,segment_0209,carrying,0.75,-10.0,0.49637853651501496,1.1545
P11,01,segment_0210,free_movement,3.0,0.0,0.7368510715156148,1.5735
P11,01,segment_0211,carrying,3.0,-10.0,0.39631895798473765,1.478
P11,01,segment_0212,free_movement,6.0,35.0,0.7034581532449459,1.1585
P11,01,segment_0214,free_movement,4.25,45.0,0.4431107177486364,2.346
P11,01,segment_0217,carrying,2.25,-50.0,0.32605167633323845,1.626
P11,01,segment_0218,free_movement,2.0,-10.0,0.39024001472168285,1.812
P11,01,segment_0219,carrying,2.0,-10.0,0.5137588630549654,1.4015
P11,01,segment_0220,free_movement,1.0,350.0,0.48947082950534226,1.684
P11,01,segment_0222,free_movement,0.75,-15.0,0.44011737321357974,1.566
P11,01,segment_0223,carrying,0.75,-50.0,0.3699071134328763,1.4795
P11,01,segment_0224,free_movement,0.75,70.0,0.5232317696080038,1.4645
P11,01,segment_0225,carrying,0.75,-35.0,0.5295595434765075,1.0105
P11,01,segment_0226,free_movement,4.25,325.0,0.4500729324632211,1.8845
P11,01,segment_0228,free_movement,2.25,335.0,0.5519948935910579,2.123
P11,01,segment_0230,free_movement,2.0,-50.0,0.3953616552740256,1.5215
P11,01,segment_0232,free_movement,6.0,-25.0,0.4341993586008531,1.451
P11,01,segment_0235,carrying,1.0,-15.0,0.5113175530310308,1.264
P11,01,segment_0236,free_movement,3.0,25.0,0.4063642522411321,1.6045
P11,01,segment_0237,carrying,3.0,-50.0,0.42629372722569897,1.64
P11,01,segment_0238,free_movement,1.0,190.0,0.5084572774901828,1.395
P11,01,segment_0241,carrying,2.0,-50.0,0.4311586398976177,1.9805
P11,01,segment_0242,free_movement,3.0,0.0,0.4393350408663293,2.518
P11,01,segment_0243,carrying,3.0,130.0,0.307714608454585,0.862
P11,01,segment_0244,free_movement,0.75,-10.0,0.6945467023843057,1.25
P11,01,segment_0245,carrying,0.75,175.0,0.3443261530228826,1.389
P11,01,segment_0246,free_movement,4.25,35.0,0.4101743978008197,2.4255
P11,01,segment_0247,carrying,4.25,350.0,0.4389052193168433,0.8305
P11,01,segment_0248,free_movement,2.25,-50.0,0.38192638470157547,2.0795
P11,01,segment_0249,carrying,2.25,-50.0,0.43386023712812016,2.016
P11,01,segment_0250,free_movement,6.0,-10.0,0.3647343718093389,2.1185
P11,01,segment_0258,free_movement,3.0,10.0,0.42020799160828665,2.6055
P11,01,segment_0259,carrying,3.0,-50.0,0.37926245275579723,1.4895
P11,01,segment_0260,free_movement,0.75,45.0,0.506104504621901,1.994
P11,01,segment_0262,free_movement,4.25,350.0,0.3996195552898869,1.9655
P11,01,segment_0264,free_movement,2.25,-25.0,0.4284295987705807,2.0135
P11,01,segment_0265,carrying,2.25,85.0,0.3291707450456896,1.4305
P11,01,segment_0267,carrying,0.75,60.0,0.46407437194655576,0.7535
P11,01,segment_0268,free_movement,6.0,230.0,0.4326036444006766,1.383
P11,01,segment_0270,free_movement,2.25,10.0,0.4370343820274463,2.0345
P11,01,segment_0271,carrying,2.25,220.0,0.31027607621943953,1.3595
P11,01,segment_0272,free_movement,3.0,5.0,0.43235009949862724,1.9185
P11,01,segment_0274,free_movement,1.0,0.0,0.39275584215090104,2.582
P11,01,segment_0275,carrying,1.0,5.0,0.5457278365251195,1.642
P11,01,segment_0276,free_movement,4.25,250.0,0.3009606003449129,1.889
P11,01,segment_0278,free_movement,2.0,-15.0,0.4477349512971894,1.864
P11,01,segment_0283,carrying,2.25,-50.0,0.3485189749714491,1.5335
P11,01,segment_0284,free_movement,1.0,0.0,0.33623498130302976,1.912
P11,01,segment_0286,free_movement,3.0,35.0,0.44999718475324485,1.944
P11,01,segment_0288,free_movement,4.25,325.0,0.4661060561574465,2.067
P11,01,segment_0291,carrying,0.75,-30.0,0.4150866069623087,1.128
P11,01,segment_0292,free_movement,6.0,350.0,0.4945910729025439,1.5755
P11,01,segment_0296,free_movement,0.75,-45.0,0.5494875261131195,1.578
P11,01,segment_0297,carrying,0.75,335.0,0.5340175391336122,1.1555
P11,01,segment_0298,free_movement,1.0,-50.0,0.39698164573101963,1.3005
P11,01,segment_0301,carrying,2.0,-50.0,0.3777610101342137,1.2025
P11,01,segment_0302,free_movement,4.25,310.0,0.348754140856033,1.9555
P11,01,segment_0304,free_movement,3.0,0.0,0.39830640102399717,1.614
P11,01,segment_0306,free_movement,6.0,0.0,0.346362094778087,2.0595
P11,01,segment_0308,free_movement,2.0,105.0,0.5269829922837772,1.613
P11,01,segment_0310,free_movement,6.0,30.0,0.43031129954961017,1.772
P11,01,segment_0312,free_movement,1.0,-10.0,0.3055426974200462,2.6865
P11,01,segment_0313,carrying,1.0,270.0,0.6062983390061909,0.888
P11,01,segment_0314,free_movement,2.25,350.0,0.5361968052943121,1.687
P11,01,segment_0316,free_movement,4.25,5.0,0.45786123519755406,1.8265
P11,01,segment_0318,free_movement,3.0,-45.0,0.6534679982650973,1.861
P11,01,segment_0320,free_movement,0.75,115.0,0.37758549940649255,1.6005
P11,01,segment_0321,carrying,0.75,-35.0,0.45568543391342664,1.0665
P11,01,segment_0322,free_movement,0.75,10.0,0.3702675795685853,1.677
P11,01,segment_0323,carrying,0.75,-25.0,0.4479557452746031,1.3415
P11,01,segment_0325,carrying,2.25,-50.0,0.31438881332006846,1.6215
P11,01,segment_0326,free_movement,6.0,0.0,0.5800989556082168,1.565
P11,01,segment_0327,carrying,6.0,-50.0,0.48230655684711465,1.356
P11,01,segment_0328,free_movement,3.0,-5.0,0.5372951945856086,1.698
P11,01,segment_0329,carrying,3.0,-50.0,0.4715703498452115,1.543
P11,01,segment_0332,free_movement,2.0,0.0,0.5010801420559655,2.0525
P11,01,segment_0333,carrying,2.0,350.0,0.3800275767052552,1.2925
P11,01,segment_0334,free_movement,4.25,250.0,0.5214278194483599,2.8475
P11,01,segment_0336,free_movement,1.0,320.0,0.5422135117002064,1.917
P11,01,segment_0339,carrying,2.25,-35.0,0.5360432477159114,1.2615
P11,01,segment_0340,free_movement,4.25,230.0,0.45829738591508873,1.933
P11,01,segment_0341,carrying,4.25,290.0,0.30557592653571863,1.399
P11,01,segment_0342,free_movement,0.75,-50.0,0.38658705895896983,1.9055
P11,01,segment_0343,carrying,0.75,205.0,0.4446852824939066,0.8645
P11,01,segment_0345,carrying,3.0,-20.0,0.35905161698146,0.8145
P11,01,segment_0347,carrying,2.0,315.0,0.3384979806205789,1.145
P11,01,segment_0348,free_movement,6.0,290.0,0.31635351294611946,1.5815
P11,01,segment_0350,free_movement,2.25,295.0,0.4380624060233881,1.72
P11,01,segment_0352,free_movement,3.0,5.0,0.40156235287815834,1.972
P11,01,segment_0357,carrying,4.25,255.0,0.3246652488971033,1.266
P11,01,segment_0358,free_movement,1.0,-5.0,0.43430938897811505,1.9365
P11,01,segment_0361,carrying,0.75,350.0,0.3831159007427482,1.5775
P11,01,segment_0362,free_movement,6.0,0.0,0.6434824932401815,1.91
P11,01,segment_0364,free_movement,1.0,-30.0,0.4351406706959872,1.4435
P11,01,segment_0366,free_movement,4.25,5.0,0.37851776052438235,2.3255
P11,01,segment_0368,free_movement,6.0,5.0,0.49377809817703594,1.691
P11,01,segment_0369,carrying,6.0,-50.0,0.457320390525938,1.0275
P11,01,segment_0370,free_movement,2.0,10.0,0.6932589703532459,1.6995
P11,01,segment_0371,carrying,2.0,-30.0,0.3190388350705746,1.4225
P11,01,segment_0372,free_movement,3.0,15.0,0.38523554669361093,1.495
P11,01,segment_0373,carrying,3.0,-50.0,0.4833533044569641,1.426
P11,01,segment_0374,free_movement,0.75,-10.0,0.41773870395275875,1.504
P11,01,segment_0375,carrying,0.75,350.0,0.5142977392185681,0.9365
P11,01,segment_0377,carrying,2.25,-50.0,0.32226495930635574,2.7805
P11,01,segment_0378,free_movement,1.0,-10.0,0.3047824357103361,1.807
P11,01,segment_0381,carrying,0.75,275.0,0.3236995878546577,1.388
P11,01,segment_0382,free_movement,6.0,0.0,0.711527834046715,1.9645
P11,01,segment_0384,free_movement,2.25,75.0,0.5083751922505636,1.8935
P11,01,segment_0385,carrying,2.25,190.0,0.3590693951641978,1.563
P11,01,segment_0390,free_movement,4.25,350.0,0.35771694319178715,2.01
P11,01,segment_0392,free_movement,3.0,170.0,0.3503776080468601,1.8445
P11,01,segment_0394,free_movement,4.25,310.0,0.3189328363194698,3.104
P11,01,segment_0396,free_movement,1.0,0.0,0.3368219017078206,4.9075
P11,01,segment_0397,carrying,1.0,-5.0,0.3196420937603855,0.7325
P11,01,segment_0399,carrying,2.25,350.0,0.37889233095761965,1.097
P11,01,segment_0400,free_movement,6.0,315.0,0.5709044001056087,1.8705
P11,01,segment_0402,free_movement,0.75,35.0,0.3686046359839076,2.1415
P11,01,segment_0404,free_movement,2.0,50.0,0.3871181202166002,2.598
P11,01,segment_0405,carrying,2.0,-50.0,0.42007597651073747,1.6615
P11,01,segment_0406,free_movement,4.25,255.0,0.5963845459515498,1.7805
P11,01,segment_0407,carrying,4.25,-25.0,0.3310232007839189,1.3825
P11,01,segment_0408,free_movement,2.0,60.0,0.3521687908746901,2.346
P11,01,segment_0409,carrying,2.0,-35.0,0.5293452648776795,1.653
P11,01,segment_0410,free_movement,0.75,105.0,0.49059656642635463,2.06
P11,01,segment_0413,carrying,1.0,60.0,0.30119443185484945,1.16
P11,01,segment_0414,free_movement,3.0,-5.0,0.41555056621646014,2.018
P11,01,segment_0415,carrying,3.0,-50.0,0.39475010527286825,1.0035
P11,01,segment_0420,free_movement,3.0,25.0,0.5035215159330166,1.6
P11,01,segment_0421,carrying,3.0,-50.0,0.32805306060676975,1.7225
P11,01,segment_0422,free_movement,2.25,215.0,0.3814166034137041,1.628
P11,01,segment_0424,free_movement,4.25,320.0,0.44013812329805446,2.146
P11,01,segment_0426,free_movement,2.0,-50.0,0.47929314740382134,2.9765
P11,01,segment_0427,carrying,2.0,10.0,0.41675314874621294,1.211
P11,01,segment_0428,free_movement,6.0,5.0,0.46793249997507663,1.5815
P11,01,segment_0429,carrying,6.0,-45.0,0.5124073281623729,1.4225
P11,01,segment_0430,free_movement,0.75,-25.0,0.4854070573117743,1.827
P11,01,segment_0432,free_movement,1.0,80.0,0.35016005668739036,1.854
P11,01,segment_0434,free_movement,0.75,-5.0,0.6370531863881602,1.7255
P11,01,segment_0435,carrying,0.75,215.0,0.6241707662745474,0.902
P11,01,segment_0440,free_movement,2.0,280.0,0.48134270655455097,2.3965
P11,01,segment_0442,free_movement,1.0,15.0,0.44125418845786407,1.613
P11,01,segment_0443,carrying,1.0,350.0,0.48302769942976326,1.062
P11,01,segment_0446,free_movement,3.0,10.0,0.40155126863887947,1.7205
P11,01,segment_0448,free_movement,2.0,-10.0,0.306901796330375,1.6375
P11,01,segment_0449,carrying,2.0,335.0,0.3933960974491291,1.367
P11,01,segment_0452,free_movement,2.25,60.0,0.5434760854612417,1.2985
P11,01,segment_0453,carrying,2.25,-50.0,0.31080876921191464,1.273
P11,01,segment_0454,free_movement,3.0,340.0,0.7082611945210598,1.266
P11,01,segment_0455,carrying,3.0,-50.0,0.39056460752721517,1.3935
P11,01,segment_0456,free_movement,4.25,-50.0,0.5691377748325753,1.7815
P11,01,segment_0458,free_movement,6.0,0.0,0.6342204092037992,2.4485
P11,01,segment_0459,carrying,6.0,-30.0,0.31612446444824255,1.1525
P11,01,segment_0460,free_movement,0.75,90.0,0.5443747425456131,1.6025
P11,01,segment_0464,free_movement,2.0,90.0,0.301975415527776,1.685
P11,01,segment_0465,carrying,2.0,-45.0,0.38367837833489893,1.092
P11,01,segment_0466,free_movement,4.25,60.0,0.4307571825051094,2.4125
P11,01,segment_0467,carrying,4.25,210.0,0.30329813631569147,0.872
P11,01,segment_0468,free_movement,6.0,280.0,0.3534836998424368,1.8205
P11,01,segment_0470,free_movement,3.0,55.0,0.4437434552102223,1.7555
P11,01,segment_0473,carrying,2.25,-50.0,0.39380630405027545,1.54
P11,01,segment_0476,free_movement,6.0,290.0,0.39612568196345094,1.8515
P11,01,segment_0480,free_movement,4.25,175.0,0.6851618419257546,1.51
P11,01,segment_0481,carrying,4.25,335.0,0.3023722329680369,1.2025
P11,01,segment_0483,carrying,2.0,-35.0,0.39970958623172137,0.8875
P11,01,segment_0484,free_movement,0.75,0.0,0.42100813046738983,1.217
P11,01,segment_0485,carrying,0.75,-50.0,0.41730689665783377,1.5505
P11,01,segment_0486,free_movement,3.0,175.0,0.4612203252182901,1.6635
P11,01,segment_0487,carrying,3.0,240.0,0.5241258503268895,0.952
P11,01,segment_0488,free_movement,2.25,345.0,0.33581287447728175,1.9385
P11,01,segment_0489,carrying,2.25,350.0,0.5380329887795829,1.509
P11,01,segment_0490,free_movement,0.75,-50.0,0.4016232527665847,1.761
P11,01,segment_0491,carrying,0.75,335.0,0.5886035668210241,0.757
P11,01,segment_0492,free_movement,2.25,0.0,0.515406455058472,1.7065
P11,01,segment_0496,free_movement,6.0,350.0,0.35818319737947313,1.8855
P11,01,segment_0501,free_movement,4.25,215.0,0.36161011464024984,2.184
P11,01,segment_0503,free_movement,2.0,-15.0,0.5352954564051724,1.2505
P11,01,segment_0504,carrying,2.0,165.0,0.3385439508213517,1.383
P11,01,segment_0505,free_movement,3.0,350.0,0.5196035203130458,1.417
P11,01,segment_0507,free_movement,1.0,285.0,0.45706746172619134,1.3885
P11,01,segment_0508,carrying,1.0,165.0,0.5692980312689371,1.3895
P11,01,segment_0509,free_movement,2.25,350.0,0.4578108393703944,1.5235
P11,01,segment_0513,free_movement,2.0,-50.0,0.30611127793034737,1.298
P11,01,segment_0514,carrying,2.0,285.0,0.4343252662326282,1.0135
P11,01,segment_0515,free_movement,3.0,0.0,0.5918841285488167,1.265
P11,01,segment_0516,carrying,3.0,15.0,0.492479496005773,1.1135
P11,01,segment_0517,free_movement,0.75,90.0,0.5840991136623469,0.9935
P11,01,segment_0518,carrying,0.75,260.0,0.48466083792307185,1.0085
P11,01,segment_0519,free_movement,2.25,-20.0,0.37711314583748723,1.427
P11,01,segment_0520,carrying,2.25,185.0,0.4159720830987729,1.304
P11,01,segment_0521,free_movement,6.0,350.0,0.5067401500725316,1.319
P11,01,segment_0527,free_movement,0.75,5.0,0.38931715220943064,1.376
P11,01,segment_0528,carrying,0.75,-10.0,0.5180807659223132,1.1935
P11,01,segment_0529,free_movement,3.0,5.0,0.4950459585008401,1.617
P11,01,segment_0530,carrying,3.0,-10.0,0.4851630519381926,1.3975
P11,01,segment_0531,free_movement,4.25,55.0,0.46602850143522107,1.6375
P11,01,segment_0532,carrying,4.25,45.0,0.33500107617139613,0.8995
P11,01,segment_0533,free_movement,6.0,115.0,0.31268435234280034,1.213
P11,01,segment_0534,carrying,6.0,-50.0,0.5499554462223243,0.8805
P11,01,segment_0535,free_movement,2.0,85.0,0.4276834941299323,1.1095
P11,01,segment_0537,free_movement,1.0,75.0,0.5526043121173394,0.9845
P11,01,segment_0538,carrying,1.0,-50.0,0.438882205627089,0.77
P11,01,segment_0541,free_movement,6.0,5.0,0.5257846182582956,0.9985
P11,01,segment_0543,free_movement,2.25,5.0,0.5721788239880576,1.3355
P11,01,segment_0544,carrying,2.25,-50.0,0.4051406736561394,1.6995
P11,01,segment_0545,free_movement,2.0,195.0,0.49882654782541824,1.326
P11,01,segment_0547,free_movement,1.0,5.0,0.4113183150176676,1.291
P11,01,segment_0548,carrying,1.0,-50.0,0.5452046574861725,0.9355
P11,01,segment_0549,free_movement,0.75,75.0,0.3879946429145767,1.469
P11,01,segment_0550,carrying,0.75,90.0,0.423354247048071,0.9465
P11,01,segment_0551,free_movement,4.25,220.0,0.5904327234448599,1.5965
P11,01,segment_0553,free_movement,3.0,0.0,0.5764252449050026,1.246
P11,01,segment_0554,carrying,3.0,-5.0,0.4117142995578836,0.759
P11,01,segment_0556,carrying,3.0,-25.0,0.6378482657503417,0.7795
P11,01,segment_0557,free_movement,1.0,195.0,0.6418081308824154,1.339
P11,01,segment_0559,free_movement,6.0,230.0,0.5395965978772592,1.1495
P11,01,segment_0561,free_movement,2.25,240.0,0.6666016070816931,1.1625
P11,01,segment_0562,carrying,2.25,-50.0,0.3549560521015104,0.9435
P11,01,segment_0563,free_movement,4.25,-10.0,0.3772194552461169,1.545
P11,01,segment_0564,carrying,4.25,-50.0,0.32847531834002774,0.8175
P11,01,segment_0565,free_movement,2.0,-40.0,0.36514756122795033,0.996
P11,01,segment_0567,free_movement,0.75,0.0,0.6994291037680668,1.1955
P11,01,segment_0568,carrying,0.75,60.0,0.6436933463917879,0.8525
P11,01,segment_0569,free_movement,6.0,15.0,0.6135343461772048,1.1015
P11,01,segment_0571,free_movement,2.25,295.0,0.4063463273590738,1.4045
P11,01,segment_0572,carrying,2.25,-50.0,0.3930753289838814,1.462
P11,01,segment_0574,carrying,0.75,255.0,0.4148226601933851,0.9085
P11,01,segment_0575,free_movement,3.0,105.0,0.3787045474511245,1.209
P11,01,segment_0576,carrying,3.0,330.0,0.34605131732926475,1.566
P11,01,segment_0577,free_movement,4.25,235.0,0.43344074120706316,1.637
P11,01,segment_0579,free_movement,1.0,175.0,0.38286516582154617,1.352
P11,01,segment_0581,free_movement,2.0,5.0,0.3882258892756661,1.162
P11,01,segment_0582,carrying,2.0,-50.0,0.4577180278872424,1.401
P11,01,segment_0583,free_movement,2.25,10.0,0.5246965886172076,1.0145
P11,01,segment_0584,carrying,2.25,-45.0,0.4494359160240812,1.82
P11,01,segment_0585,free_movement,0.75,260.0,0.46819690680806925,0.9915
P11,01,segment_0586,carrying,0.75,-10.0,0.6937819077482307,0.818
P11,01,segment_0587,free_movement,4.25,75.0,0.477146097178122,1.364
P11,01,segment_0588,carrying,4.25,-30.0,0.4027686772915002,1.409
P11,01,segment_0589,free_movement,1.0,230.0,0.33580633543816235,0.9405
P11,01,segment_0590,carrying,1.0,-20.0,0.5909869377846152,1.293
P11,01,segment_0592,carrying,6.0,-50.0,0.37502420657046814,0.816
P11,01,segment_0593,free_movement,2.0,-10.0,0.5034818196507667,1.714
P11,01,segment_0594,carrying,2.0,105.0,0.5206475348162164,1.0315
P11,01,segment_0595,free_movement,3.0,125.0,0.5189877132936462,1.0225
P11,01,segment_0597,free_movement,2.25,320.0,0.5226293835405168,1.275
P11,01,segment_0599,free_movement,4.25,25.0,0.6190442242244149,1.1545
P11,01,segment_0601,free_movement,6.0,165.0,0.529197267307495,1.3355
P11,01,segment_0603,free_movement,2.0,-50.0,0.3651576739959885,1.306
P11,01,segment_0604,carrying,2.0,-10.0,0.5766445711390183,1.3235
P11,01,segment_0605,free_movement,0.75,85.0,0.3900936784769111,0.9355
P11,01,segment_0606,carrying,0.75,350.0,0.3125301914110256,1.2985
P11,01,segment_0609,free_movement,3.0,135.0,0.5265906739728927,1.044
P11,01,segment_0610,carrying,3.0,-50.0,0.30973599090234927,1.309
P11,01,segment_0611,free_movement,2.25,300.0,0.4512657595801737,1.6015
P11,01,segment_0613,free_movement,6.0,285.0,0.49497141680763307,1.152
P11,01,segment_0614,carrying,6.0,-50.0,0.3617654795405365,1.112
P11,01,segment_0615,free_movement,0.75,190.0,0.558786931050407,1.2525
P11,01,segment_0616,carrying,0.75,-20.0,0.482178867192332,1.332
P11,01,segment_0617,free_movement,4.25,295.0,0.38853828571414517,1.7105
P11,01,segment_0618,carrying,4.25,-35.0,0.4552513859586927,1.2095
P11,01,segment_0621,free_movement,2.0,-5.0,0.332359376324563,1.144
P11,01,segment_0623,free_movement,1.0,260.0,0.32904815002031784,1.258
P11,01,segment_0627,free_movement,1.0,0.0,0.6121155958776239,1.384
P11,01,segment_0629,free_movement,4.25,50.0,0.5772779312114832,1.485
P11,01,segment_0631,free_movement,3.0,-10.0,0.30774506643958704,1.4185
P11,01,segment_0632,carrying,3.0,350.0,0.4344114656785125,0.976
P11,01,segment_0633,free_movement,2.25,245.0,0.41101894888623486,1.129
P11,01,segment_0635,free_movement,0.75,-50.0,0.3906865926037731,1.0185
P11,01,segment_0636,carrying,0.75,260.0,0.30285154501356654,1.11
P11,01,segment_0637,free_movement,6.0,0.0,0.659329575571893,1.32
P11,01,segment_0638,carrying,6.0,-15.0,0.3394423621470905,1.2035
P11,01,segment_0639,free_movement,4.25,315.0,0.4391461148202624,1.5545
P11,01,segment_0646,carrying,2.0,-50.0,0.3895025940788341,1.437
P11,01,segment_0647,free_movement,0.75,150.0,0.4342607371916794,1.217
P11,01,segment_0649,free_movement,3.0,5.0,0.40943172618584417,1.2445
P11,01,segment_0650,carrying,3.0,-45.0,0.4007904360159937,1.352
P11,01,segment_0651,free_movement,2.25,245.0,0.3512750005331852,1.152
P11,01,segment_0653,free_movement,0.75,-50.0,0.32454847679948756,1.415
P11,01,segment_0654,carrying,0.75,305.0,0.5480973283297563,1.053
P11,01,segment_0656,carrying,3.0,-50.0,0.44088361796461556,1.4695
P11,01,segment_0659,free_movement,4.25,70.0,0.3484057485981373,1.935
P11,01,segment_0660,carrying,4.25,270.0,0.3993844856138042,0.7875
P11,01,segment_0661,free_movement,2.0,255.0,0.4574496720565559,1.2105
P11,01,segment_0663,free_movement,2.25,330.0,0.39691059444964094,1.397
P11,01,segment_0664,carrying,2.25,-50.0,0.32971210261652417,1.0515
P11,01,segment_0666,carrying,1.0,115.0,0.4220286942229352,0.9775
P11,01,segment_0669,free_movement,1.0,260.0,0.42001951539587173,1.453
P11,01,segment_0670,carrying,1.0,-50.0,0.32370781880169314,1.403
P11,01,segment_0671,free_movement,0.75,290.0,0.4354392690119218,1.2085
P11,01,segment_0673,free_movement,2.25,-10.0,0.3745524804189363,1.2965
P11,01,segment_0674,carrying,2.25,320.0,0.5328573204811173,0.94
P11,01,segment_0675,free_movement,3.0,0.0,0.6337446612682373,2.0765
P11,01,segment_0677,free_movement,4.25,150.0,0.4461215531828389,1.426
P11,01,segment_0679,free_movement,6.0,0.0,0.5880255096717065,1.667
P11,01,segment_0680,carrying,6.0,35.0,0.40384649912333975,0.957
P11,01,segment_0681,free_movement,2.25,270.0,0.34504539319751704,1.361
P11,01,segment_0682,carrying,2.25,-15.0,0.3583185585352746,1.248
P11,01,segment_0683,free_movement,3.0,235.0,0.33015158251084703,1.2185
P11,01,segment_0686,carrying,6.0,-50.0,0.41461295317023866,1.28
P11,01,segment_0687,free_movement,4.25,230.0,0.33232088084291017,1.49
P11,01,segment_0689,free_movement,2.0,200.0,0.4277555990825501,1.169
P11,01,segment_0690,carrying,2.0,-45.0,0.6137149412055557,1.3625
P11,01,segment_0691,free_movement,0.75,0.0,0.6831519761851099,1.3735
P11,01,segment_0692,carrying,0.75,315.0,0.7035214020639735,0.774
P11,01,segment_0693,free_movement,1.0,145.0,0.37664456302896665,1.7275
P11,01,segment_0694,carrying,1.0,-50.0,0.3801311737810359,1.072
P11,01,segment_0695,free_movement,0.75,350.0,0.37260973137340575,1.0875
P11,01,segment_0696,carrying,0.75,185.0,0.3099161613063319,1.2815
P11,01,segment_0697,free_movement,2.0,0.0,0.4291446069688275,1.6395
P11,01,segment_0698,carrying,2.0,-25.0,0.4755884661659598,1.124
P11,01,segment_0699,free_movement,4.25,45.0,0.5384137536614985,1.3965
P11,01,segment_0700,carrying,4.25,350.0,0.38180615802589074,0.817
P11,01,segment_0701,free_movement,1.0,-30.0,0.43432817015607483,1.074
P11,01,segment_0702,carrying,1.0,40.0,0.4554468222767949,1.49
P11,01,segment_0703,free_movement,2.25,275.0,0.4525153462471116,1.4145
P11,01,segment_0704,carrying,2.25,110.0,0.48932645281776355,1.538
P11,01,segment_0705,free_movement,3.0,350.0,0.4681356017406683,0.961
P11,01,segment_0706,carrying,3.0,20.0,0.5718572599384566,0.819
P11,01,segment_0709,free_movement,2.25,70.0,0.43467462561529985,1.4975
P11,01,segment_0710,carrying,2.25,-35.0,0.3793356412958308,1.009
P11,01,segment_0711,free_movement,6.0,10.0,0.34271439195908465,1.5805
P11,01,segment_0712,carrying,6.0,15.0,0.3622485370475577,1.157
P11,01,segment_0714,carrying,3.0,-50.0,0.4008932704751749,1.12
P11,01,segment_0715,free_movement,4.25,170.0,0.3798186910791375,1.7235
P11,01,segment_0716,carrying,4.25,-50.0,0.34488259359384704,1.127
P11,01,segment_0717,free_movement,2.0,-10.0,0.4629344742265145,1.267
P11,01,segment_0718,carrying,2.0,-20.0,0.3980619985764877,1.2705
P11,01,segment_0719,free_movement,1.0,230.0,0.4172645799239531,1.1985
P11,01,segment_0720,carrying,1.0,-40.0,0.5147046796884442,1.134
P11,01,segment_0721,free_movement,0.75,210.0,0.4956080164833121,1.2145
P11,01,segment_0723,free_movement,1.0,260.0,0.6603167721136594,1.1875
P11,01,segment_0724,carrying,1.0,-50.0,0.3171084730957966,1.1405
P11,01,segment_0725,free_movement,0.75,5.0,0.6585722059001762,1.45
P11,01,segment_0730,carrying,6.0,-50.0,0.38419086000626534,1.0915
P11,01,segment_0731,free_movement,2.25,210.0,0.4103925077520798,1.1625
P11,01,segment_0734,carrying,2.0,135.0,0.3098708992028727,1.3835
P11,01,segment_0735,free_movement,4.25,225.0,0.36234208324573025,1.5015
P11,01,segment_0737,free_movement,4.25,285.0,0.5717490648581784,1.4915
P11,01,segment_0739,free_movement,2.25,130.0,0.4305051542628764,1.6325
P11,01,segment_0740,carrying,2.25,305.0,0.37086593763834746,1.047
P11,01,segment_0741,free_movement,2.0,35.0,0.4390510856111367,1.317
P11,01,segment_0745,free_movement,3.0,35.0,0.44816588614838004,1.59
P11,01,segment_0746,carrying,3.0,45.0,0.435576955598386,1.072
P11,01,segment_0749,free_movement,1.0,-5.0,0.6911906210432722,1.502
P11,01,segment_0750,carrying,1.0,170.0,0.41895364757941894,1.1245
P11,01,segment_0751,free_movement,6.0,230.0,0.5424780054349733,1.35
P11,01,segment_0753,free_movement,0.75,120.0,0.3642854611154087,1.1795
P11,01,segment_0757,free_movement,4.25,10.0,0.4813945511995107,1.518
P11,01,segment_0758,carrying,4.25,50.0,0.3464887055294467,0.842
P11,01,segment_0760,carrying,2.25,-50.0,0.3355053186428047,0.8405
P11,01,segment_0761,free_movement,3.0,-5.0,0.3835103325692348,1.569
P11,01,segment_0764,carrying,2.0,-50.0,0.42504663994809755,1.2415
P11,01,segment_0765,free_movement,2.0,40.0,0.5536803776131317,1.7875
P11,01,segment_0768,carrying,6.0,-50.0,0.647285237746136,0.967
P11,01,segment_0769,free_movement,2.25,305.0,0.3572245755682713,1.5315
P11,01,segment_0770,carrying,2.25,-50.0,0.4236757251501155,1.803
P11,01,segment_0771,free_movement,1.0,175.0,0.3427529853571104,1.128
P11,01,segment_0775,free_movement,0.75,300.0,0.4863442331802909,1.2205
P11,01,segment_0776,carrying,0.75,10.0,0.6702631940382295,0.932
P11,01,segment_0777,free_movement,4.25,-20.0,0.39752903588647265,1.424
P11,01,segment_0779,free_movement,2.25,160.0,0.3142848684016152,1.064
P11,01,segment_0781,free_movement,4.25,200.0,0.33456499303776494,1.226
P11,01,segment_0784,carrying,0.75,-45.0,0.5716293895967908,0.764
P11,01,segment_0785,free_movement,1.0,160.0,0.5830278592600517,1.2215
P11,01,segment_0786,carrying,1.0,-50.0,0.3197956393572799,1.1085
P11,01,segment_0789,free_movement,3.0,260.0,0.759608659538865,1.346
P11,01,segment_0791,free_movement,2.0,70.0,0.4731994714371836,1.0695
P11,01,segment_0792,carrying,2.0,-50.0,0.45328034248961263,1.164
P11,01,segment_0793,free_movement,4.25,125.0,0.49294284946564326,1.3035
P11,01,segment_0794,carrying,4.25,205.0,0.40183916158927063,0.815
P11,01,segment_0795,free_movement,6.0,350.0,0.5117107752940933,1.6545
P11,01,segment_0799,free_movement,2.0,115.0,0.6906558742716038,0.7315
P11,01,segment_0800,carrying,2.0,-50.0,0.4216658092012733,0.9615
P11,01,segment_0801,free_movement,1.0,140.0,0.4046289836819323,1.1985
P11,01,segment_0803,free_movement,3.0,-10.0,0.46120355908322863,1.073
P11,01,segment_0804,carrying,3.0,-50.0,0.34389363836028336,1.071
P11,01,segment_0805,free_movement,2.25,235.0,0.4864951557106147,1.256
P11,01,segment_0807,free_movement,2.0,55.0,0.46467947387479974,1.6435
P11,01,segment_0808,carrying,2.0,345.0,0.449633156326943,0.813
P11,01,segment_0809,free_movement,6.0,0.0,0.5544216601874599,1.2515
P11,01,segment_0811,free_movement,1.0,240.0,0.423119407472969,1.1765
P11,01,segment_0812,carrying,1.0,270.0,0.6375002268946162,0.8765
P11,01,segment_0813,free_movement,4.25,300.0,0.3184049087865288,1.742
P11,01,segment_0815,free_movement,2.25,10.0,0.34982037494006485,1.2465
P11,01,segment_0818,carrying,0.75,-10.0,0.3602014943141901,1.4435
P11,01,segment_0819,free_movement,3.0,140.0,0.5326841040783544,1.0335
P11,01,segment_0820,carrying,3.0,-20.0,0.5000541166629844,1.132
P11,01,segment_0821,free_movement,2.25,-10.0,0.5330592648576347,1.3755
P11,01,segment_0823,free_movement,0.75,-50.0,0.45538884435944293,1.168
P11,01,segment_0826,carrying,6.0,-25.0,0.6536730290936436,0.995
P11,01,segment_0827,free_movement,3.0,10.0,0.3717536345087173,1.896
P11,01,segment_0829,free_movement,1.0,245.0,0.5640489019495206,1.107
P11,01,segment_0830,carrying,1.0,330.0,0.4144269597522745,1.028
P11,01,segment_0831,free_movement,4.25,70.0,0.4479051734905155,1.3385
P11,01,segment_0834,carrying,2.0,30.0,0.45505539812024487,0.818
P11,01,segment_0835,free_movement,0.75,225.0,0.5869105236169049,1.062
P11,01,segment_0836,carrying,0.75,-15.0,0.5418905157479924,0.818
P11,01,segment_0837,free_movement,2.0,350.0,1.1349818661612376,0.8765
P11,01,segment_0838,carrying,2.0,-15.0,0.31692573437266175,0.8035
P11,01,segment_0839,free_movement,1.0,135.0,0.5107150631848553,0.972
P11,01,segment_0840,carrying,1.0,30.0,0.6317779124642083,0.759
P11,01,segment_0841,free_movement,4.25,5.0,0.49855615684630544,1.374
P11,01,segment_0843,free_movement,3.0,115.0,0.5358033886346276,0.9845
P11,01,segment_0844,carrying,3.0,-50.0,0.5125460206935586,1.1345
P11,01,segment_0845,free_movement,2.25,240.0,0.6010544975434975,1.099
P11,01,segment_0846,carrying,2.25,-15.0,0.532922083717077,1.5
P11,01,segment_0847,free_movement,6.0,25.0,0.5335295042791364,1.1795
P11,01,segment_0849,free_movement,0.75,350.0,0.9400281353711569,0.8665
P11,01,segment_0850,carrying,0.75,300.0,0.3453469146866742,1.201
P11,01,segment_0851,free_movement,4.25,135.0,0.4146931706018307,1.4265
P11,01,segment_0854,carrying,2.0,-45.0,0.6150864219657766,0.944
P11,01,segment_0856,carrying,1.0,275.0,0.41069808343131703,1.026
P11,01,segment_0857,free_movement,6.0,10.0,0.45142505182137954,1.3605
P11,01,segment_0858,carrying,6.0,-30.0,0.45235653363444983,0.941
P11,01,segment_0859,free_movement,2.25,50.0,0.41126672377681767,1.2555
P11,01,segment_0860,carrying,2.25,-50.0,0.34321455262399164,0.982
P11,01,segment_0861,free_movement,3.0,170.0,0.4142851593148366,1.2755
P11,01,segment_0862,carrying,3.0,275.0,0.3373481965468399,1.014
P11,01,segment_0863,free_movement,6.0,240.0,0.5255514089590081,1.185
P11,01,segment_0865,free_movement,1.0,220.0,0.38862922757950025,1.075
P11,01,segment_0867,free_movement,4.25,350.0,0.5356422477876625,1.2045
P11,01,segment_0869,free_movement,2.25,125.0,0.6569935734725397,0.8855
P11,01,segment_0873,free_movement,0.75,15.0,0.5427932750037847,0.948
P11,01,segment_0876,carrying,2.0,285.0,0.4057345395770424,1.1495
P11,01,segment_0877,free_movement,2.25,350.0,0.42083944117211103,1.4245
P11,01,segment_0878,carrying,2.25,310.0,0.45648770632514957,0.793
P11,01,segment_0879,free_movement,4.25,315.0,0.534324847619112,1.573
P11,01,segment_0881,free_movement,3.0,0.0,0.466538756568467,1.3375
P11,01,segment_0883,free_movement,2.0,195.0,0.49274664702873144,1.14
P11,01,segment_0884,carrying,2.0,-50.0,0.4393740202410966,0.8
P11,01,segment_0885,free_movement,6.0,-10.0,0.37271530725339597,1.1255
P11,01,segment_0886,carrying,6.0,40.0,0.4812112899606371,0.7715
P11,01,segment_0889,free_movement,1.0,235.0,0.443463268848328,1.148
P11,01,segment_0891,free_movement,3.0,240.0,0.595943749433736,1.21
P11,01,segment_0893,free_movement,4.25,265.0,0.3714724996347061,1.829
P11,01,segment_0896,carrying,6.0,-50.0,0.5470485362294482,1.262
P11,01,segment_0897,free_movement,2.25,90.0,0.5088450927505195,1.255
P11,01,segment_0898,carrying,2.25,-45.0,0.37921076794532754,1.1495
P11,01,segment_0899,free_movement,2.0,245.0,0.353770913245999,1.1735
P11,01,segment_0900,carrying,2.0,-45.0,0.5814079067758987,0.9645
P11,01,segment_0901,free_movement,1.0,350.0,0.5125078941995391,1.223
P11,01,segment_0904,carrying,0.75,270.0,0.4025121180244959,2.2375
P11,01,segment_0909,free_movement,1.0,20.0,0.39149021187431376,0.901
P11,01,segment_0911,free_movement,0.75,320.0,0.3221276605376397,1.1015
P11,01,segment_0912,carrying,0.75,330.0,0.5098145141503361,0.7445
P11,01,segment_0914,carrying,2.25,-35.0,0.35130593918378983,0.849
P11,01,segment_0915,free_movement,6.0,140.0,0.403609188155894,1.036
P11,01,segment_0917,free_movement,2.0,5.0,0.5765054604112888,1.0075
P11,01,segment_0920,carrying,6.0,-35.0,0.5743318226512768,1.0305
P11,01,segment_0921,free_movement,2.0,125.0,0.48437090293073987,1.183
P11,01,segment_0922,carrying,2.0,-50.0,0.39223173434103165,0.8355
P11,01,segment_0923,free_movement,1.0,135.0,0.582136049488607,1.1675
P11,01,segment_0924,carrying,1.0,-5.0,0.34045883155040335,0.725
P11,01,segment_0925,free_movement,4.25,285.0,0.4618571360154397,1.5345
P11,01,segment_0926,carrying,4.25,340.0,0.3095796350803009,1.034
P11,01,segment_0929,free_movement,2.25,150.0,0.42764315435112865,1.424
P11,01,segment_0931,free_movement,3.0,170.0,0.6241183704946276,1.21
P11,01,segment_0932,carrying,3.0,-50.0,0.3391694003600371,1.344
P11,01,segment_0935,free_movement,4.25,290.0,0.410638538416412,1.475
P11,01,segment_0936,carrying,4.25,-50.0,0.32799039736144986,1.071
P11,01,segment_0937,free_movement,2.0,120.0,0.44499130491763794,1.0205
P11,01,segment_0940,carrying,1.0,100.0,0.36244491224256703,1.119
P11,01,segment_0943,free_movement,2.25,260.0,0.44526378798172916,1.206
P11,01,segment_0945,free_movement,6.0,0.0,0.34762934981127597,1.044
P11,01,segment_0947,free_movement,4.25,230.0,0.7313094336724202,1.0995
P11,01,segment_0950,carrying,0.75,285.0,0.52589310149524,0.833
P11,01,segment_0951,free_movement,1.0,300.0,0.3932565633180426,1.1215
P11,01,segment_0952,carrying,1.0,-50.0,0.38551273223374094,1.1905
P11,01,segment_0953,free_movement,2.25,200.0,0.44753752556114534,1.0345
P11,01,segment_0954,carrying,2.25,-40.0,0.3465832788191261,0.903
P11,01,segment_0955,free_movement,6.0,340.0,0.8873569101011363,0.8565
P11,01,segment_0959,free_movement,2.0,170.0,0.4912101660180226,1.0865
P11,01,segment_0961,free_movement,3.0,240.0,0.6081851660079696,1.055
P11,01,segment_0962,carrying,3.0,-50.0,0.41540108517786434,1.007
P11,01,segment_0963,free_movement,6.0,80.0,0.6068263563900107,1.077
P11,01,segment_0964,carrying,6.0,-15.0,0.35786158930288525,0.867
P11,01,segment_0965,free_movement,0.75,90.0,0.5277381484170518,1.005
P11,01,segment_0967,free_movement,2.25,-10.0,0.6087233362264435,0.9035
P11,01,segment_0968,carrying,2.25,-50.0,0.5884898099502816,0.7245
P11,01,segment_0969,free_movement,4.25,290.0,0.3245717093761723,1.524
P11,01,segment_0971,free_movement,2.0,115.0,0.3711915262550462,1.0785
P11,01,segment_0972,carrying,2.0,305.0,0.3405473550371519,1.1455
P11,01,segment_0973,free_movement,1.0,-5.0,0.30413641868616736,1.349
P11,01,segment_0974,carrying,1.0,250.0,0.5936668997908366,0.925
P11,01,segment_0975,free_movement,2.25,5.0,0.30828205482991294,1.3835
P11,01,segment_0976,carrying,2.25,350.0,0.8491516498347782,0.81
P11,01,segment_0977,free_movement,6.0,0.0,0.68765886397634,1.3325
P11,01,segment_0978,carrying,6.0,-10.0,0.39372158895079884,0.9025
P11,01,segment_0979,free_movement,3.0,20.0,0.3938806604773374,1.0605
P11,01,segment_0981,free_movement,1.0,305.0,0.3875921200329787,1.371
P11,01,segment_0982,carrying,1.0,30.0,0.37093021315454744,1.138
P11,01,segment_0983,free_movement,0.75,350.0,0.4402492285273695,1.333
P11,01,segment_0985,free_movement,4.25,165.0,0.4250243391977282,1.324
P11,01,segment_0987,free_movement,2.0,345.0,0.3150749072380358,1.8805
P11,01,segment_0992,carrying,2.0,-50.0,0.30252591215703706,0.992
P11,01,segment_0993,free_movement,2.25,165.0,0.5853957743108692,1.584
P11,01,segment_0995,free_movement,0.75,160.0,0.4827200527450548,1.037
P12,01,segment_0000,free_movement,3.0,5.0,0.5429609034988968,9.9255
P12,01,segment_0002,free_movement,4.25,-30.0,0.5900150183882912,3.498
P12,01,segment_0004,free_movement,6.0,0.0,0.7384631237258076,2.1065
P12,01,segment_0006,free_movement,0.75,220.0,0.5836167922636011,2.501
P12,01,segment_0007,carrying,0.75,155.0,0.30879538174573296,1.071
P12,01,segment_0008,free_movement,1.0,-50.0,0.47630218918943124,1.5555
P12,01,segment_0010,free_movement,2.0,-25.0,0.6737596846107275,2.0345
P12,01,segment_0012,free_movement,2.25,155.0,0.5492511889632005,1.33
P12,01,segment_0013,carrying,2.25,185.0,0.3021560271102902,1.245
P12,01,segment_0014,free_movement,6.0,5.0,0.7179549573023745,2.6525
P12,01,segment_0016,free_movement,2.0,350.0,0.43606385295742744,1.469
P12,01,segment_0020,free_movement,4.25,0.0,0.7091345267813488,1.7505
P12,01,segment_0021,carrying,4.25,350.0,0.43595806526108405,1.0685
P12,01,segment_0022,free_movement,2.25,-50.0,0.6640940681733376,1.157
P12,01,segment_0024,free_movement,1.0,205.0,0.5727919253017433,1.4645
P12,01,segment_0026,free_movement,3.0,245.0,0.4962001499003551,1.171
P12,01,segment_0028,free_movement,3.0,-15.0,0.4510992049584764,1.298
P12,01,segment_0029,carrying,3.0,-15.0,0.320488685392855,1.0505
P12,01,segment_0032,free_movement,2.25,5.0,0.48602057422505585,1.2925
P12,01,segment_0034,free_movement,1.0,0.0,0.5195763272932763,1.2965
P12,01,segment_0036,free_movement,4.25,150.0,0.45198414742642773,1.314
P12,01,segment_0037,carrying,4.25,345.0,0.305458282636565,1.0305
P12,01,segment_0038,free_movement,2.0,-35.0,0.6161529878700305,1.0985
P12,01,segment_0040,free_movement,0.75,215.0,0.5542282723053533,1.351
P12,01,segment_0043,carrying,4.25,335.0,0.44488920225893025,1.24
P12,01,segment_0044,free_movement,6.0,5.0,0.6578041723555533,1.1535
P12,01,segment_0046,free_movement,2.25,210.0,0.46847310180130547,1.4
P12,01,segment_0047,carrying,2.25,-40.0,0.3728745828767479,0.9835
P12,01,segment_0048,free_movement,0.75,-25.0,0.4890113340454671,1.3565
P12,01,segment_0049,carrying,0.75,30.0,0.3300874836189662,0.9465
P12,01,segment_0050,free_movement,3.0,335.0,0.5031418681793681,1.1545
P12,01,segment_0051,carrying,3.0,-25.0,0.5388278362767256,1.0955
P12,01,segment_0052,free_movement,1.0,230.0,0.47424062174875015,1.037
P12,01,segment_0053,carrying,1.0,-30.0,0.4314298485189895,1.0675
P12,01,segment_0054,free_movement,2.0,295.0,0.4371062111033916,1.1795
P12,01,segment_0056,free_movement,0.75,-50.0,0.3567274831969854,1.031
P12,01,segment_0058,free_movement,1.0,350.0,0.5395436898108837,1.0865
P12,01,segment_0059,carrying,1.0,-50.0,0.3514753900388506,0.955
P12,01,segment_0060,free_movement,2.25,245.0,0.46458746729745853,0.878
P12,01,segment_0061,carrying,2.25,-50.0,0.47030001358590945,1.131
P12,01,segment_0062,free_movement,6.0,5.0,0.3674142199924585,1.1255
P12,01,segment_0064,free_movement,4.25,20.0,0.46566836242594467,1.2995
P12,01,segment_0066,free_movement,2.0,0.0,0.6891904003155209,1.4095
P12,01,segment_0068,free_movement,3.0,-45.0,0.3859616341765397,1.0225
P12,01,segment_0070,free_movement,4.25,5.0,0.51476175279135,1.309
P12,01,segment_0072,free_movement,3.0,185.0,0.6453347907784583,1.098
P12,01,segment_0073,carrying,3.0,-45.0,0.6161697615251198,0.826
P12,01,segment_0074,free_movement,0.75,-15.0,0.31412160244407145,1.224
P12,01,segment_0077,carrying,1.0,350.0,0.41390658578035566,0.752
P12,01,segment_0078,free_movement,2.0,280.0,0.482735571825049,1.629
P12,01,segment_0080,free_movement,6.0,255.0,0.4833048460949371,1.1445
P12,01,segment_0082,free_movement,2.25,-5.0,0.6631148262371264,1.715
P12,01,segment_0086,free_movement,2.0,150.0,0.7709640146924277,1.315
P12,01,segment_0088,free_movement,6.0,15.0,0.663644514334281,1.5155
P12,01,segment_0090,free_movement,1.0,-15.0,0.4458620088404038,1.206
P12,01,segment_0091,carrying,1.0,-50.0,0.38619073828053996,0.834
P12,01,segment_0092,free_movement,3.0,0.0,0.5464871492714259,1.2035
P12,01,segment_0095,carrying,0.75,-50.0,0.35395564481896524,0.85
P12,01,segment_0098,free_movement,4.25,80.0,0.3768371979927734,1.935
P12,01,segment_0100,free_movement,2.0,10.0,0.4678705091012141,1.4205
P12,01,segment_0102,free_movement,2.25,20.0,0.6214496303496932,1.345
P12,01,segment_0104,free_movement,3.0,-50.0,0.3546981374245033,1.751
P12,01,segment_0105,carrying,3.0,-50.0,0.47299676854076383,1.2515
P12,01,segment_0107,carrying,0.75,255.0,0.4318363184487521,2.9155
P12,01,segment_0110,free_movement,6.0,0.0,0.8240632263906427,1.4955
P12,01,segment_0111,carrying,6.0,-40.0,0.392529136679619,0.928
P12,01,segment_0112,free_movement,1.0,230.0,0.5620016132696783,1.2975
P12,01,segment_0113,carrying,1.0,-50.0,0.33284541452359573,0.9785
P12,01,segment_0114,free_movement,4.25,145.0,0.5834943788005886,1.3005
P12,01,segment_0115,carrying,4.25,225.0,0.527321116015214,0.955
P12,01,segment_0116,free_movement,2.25,280.0,0.35194305213909954,1.801
P12,01,segment_0118,free_movement,0.75,275.0,0.3045658289636443,1.521
P12,01,segment_0119,carrying,0.75,-40.0,0.3761441484901158,1.0205
P12,01,segment_0120,free_movement,6.0,-15.0,0.4658109015212706,1.427
P12,01,segment_0122,free_movement,3.0,-20.0,0.33762090525153615,1.18
P12,01,segment_0124,free_movement,2.0,260.0,0.5069224850099315,1.371
P12,01,segment_0126,free_movement,6.0,45.0,0.45783335302822337,1.624
P12,01,segment_0128,free_movement,4.25,55.0,0.45534603023254927,1.486
P12,01,segment_0129,carrying,4.25,-50.0,0.30694540908109214,0.8935
P12,01,segment_0133,carrying,3.0,-50.0,0.3396594420070332,0.9915
P12,01,segment_0134,free_movement,0.75,215.0,0.3986807849124714,1.4355
P12,01,segment_0137,carrying,2.0,-50.0,0.4965474283533174,0.882
P12,01,segment_0138,free_movement,2.25,20.0,0.3647555601031741,1.3515
P12,01,segment_0140,free_movement,6.0,5.0,0.5740302083905098,1.4895
P12,01,segment_0142,free_movement,4.25,330.0,0.3649725610099239,1.334
P12,01,segment_0144,free_movement,3.0,40.0,0.6073094238487281,1.38
P12,01,segment_0146,free_movement,2.0,200.0,0.43771550117751296,1.3325
P12,01,segment_0148,free_movement,0.75,0.0,0.5711636968398813,1.3315
P12,01,segment_0150,free_movement,1.0,0.0,0.5307733686008203,1.2875
P12,01,segment_0151,carrying,1.0,350.0,0.3524379852410658,1.0415
P12,01,segment_0153,carrying,2.25,320.0,0.4174055798917712,0.8515
P12,01,segment_0154,free_movement,2.0,-40.0,0.3456096893539169,1.309
P12,01,segment_0156,free_movement,4.25,-40.0,0.6348374707321424,1.3915
P12,01,segment_0158,free_movement,0.75,330.0,0.6019726328463774,1.5715
P12,01,segment_0160,free_movement,6.0,0.0,0.7631448868203693,1.4085
P12,01,segment_0162,free_movement,1.0,350.0,0.4272263537376407,1.64
P12,01,segment_0166,free_movement,2.25,0.0,0.5079036165941313,1.3115
P12,01,segment_0167,carrying,2.25,350.0,0.34490361590862467,1.064
P12,01,segment_0168,free_movement,1.0,345.0,0.31014321330393463,1.663
P12,01,segment_0170,free_movement,6.0,5.0,0.5074257208270924,1.5015
P12,01,segment_0172,free_movement,2.25,-20.0,0.5233532207624498,1.6625
P12,01,segment_0174,free_movement,0.75,-25.0,0.39959796873695325,1.128
P12,01,segment_0176,free_movement,4.25,350.0,0.31008593747230295,0.981
P12,01,segment_0178,free_movement,2.0,290.0,0.41173695965310175,1.397
P12,01,segment_0180,free_movement,3.0,0.0,0.4177289835341422,1.598
P12,01,segment_0183,carrying,1.0,-50.0,0.4267066042146181,0.9245
P12,01,segment_0188,free_movement,2.0,0.0,0.7289751023164347,1.248
P12,01,segment_0190,free_movement,3.0,0.0,0.6095990630603262,1.357
P12,01,segment_0194,free_movement,4.25,210.0,0.4462266806810273,1.365
P12,01,segment_0196,free_movement,6.0,235.0,0.3252702220042628,1.4935
P12,01,segment_0198,free_movement,2.0,290.0,0.49178551485908834,1.112
P12,01,segment_0200,free_movement,1.0,10.0,0.5882349545288955,1.2655
P12,01,segment_0202,free_movement,3.0,-30.0,0.4066850111873672,1.843
P12,01,segment_0204,free_movement,4.25,290.0,0.38857725145420785,1.479
P12,01,segment_0208,free_movement,2.25,-50.0,0.43034808552600645,1.6595
P12,01,segment_0209,carrying,2.25,-45.0,0.34594731416353935,1.398
P12,01,segment_0212,free_movement,6.0,-25.0,0.5618490899232661,1.014
P12,01,segment_0215,carrying,0.75,45.0,0.42853252799563984,1.3825
P12,01,segment_0219,carrying,2.25,300.0,0.5609862777503812,0.7155
P12,01,segment_0222,free_movement,4.25,5.0,0.521721346535501,1.4995
P12,01,segment_0224,free_movement,2.0,145.0,0.5342623940868093,1.248
P12,01,segment_0226,free_movement,4.25,50.0,0.5399040265001616,1.8475
P12,01,segment_0228,free_movement,1.0,285.0,0.583518472141939,1.173
P12,01,segment_0230,free_movement,6.0,115.0,0.4987367850706126,1.3115
P12,01,segment_0232,free_movement,3.0,0.0,0.6363313057433456,1.2035
P12,01,segment_0234,free_movement,2.25,5.0,0.5374450788487992,1.503
P12,01,segment_0238,free_movement,6.0,0.0,0.7609339889724734,1.439
P12,01,segment_0240,free_movement,2.25,0.0,0.4418903253632744,1.2165
P12,01,segment_0241,carrying,2.25,-50.0,0.3274736486271994,1.0475
P12,01,segment_0243,carrying,1.0,-50.0,0.31149900844079925,1.108
P12,01,segment_0244,free_movement,3.0,0.0,0.5598125533324076,1.301
P12,01,segment_0245,carrying,3.0,-45.0,0.3596023790780619,0.8515
P12,01,segment_0246,free_movement,2.0,275.0,0.4614728798325737,1.3125
P12,01,segment_0247,carrying,2.0,-50.0,0.33920298892664197,1.2725
P12,01,segment_0248,free_movement,0.75,320.0,0.5107310615853181,1.2925
P12,01,segment_0249,carrying,0.75,-25.0,0.5565841353373033,1.0955
P12,01,segment_0250,free_movement,4.25,5.0,0.7015792895516789,1.1615
P12,01,segment_0254,free_movement,2.0,5.0,0.6665147176832618,1.49
P12,01,segment_0257,carrying,0.75,290.0,0.35158250190779544,1.147
P12,01,segment_0258,free_movement,3.0,5.0,0.5398929652175382,1.877
P12,01,segment_0260,free_movement,6.0,0.0,0.7092055868659571,1.475
P12,01,segment_0263,carrying,1.0,-40.0,0.6495095476829725,0.7165
P12,01,segment_0264,free_movement,4.25,200.0,0.42569844930971723,1.455
P12,01,segment_0266,free_movement,0.75,345.0,0.32531659395902296,1.51
P12,01,segment_0268,free_movement,1.0,5.0,0.40422263431351185,1.573
P12,01,segment_0269,carrying,1.0,350.0,0.3560622409402414,1.248
P12,01,segment_0271,carrying,2.0,-45.0,0.30047598850967383,1.027
P12,01,segment_0272,free_movement,2.25,305.0,0.38466592308480635,1.3115
P12,01,segment_0274,free_movement,4.25,5.0,0.5869173266168063,1.82
P12,01,segment_0276,free_movement,3.0,-5.0,0.32184621284248005,1.129
P12,01,segment_0278,free_movement,6.0,-35.0,0.3721459860011683,1.12
P12,01,segment_0280,free_movement,2.25,205.0,0.5218448961266302,1.461
P12,01,segment_0281,carrying,2.25,-40.0,0.48217141751605586,0.9925
P12,01,segment_0282,free_movement,6.0,350.0,0.3375303434249066,1.4345
P12,01,segment_0283,carrying,6.0,300.0,0.3088503225232782,1.1435
P12,01,segment_0284,free_movement,4.25,-5.0,0.5123156271788429,1.344
P12,01,segment_0286,free_movement,2.0,-50.0,0.4885010567604664,1.1495
P12,01,segment_0288,free_movement,0.75,350.0,0.5210043067338846,1.377
P12,01,segment_0290,free_movement,1.0,-5.0,0.40260207761355926,1.181
P12,01,segment_0292,free_movement,3.0,-15.0,0.500229082213344,1.1005
P12,01,segment_0293,carrying,3.0,-50.0,0.3205872023130261,0.9475
P12,01,segment_0294,free_movement,6.0,285.0,0.3113180265763475,1.5445
P12,01,segment_0296,free_movement,0.75,350.0,0.3887970646099076,1.178
P12,01,segment_0297,carrying,0.75,335.0,0.41545856377413476,0.8305
P12,01,segment_0298,free_movement,2.0,-15.0,0.4619767104512079,1.147
P12,01,segment_0300,free_movement,4.25,10.0,0.3614796209255829,1.2255
P12,01,segment_0301,carrying,4.25,-50.0,0.3836429558512499,1.0235
P12,01,segment_0302,free_movement,3.0,155.0,0.6541530206639875,1.161
P12,01,segment_0306,free_movement,2.25,5.0,0.49200914096872483,1.171
P12,01,segment_0307,carrying,2.25,-10.0,0.426762639998462,1.8085
P12,01,segment_0308,free_movement,1.0,0.0,0.30066158764760204,1.7125
P12,01,segment_0309,carrying,1.0,-40.0,0.3688780382923182,1.1125
P12,01,segment_0310,free_movement,2.25,350.0,0.34083988222814854,1.282
P12,01,segment_0312,free_movement,2.0,0.0,0.7273210448663107,1.0375
P12,01,segment_0314,free_movement,3.0,180.0,0.5144103060022004,1.1245
P12,01,segment_0315,carrying,3.0,-50.0,0.3926445971340844,0.8195
P12,01,segment_0316,free_movement,4.25,10.0,0.3551212999032771,1.528
P12,01,segment_0318,free_movement,6.0,-5.0,0.3987633849499935,0.9915
P12,01,segment_0320,free_movement,0.75,350.0,0.3549682951076587,1.1795
P12,01,segment_0322,free_movement,1.0,0.0,0.45433396387282193,1.154
P12,01,segment_0323,carrying,1.0,-50.0,0.63742333944921,0.8555
P12,01,segment_0324,free_movement,0.75,-50.0,0.30292303587995734,1.2205
P12,01,segment_0326,free_movement,3.0,0.0,0.811970386410054,1.384
P12,01,segment_0327,carrying,3.0,-50.0,0.4656340762946621,0.836
P12,01,segment_0328,free_movement,6.0,-10.0,0.6189361879381186,1.2965
P12,01,segment_0330,free_movement,2.25,0.0,0.4935793319690208,1.3415
P12,01,segment_0332,free_movement,2.0,215.0,0.3729288288661781,1.215
P12,01,segment_0334,free_movement,4.25,305.0,0.612635615816177,1.2
P12,01,segment_0336,free_movement,2.25,-10.0,0.4237388498605044,1.319
P12,01,segment_0337,carrying,2.25,-50.0,0.4999867933270994,0.9205
P12,01,segment_0338,free_movement,3.0,5.0,0.5018355616013731,1.3205
P12,01,segment_0339,carrying,3.0,-40.0,0.5492079698857225,0.8795
P12,01,segment_0342,free_movement,0.75,-40.0,0.43314404281365576,1.0245
P12,01,segment_0343,carrying,0.75,125.0,0.300632395823931,1.482
P12,01,segment_0346,free_movement,2.0,260.0,0.6560967241881775,1.2375
P12,01,segment_0348,free_movement,6.0,215.0,0.41585400215970625,1.253
P12,01,segment_0350,free_movement,1.0,-45.0,0.3537130838024884,1.1245
P12,01,segment_0351,carrying,1.0,-50.0,0.35311671357635244,0.8295
P12,01,segment_0352,free_movement,2.25,5.0,0.3375781664536145,1.5045
P12,01,segment_0353,carrying,2.25,330.0,0.574351482933591,0.8205
P12,01,segment_0354,free_movement,4.25,-35.0,0.5034397676927861,1.2355
P12,01,segment_0355,carrying,4.25,350.0,0.5233882172722643,0.9825
P12,01,segment_0356,free_movement,2.0,-50.0,0.49459956113537856,1.7265
P12,01,segment_0357,carrying,2.0,-50.0,0.31447585732278704,0.822
P12,01,segment_0359,carrying,0.75,30.0,0.30770610123428654,2.8895
P12,01,segment_0360,free_movement,3.0,-10.0,0.400270401526707,1.1635
P12,01,segment_0361,carrying,3.0,-30.0,0.4135456412751398,0.877
P12,01,segment_0362,free_movement,6.0,0.0,0.5045792464852661,1.216
P12,01,segment_0363,carrying,6.0,-50.0,0.31415374922019623,0.888
P12,01,segment_0366,free_movement,2.25,255.0,0.5244334438545201,1.312
P12,01,segment_0367,carrying,2.25,-50.0,0.3121047762033582,1.4295
P12,01,segment_0370,free_movement,1.0,-5.0,0.32975289434377525,1.7865
P12,01,segment_0372,free_movement,4.25,5.0,0.6211838786263172,1.245
P12,01,segment_0374,free_movement,0.75,-10.0,0.36525507898916015,0.8995
P12,01,segment_0376,free_movement,6.0,140.0,0.438119627659684,1.43
P12,01,segment_0378,free_movement,6.0,5.0,0.6017269804387944,1.4415
P12,01,segment_0383,carrying,1.0,280.0,0.651416286287873,0.806
P12,01,segment_0384,free_movement,2.0,-50.0,0.41471946050960257,1.359
P12,01,segment_0386,free_movement,3.0,-25.0,0.35844508909737244,1.4975
P12,01,segment_0388,free_movement,0.75,175.0,0.5024361728014243,1.15
P12,01,segment_0390,free_movement,4.25,-10.0,0.7869585983356165,1.4555
P12,01,segment_0392,free_movement,2.0,160.0,0.38909068733887886,1.443
P12,01,segment_0394,free_movement,3.0,150.0,0.49520127992169644,2.0955
P12,01,segment_0396,free_movement,1.0,195.0,0.47721843291973987,1.094
P12,01,segment_0397,carrying,1.0,330.0,0.36485457770024876,0.897
P12,01,segment_0398,free_movement,0.75,275.0,0.5501937465620286,1.175
P12,01,segment_0399,carrying,0.75,350.0,0.5635257726787909,0.824
P12,01,segment_0401,carrying,4.25,250.0,0.3599635282252052,1.0305
P12,01,segment_0402,free_movement,2.25,5.0,0.4601182649810561,1.2415
P12,01,segment_0403,carrying,2.25,295.0,0.4279224111054512,1.585
P12,01,segment_0404,free_movement,6.0,0.0,0.5706238021055463,1.1385
P12,01,segment_0406,free_movement,6.0,0.0,0.5348531917200987,1.0155
P12,01,segment_0408,free_movement,3.0,0.0,0.5275837208283372,1.3485
P12,01,segment_0410,free_movement,4.25,5.0,0.6021755960379634,1.4175
P12,01,segment_0412,free_movement,0.75,-35.0,0.4922584828245566,0.9965
P12,01,segment_0414,free_movement,2.25,215.0,0.37147720124183264,1.1555
P12,01,segment_0415,carrying,2.25,-50.0,0.40593729457860556,0.98
P12,01,segment_0416,free_movement,1.0,285.0,0.5075468684016633,1.102
P12,01,segment_0420,free_movement,2.25,0.0,0.5953872589124217,1.2195
P12,01,segment_0424,free_movement,1.0,345.0,0.34448419145821824,1.0285
P12,01,segment_0427,carrying,0.75,-10.0,0.45681516439217795,1.1815
P12,01,segment_0428,free_movement,3.0,235.0,0.3381030995588443,1.3505
P12,01,segment_0429,carrying,3.0,-10.0,0.46322512264759313,0.998
P12,01,segment_0430,free_movement,4.25,5.0,0.6668463058835408,1.315
P12,01,segment_0432,free_movement,2.0,5.0,0.338618624850441,1.4415
P12,01,segment_0433,carrying,2.0,-15.0,0.3397797492718298,0.7905
P12,01,segment_0434,free_movement,6.0,-40.0,0.520491721463839,0.989
P12,01,segment_0436,free_movement,3.0,180.0,0.32687366343359625,1.1665
P12,01,segment_0438,free_movement,2.25,245.0,0.36969340623202795,1.1235
P12,01,segment_0440,free_movement,0.75,-10.0,0.34084742812262503,1.294
P12,01,segment_0441,carrying,0.75,35.0,0.526948508582042,0.884
P12,01,segment_0442,free_movement,1.0,160.0,0.34664307993688787,1.25
P12,01,segment_0443,carrying,1.0,-50.0,0.39009145264901346,0.8745
P12,01,segment_0444,free_movement,4.25,0.0,0.5516725840723227,1.211
P12,01,segment_0446,free_movement,2.0,15.0,0.6733245785968137,1.336
P12,01,segment_0447,carrying,2.0,-15.0,0.3081036914612681,1.208
P12,01,segment_0448,free_movement,1.0,220.0,0.5399273115477708,1.1525
P12,01,segment_0449,carrying,1.0,350.0,0.34003640280750613,1.1115
P12,01,segment_0450,free_movement,0.75,350.0,0.42152365487657395,1.1305
P12,01,segment_0451,carrying,0.75,-50.0,0.3676146300967643,1.19
P12,01,segment_0452,free_movement,2.25,0.0,0.5645984483305599,1.1325
P12,01,segment_0458,free_movement,3.0,0.0,0.5171397597441557,1.232
P12,01,segment_0460,free_movement,6.0,45.0,0.7444229489021759,1.152
P12,01,segment_0462,free_movement,4.25,15.0,0.5382835107857334,1.517
P12,01,segment_0466,free_movement,6.0,0.0,0.6845978210330365,1.176
P12,01,segment_0469,carrying,1.0,-40.0,0.3915484029539045,0.816
P12,01,segment_0470,free_movement,3.0,265.0,0.4789470249301702,0.9485
P12,01,segment_0474,free_movement,2.25,245.0,0.44561619070444836,1.2435
P12,01,segment_0478,free_movement,3.0,250.0,0.5454473067597868,1.1665
P12,01,segment_0479,carrying,3.0,350.0,0.4049897898514252,0.846
P12,01,segment_0480,free_movement,1.0,340.0,0.4499864797651607,1.2155
P12,01,segment_0482,free_movement,6.0,10.0,0.5140645258024609,1.1455
P12,01,segment_0484,free_movement,2.0,275.0,0.6264327423286404,1.0785
P12,01,segment_0486,free_movement,4.25,145.0,0.3587772996953859,1.421
P12,01,segment_0489,carrying,0.75,250.0,0.3194004323223437,0.8465
P12,01,segment_0490,free_movement,3.0,-15.0,0.4819842523188897,1.04
P12,01,segment_0492,free_movement,2.0,0.0,0.3448659455705043,1.197
P12,01,segment_0495,carrying,2.25,-50.0,0.3167010538372613,1.0515
P12,01,segment_0498,free_movement,6.0,30.0,0.6617622592634061,1.2555
P12,01,segment_0499,free_movement,2.0,0.0,0.35487874824562216,3.124
P12,01,segment_0501,free_movement,1.0,345.0,0.6158828590886671,1.2255
P12,01,segment_0503,free_movement,3.0,235.0,0.3117991528373155,1.0925
P12,01,segment_0504,carrying,3.0,5.0,0.48165193188066835,1.009
P12,01,segment_0505,free_movement,4.25,140.0,0.5190687712097366,1.067
P12,01,segment_0506,carrying,4.25,-50.0,0.3797279523687216,1.2675
P12,01,segment_0507,free_movement,2.25,230.0,0.4524128840560384,1.2235
P12,01,segment_0511,free_movement,6.0,115.0,0.5511189395096703,1.508
P12,01,segment_0513,free_movement,6.0,0.0,0.5168814908176492,1.117
P12,01,segment_0514,carrying,6.0,-50.0,0.31460168404686867,1.2155
P12,01,segment_0515,free_movement,3.0,320.0,0.3530559655668305,0.994
P12,01,segment_0516,carrying,3.0,-25.0,0.4271081960402214,0.94
P12,01,segment_0517,free_movement,4.25,20.0,0.3060987848934578,1.6495
P12,01,segment_0518,carrying,4.25,290.0,0.5029315649254457,1.261
P12,01,segment_0519,free_movement,0.75,-30.0,0.4396241750611768,0.999
P12,01,segment_0520,carrying,0.75,-50.0,0.5029113510265655,0.7815
P12,01,segment_0521,free_movement,2.0,0.0,0.4962867714228997,1.306
P12,01,segment_0525,free_movement,2.25,0.0,0.5770638812639649,1.138
P12,01,segment_0526,carrying,2.25,350.0,0.3990893480986118,0.915
P12,01,segment_0527,free_movement,4.25,270.0,0.6138906281359849,1.3
P12,01,segment_0530,carrying,2.25,340.0,0.32839096730240747,2.6625
P12,01,segment_0533,free_movement,6.0,-10.0,0.32322180891167973,1.4005
P12,01,segment_0535,free_movement,2.0,220.0,0.3707271686312941,1.312
P12,01,segment_0536,carrying,2.0,-50.0,0.44331821511255826,0.856
P12,01,segment_0537,free_movement,1.0,330.0,0.5878184361074089,1.144
P12,01,segment_0538,carrying,1.0,350.0,0.40371971657415,0.823
P12,01,segment_0539,free_movement,0.75,230.0,0.5544890823063636,1.1195
P12,01,segment_0540,carrying,0.75,335.0,0.3548297674222619,0.9405
P12,01,segment_0541,free_movement,2.25,265.0,0.6286169805410825,1.3965
P12,01,segment_0543,free_movement,3.0,10.0,0.3465670001278007,1.183
P12,01,segment_0544,carrying,3.0,315.0,0.322788974152826,1.106
P12,01,segment_0549,free_movement,1.0,320.0,0.3091269110094677,1.2465
P12,01,segment_0550,carrying,1.0,-50.0,0.32161893382129564,1.1865
P12,01,segment_0551,free_movement,4.25,265.0,0.5747992498747325,1.1845
P12,01,segment_0553,free_movement,2.0,60.0,0.46529221561015105,1.2105
P12,01,segment_0555,free_movement,2.25,115.0,0.4277630204732574,1.135
P12,01,segment_0558,carrying,2.0,235.0,0.30823897828461033,0.796
P12,01,segment_0559,free_movement,6.0,5.0,0.45107421780472207,1.429
P12,01,segment_0561,free_movement,4.25,5.0,0.3728739157782828,1.553
P12,01,segment_0563,free_movement,1.0,350.0,0.537145831873821,1.3895
P12,01,segment_0564,carrying,1.0,270.0,0.33637224284957706,1.088
P12,01,segment_0565,free_movement,3.0,225.0,0.46315933970052536,0.9485
P12,01,segment_0568,carrying,0.75,15.0,0.5119391670852703,0.799
P12,01,segment_0569,free_movement,3.0,-50.0,0.30907283805508495,0.9805
P12,01,segment_0571,free_movement,1.0,255.0,0.3133677501748169,1.252
P12,01,segment_0572,carrying,1.0,-50.0,0.4647477997409812,0.97
P12,01,segment_0573,free_movement,2.25,0.0,0.45819850112064225,1.034
P12,01,segment_0574,carrying,2.25,-50.0,0.38286631121663633,0.9585
P12,01,segment_0575,free_movement,4.25,305.0,0.5724689828565481,1.1565
P12,01,segment_0577,free_movement,6.0,0.0,0.378869223112044,1.1005
P12,01,segment_0578,carrying,6.0,-50.0,0.4334334145632654,1.228
P12,01,segment_0580,carrying,2.0,310.0,0.31249228103537274,0.97
P12,01,segment_0581,free_movement,0.75,275.0,0.45326832529570676,1.3185
P12,01,segment_0584,carrying,2.25,245.0,0.3066178619029869,0.82
P12,01,segment_0587,free_movement,0.75,20.0,0.7576536182063474,1.0405
P12,01,segment_0589,free_movement,3.0,-10.0,0.3669653993148305,1.0875
P12,01,segment_0590,carrying,3.0,285.0,0.5735415631335864,1.037
P12,01,segment_0591,free_movement,4.25,155.0,0.35011131684836955,1.288
P12,01,segment_0595,free_movement,1.0,350.0,0.31259977365012065,1.6195
P12,01,segment_0596,carrying,1.0,-35.0,0.3180255353829906,1.0075
P12,01,segment_0597,free_movement,4.25,195.0,0.41141772651594727,1.3645
P12,01,segment_0603,free_movement,0.75,25.0,0.4270732128188663,1.138
P12,01,segment_0604,carrying,0.75,-35.0,0.4754150069275114,1.0985
P12,01,segment_0605,free_movement,6.0,260.0,0.42444616010075487,1.183
P12,01,segment_0606,carrying,6.0,325.0,0.337903012529682,1.108
P12,01,segment_0607,free_movement,2.25,-50.0,0.32510571284112194,1.3075
P12,01,segment_0609,free_movement,3.0,5.0,0.674676489815656,1.27
P12,01,segment_0611,free_movement,2.0,330.0,0.4669816632673955,1.3165
P12,01,segment_0613,free_movement,1.0,175.0,0.39970614808155563,1.277
P12,01,segment_0614,carrying,1.0,330.0,0.5308666787954831,0.9125
P12,01,segment_0615,free_movement,6.0,95.0,0.4949424686799879,1.6205
P12,01,segment_0617,free_movement,2.25,350.0,0.4125260159034141,1.3345
P12,01,segment_0619,free_movement,3.0,5.0,0.7932454138940846,1.2075
P12,01,segment_0620,carrying,3.0,350.0,0.42054694686310656,1.052
P12,01,segment_0623,free_movement,0.75,0.0,0.45743279146662724,1.1085
P12,01,segment_0625,free_movement,1.0,-40.0,0.394561614187303,1.717
P12,01,segment_0627,free_movement,6.0,340.0,0.5687566316763022,1.028
P12,01,segment_0628,carrying,6.0,-50.0,0.32980930398831976,0.966
P12,01,segment_0629,free_movement,3.0,5.0,0.6132341504065485,1.274
P12,01,segment_0632,carrying,0.75,310.0,0.3687742521451941,0.957
P12,01,segment_0633,free_movement,4.25,350.0,0.49200669982937556,1.3195
P12,01,segment_0635,free_movement,2.0,50.0,0.3825619748218486,1.016
P12,01,segment_0636,carrying,2.0,295.0,0.367297819829349,0.853
P12,01,segment_0638,carrying,2.25,-40.0,0.34664735551780385,0.7995
P12,01,segment_0639,free_movement,4.25,350.0,0.3732354878611707,1.14
P12,01,segment_0641,free_movement,2.25,140.0,0.4261712298135944,1.251
P12,01,segment_0645,free_movement,6.0,240.0,0.37484230764729354,1.3165
P12,01,segment_0647,free_movement,2.0,265.0,0.43705556737163387,1.113
P12,01,segment_0649,free_movement,1.0,325.0,0.6175002119738117,1.0515
P12,01,segment_0651,free_movement,3.0,350.0,0.3874470762066624,1.2415
P12,01,segment_0652,carrying,3.0,-50.0,0.3240421178617858,1.054
P12,01,segment_0653,free_movement,3.0,350.0,0.3294272320907902,1.085
P12,01,segment_0654,carrying,3.0,-30.0,0.3426159646679695,0.795
P12,01,segment_0655,free_movement,0.75,245.0,0.4960224048772964,1.2975
P12,01,segment_0657,free_movement,4.25,-15.0,0.4572190954691627,1.245
P12,01,segment_0659,free_movement,2.25,-5.0,0.49482419346711926,1.187
P12,01,segment_0660,carrying,2.25,265.0,0.38427541332238485,2.1265
P12,01,segment_0663,free_movement,1.0,250.0,0.45129420482149235,1.186
P12,01,segment_0664,carrying,1.0,-50.0,0.31814284424956657,0.942
P12,01,segment_0667,free_movement,0.75,305.0,0.4256908710119772,0.9605
P12,01,segment_0669,free_movement,1.0,245.0,0.7678753848238697,1.0195
P12,01,segment_0671,free_movement,3.0,215.0,0.36985717159062326,1.2445
P12,01,segment_0673,free_movement,2.25,275.0,0.49192405912781606,1.2255
P12,01,segment_0674,carrying,2.25,-50.0,0.35635798619161185,0.7945
P12,01,segment_0675,free_movement,6.0,345.0,0.4865762721333364,1.144
P12,01,segment_0677,free_movement,4.25,245.0,0.36701151857581316,1.197
P12,01,segment_0681,free_movement,2.0,0.0,0.5969331041588405,1.039
P12,01,segment_0683,free_movement,1.0,295.0,0.4659699858907904,1.017
P12,01,segment_0685,free_movement,3.0,110.0,0.4573397755560802,0.938
P12,01,segment_0687,free_movement,0.75,125.0,0.4547007337049664,0.936
P12,01,segment_0689,free_movement,4.25,-50.0,0.37206982338435135,1.2525
P12,01,segment_0691,free_movement,6.0,5.0,0.5745135930348969,1.239
P12,01,segment_0695,free_movement,3.0,15.0,0.5646217518138262,1.1875
P12,01,segment_0699,free_movement,2.0,70.0,0.36053089805957905,0.9745
P12,01,segment_0701,free_movement,6.0,-10.0,0.6482707283060807,1.2685
P12,01,segment_0702,carrying,6.0,250.0,0.3591343381213229,0.9165
P12,01,segment_0705,free_movement,4.25,50.0,0.4208978040254537,1.6805
P12,01,segment_0709,free_movement,4.25,-35.0,0.7278966040540289,1.2515
P12,01,segment_0711,free_movement,6.0,-15.0,0.392193593774856,1.4585
P12,01,segment_0712,carrying,6.0,-50.0,0.4428590073309409,0.7815
P12,01,segment_0714,carrying,2.25,285.0,0.4394864017981693,1.9455
P12,01,segment_0715,free_movement,1.0,300.0,0.41509100709815666,1.079
P12,01,segment_0716,carrying,1.0,320.0,0.3120074177696617,0.963
P12,01,segment_0717,free_movement,3.0,-35.0,0.7292101208496182,1.3735
P12,01,segment_0719,free_movement,0.75,340.0,0.3430067640353871,1.2145
P12,01,segment_0721,free_movement,2.0,10.0,0.4913631025083723,1.2865
P12,01,segment_0724,carrying,1.0,-50.0,0.6756725216817617,0.831
P12,01,segment_0725,free_movement,3.0,-50.0,0.4456579076894811,0.9985
P12,01,segment_0726,carrying,3.0,340.0,0.3620182568308523,1.127
P12,01,segment_0727,free_movement,2.25,185.0,0.42632901582640464,1.309
P12,01,segment_0732,carrying,0.75,320.0,0.5594126217659006,0.979
P12,01,segment_0733,free_movement,6.0,-5.0,0.4693373279573362,1.152
P12,01,segment_0734,carrying,6.0,-50.0,0.48394863534011184,0.981
P12,01,segment_0735,free_movement,4.25,-30.0,0.7601762712014156,1.371
P12,01,segment_0737,free_movement,4.25,-15.0,0.5277600790323178,1.5705
P12,01,segment_0743,free_movement,3.0,305.0,0.33470873364038767,1.246
P12,01,segment_0745,free_movement,6.0,45.0,0.5353149944039524,1.382
P12,01,segment_0749,free_movement,0.75,125.0,0.36110686738839903,1.4585
P12,01,segment_0751,free_movement,4.25,0.0,0.5373808709763894,1.735
P12,01,segment_0756,carrying,3.0,70.0,0.3354539016038639,2.1925
P12,01,segment_0757,free_movement,0.75,0.0,0.3752139798742318,1.1985
P12,01,segment_0761,free_movement,2.25,5.0,0.4754794882578074,1.3685
P12,01,segment_0763,free_movement,2.0,165.0,0.4594353690669371,0.867
P12,01,segment_0764,carrying,2.0,-50.0,0.5561459566872028,0.8065
P12,01,segment_0767,free_movement,4.25,5.0,0.5331095298500048,1.39
P12,01,segment_0768,carrying,4.25,155.0,0.35935172348104666,1.541
P12,01,segment_0769,free_movement,2.25,0.0,0.37050210499774655,1.265
P12,01,segment_0771,free_movement,6.0,-50.0,0.3455921855636362,0.979
P12,01,segment_0775,free_movement,3.0,0.0,0.5982714056787916,1.3225
P12,01,segment_0776,carrying,3.0,-5.0,0.3260045258617223,0.9435
P12,01,segment_0777,free_movement,1.0,0.0,0.5031338424145623,1.2515
P12,01,segment_0779,free_movement,0.75,345.0,0.3242220382080338,1.181
P12,01,segment_0781,free_movement,6.0,0.0,0.6139253379505611,1.2505
P12,01,segment_0783,free_movement,2.25,130.0,0.5724105995907091,1.0575
P12,01,segment_0793,free_movement,2.25,5.0,0.5169535257710449,1.1995
P12,01,segment_0797,free_movement,0.75,235.0,0.388927680153553,0.87
P12,01,segment_0799,free_movement,1.0,0.0,0.46804759336067076,1.038
P12,01,segment_0801,free_movement,3.0,350.0,0.4802087050760021,1.267
P12,01,segment_0803,free_movement,4.25,10.0,0.39108302916933174,1.318
P12,01,segment_0809,free_movement,1.0,90.0,0.32718109497291886,1.3575
P12,01,segment_0811,free_movement,6.0,-35.0,0.6531998103361368,1.301
P12,01,segment_0813,free_movement,0.75,-15.0,0.3947363199508012,1.1035
P12,01,segment_0814,carrying,0.75,-50.0,0.5574777620214307,0.8385
P12,01,segment_0815,free_movement,2.25,350.0,0.45503665552815,1.284
P12,01,segment_0816,carrying,2.25,250.0,0.39981948767176984,2.2065
P12,01,segment_0817,free_movement,3.0,65.0,0.39104039137880264,1.0305
P12,01,segment_0818,carrying,3.0,-40.0,0.3682374184009881,0.759
P12,01,segment_0821,free_movement,6.0,5.0,0.7081676613003304,1.451
P12,01,segment_0823,free_movement,2.0,285.0,0.520491188118689,1.3585
P12,01,segment_0825,free_movement,0.75,290.0,0.39443971632849134,1.1165
P12,01,segment_0828,carrying,2.25,335.0,0.5997846298558812,0.739
P12,01,segment_0829,free_movement,1.0,300.0,0.5191421320679215,1.1675
P12,01,segment_0830,carrying,1.0,-50.0,0.4022839953530615,0.9715
P12,01,segment_0833,free_movement,4.25,80.0,0.47105337220105,1.4635
P12,01,segment_0836,carrying,2.25,350.0,0.3966148320080383,1.0105
P12,01,segment_0837,free_movement,6.0,0.0,0.6837187513763955,1.553
P12,01,segment_0839,free_movement,1.0,-5.0,0.5883529960378832,1.475
P12,01,segment_0840,carrying,1.0,150.0,0.4352142133197624,0.916
P12,01,segment_0843,free_movement,0.75,350.0,0.5899850713749818,0.944
P12,01,segment_0849,free_movement,6.0,0.0,0.6568815521721975,1.191
P12,01,segment_0853,free_movement,0.75,350.0,0.3168972243968225,1.2315
P12,01,segment_0855,free_movement,2.25,100.0,0.6059062978584475,1.7025
P12,01,segment_0857,free_movement,1.0,195.0,0.5757361503333348,1.19
P12,01,segment_0862,carrying,3.0,-45.0,0.4165715095241916,1.0435
P12,01,segment_0863,free_movement,6.0,220.0,0.53914434834378,1.1765
P12,01,segment_0864,carrying,6.0,-50.0,0.3448823047855911,0.822
P12,01,segment_0866,carrying,0.75,285.0,0.38511502254325675,1.0955
P12,01,segment_0867,free_movement,1.0,235.0,0.37243580197571374,1.1695
P12,01,segment_0869,free_movement,2.0,255.0,0.38925068128206103,1.071
P12,01,segment_0871,free_movement,2.25,180.0,0.37393162951099973,1.073
P12,01,segment_0876,carrying,4.25,-50.0,0.4470146865975098,0.8165
P12,01,segment_0879,free_movement,2.25,350.0,0.3799486846885088,1.195
P12,01,segment_0880,carrying,2.25,-50.0,0.33639654864613927,0.9795
P12,01,segment_0883,free_movement,4.25,240.0,0.3926930611319027,1.562
P12,01,segment_0885,free_movement,3.0,5.0,0.5210391571683931,1.1665
P12,01,segment_0887,free_movement,0.75,10.0,0.5272547831627931,1.0195
P12,01,segment_0888,carrying,0.75,-5.0,0.49289227411920394,0.7585
P12,01,segment_0889,free_movement,6.0,350.0,0.4402083717024373,1.0895
P12,01,segment_0891,free_movement,6.0,20.0,0.4184061356169399,1.367
P12,01,segment_0893,free_movement,2.0,275.0,0.5946882175766871,1.148
P12,01,segment_0894,carrying,2.0,-45.0,0.3886991084779887,1.0325
P12,01,segment_0897,free_movement,3.0,255.0,0.30197531714912845,1.3075
P12,01,segment_0899,free_movement,4.25,-40.0,0.4005487309361065,1.601
P12,01,segment_0901,free_movement,0.75,230.0,0.40572609670122317,1.0985
P12,01,segment_0902,carrying,0.75,300.0,0.3232817785646485,1.0915
P12,01,segment_0903,free_movement,2.25,300.0,0.4134717015904235,1.296
P12,01,segment_0904,carrying,2.25,-40.0,0.38567371964194835,0.754
P12,01,segment_0905,free_movement,4.25,0.0,0.49898044243026607,1.558
P12,01,segment_0907,free_movement,1.0,-50.0,0.35017960532047954,1.726
P12,01,segment_0910,carrying,3.0,-50.0,0.36005453154091366,1.224
P12,01,segment_0911,free_movement,2.25,0.0,0.3289550874215415,1.475
P12,01,segment_0913,free_movement,0.75,350.0,0.4100045538554323,1.314
P12,01,segment_0915,free_movement,6.0,350.0,0.33614683104884824,1.786
P12,01,segment_0917,free_movement,2.0,10.0,0.6147192010372661,1.311
P12,01,segment_0919,free_movement,4.25,315.0,0.5153157382126304,1.3365
P12,01,segment_0921,free_movement,3.0,0.0,0.3931843556815287,1.206
P12,01,segment_0923,free_movement,0.75,255.0,0.39270206218551346,0.943
P12,01,segment_0925,free_movement,2.25,80.0,0.4324580508210284,1.209
P12,01,segment_0927,free_movement,6.0,290.0,0.301461209948597,1.1345
P12,01,segment_0928,carrying,6.0,-50.0,0.3359745915493979,0.814
P12,01,segment_0930,carrying,1.0,-50.0,0.5220959081879013,1.107
P12,01,segment_0931,free_movement,2.0,110.0,0.5547991149288372,1.313
P12,01,segment_0935,free_movement,1.0,-10.0,0.5308191433410415,1.0
P12,01,segment_0936,carrying,1.0,310.0,0.33910676183242117,0.982
P12,01,segment_0939,free_movement,6.0,5.0,0.3762241929351121,1.388
P12,01,segment_0940,carrying,6.0,315.0,0.51534676688989,0.809
P12,01,segment_0941,free_movement,0.75,0.0,0.5232123036398376,1.1865
P12,01,segment_0943,free_movement,2.0,190.0,0.4203447657465698,1.303
P12,01,segment_0944,carrying,2.0,30.0,0.46345353782188586,0.7555
P12,01,segment_0945,free_movement,3.0,40.0,0.7268459248294303,1.2535
P12,01,segment_0947,free_movement,2.0,350.0,0.32283171705422203,1.2015
P12,01,segment_0948,carrying,2.0,-40.0,0.3560766947124895,1.1495
P12,01,segment_0949,free_movement,6.0,5.0,0.49449678960398663,1.264
P12,01,segment_0951,free_movement,1.0,245.0,0.5005480392306846,1.035
P12,01,segment_0953,free_movement,2.25,-15.0,0.5207602769743221,1.1535
P12,01,segment_0954,carrying,2.25,-50.0,0.350447353061275,0.867
P12,01,segment_0955,free_movement,3.0,0.0,0.30891917645643757,1.074
P12,01,segment_0956,carrying,3.0,-50.0,0.3372928858817528,0.7705
P12,01,segment_0957,free_movement,4.25,10.0,0.46783223118749656,1.354
P12,01,segment_0959,free_movement,0.75,130.0,0.3637446095058401,0.9655
P12,01,segment_0960,carrying,0.75,-50.0,0.3708136640070203,0.9885
P12,01,segment_0963,free_movement,6.0,0.0,0.6842432337183241,1.189
P12,01,segment_0964,carrying,6.0,320.0,0.30182511699650183,1.16
P12,01,segment_0965,free_movement,2.25,180.0,0.3120037755204732,1.0305
P12,01,segment_0966,carrying,2.25,350.0,0.3193446802897194,0.9515
P12,01,segment_0967,free_movement,2.0,140.0,0.5400137762892651,1.1455
P12,01,segment_0969,free_movement,3.0,0.0,0.4233168999195658,1.061
P12,01,segment_0970,carrying,3.0,130.0,0.33252059951855995,0.741
P12,01,segment_0971,free_movement,4.25,0.0,0.5572077758663377,1.1105
P12,01,segment_0973,free_movement,0.75,-20.0,0.4001249319439112,1.217
P12,01,segment_0975,free_movement,0.75,5.0,0.3256430327046524,1.1965
P12,01,segment_0977,free_movement,4.25,160.0,0.390333957636126,1.584
P12,01,segment_0979,free_movement,1.0,5.0,0.41688292489832524,1.4325
P12,01,segment_0980,carrying,1.0,-50.0,0.5572645387314912,0.8375
P12,01,segment_0981,free_movement,2.0,5.0,0.545859991203232,1.33
P12,01,segment_0983,free_movement,2.25,60.0,0.30153857551149865,1.1815
P12,01,segment_0984,carrying,2.25,315.0,0.5720679950491274,0.833
P12,01,segment_0991,free_movement,6.0,75.0,0.4532956372197103,1.353
P12,01,segment_0993,free_movement,2.25,-35.0,0.5298514237251964,1.1665
P12,01,segment_0994,carrying,2.25,-50.0,0.42639064804673277,0.9025
P12,01,segment_0995,free_movement,0.75,325.0,0.3965536213353503,0.955
P12,01,segment_0997,free_movement,3.0,235.0,0.37788488577893026,0.9295
P13,01,segment_0000,free_movement,2.25,140.0,0.5296468370803903,10.411
P13,01,segment_0002,free_movement,2.0,30.0,0.35403726912957717,5.503
P13,01,segment_0003,carrying,2.0,-50.0,0.3160295788236414,3.51
P13,01,segment_0004,free_movement,6.0,25.0,0.6772202455015719,4.5765
P13,01,segment_0006,free_movement,3.0,0.0,0.6599755182940367,6.48
P13,01,segment_0007,carrying,3.0,195.0,0.38154166512366616,0.7425
P13,01,segment_0008,free_movement,4.25,70.0,0.5357734374147142,5.924
P13,01,segment_0010,free_movement,0.75,-45.0,0.5094506020631957,3.296
P13,01,segment_0012,free_movement,1.0,-50.0,0.35885949584631294,2.1955
P13,01,segment_0013,carrying,1.0,-50.0,0.30377551217562204,1.119
P13,01,segment_0014,free_movement,0.75,20.0,0.5079789147203541,2.0435
P13,01,segment_0019,carrying,2.0,50.0,0.3388803743361253,0.889
P13,01,segment_0020,free_movement,1.0,-10.0,0.35653314574254896,3.8715
P13,01,segment_0021,carrying,1.0,-50.0,0.3354501636679502,2.0635
P13,01,segment_0022,free_movement,2.25,105.0,0.42207755548565523,4.5605
P13,01,segment_0023,carrying,2.25,-10.0,0.321626777068674,2.525
P13,01,segment_0024,free_movement,3.0,10.0,0.6994004756646762,2.4505
P13,01,segment_0026,free_movement,6.0,5.0,0.347162064692396,2.8395
P13,01,segment_0028,free_movement,1.0,0.0,0.4455925425885714,6.322
P13,01,segment_0030,free_movement,4.25,10.0,0.3311930484071004,3.941
P13,01,segment_0032,free_movement,0.75,-10.0,0.44787518759858486,3.7405
P13,01,segment_0033,carrying,0.75,-30.0,0.4310769059571443,1.267
P13,01,segment_0034,free_movement,2.0,0.0,0.6539602706211768,6.127
P13,01,segment_0035,carrying,2.0,185.0,0.4699713181783234,1.1085
P13,01,segment_0036,free_movement,3.0,0.0,0.5645989361719578,2.1795
P13,01,segment_0040,free_movement,6.0,0.0,0.6294883409350741,2.3565
P13,01,segment_0042,free_movement,3.0,-10.0,0.4899662749144706,3.029
P13,01,segment_0044,free_movement,4.25,75.0,0.513017858336379,2.5355
P13,01,segment_0046,free_movement,0.75,-15.0,0.540884748617684,4.099
P13,01,segment_0047,carrying,0.75,40.0,0.4737741851572576,0.804
P13,01,segment_0048,free_movement,1.0,-20.0,0.32427651710661737,3.735
P13,01,segment_0050,free_movement,2.0,95.0,0.45960516138805346,2.216
P13,01,segment_0051,carrying,2.0,-50.0,0.33804496300387227,2.693
P13,01,segment_0052,free_movement,2.25,185.0,0.4980256380521195,2.559
P13,01,segment_0054,free_movement,6.0,65.0,0.4525567484100142,1.676
P13,01,segment_0055,carrying,6.0,350.0,0.33020184029876626,1.0965
P13,01,segment_0057,carrying,2.0,-50.0,0.4233363087272542,2.478
P13,01,segment_0058,free_movement,1.0,160.0,0.5699815554770425,1.5925
P13,01,segment_0060,free_movement,3.0,55.0,0.5375218763731808,3.059
P13,01,segment_0062,free_movement,0.75,-50.0,0.3183289027667984,2.987
P13,01,segment_0063,carrying,0.75,195.0,0.428337318861205,0.827
P13,01,segment_0064,free_movement,4.25,145.0,0.43235003193710364,2.87
P13,01,segment_0066,free_movement,6.0,100.0,0.6328406736281695,1.64
P13,01,segment_0068,free_movement,2.25,0.0,0.4817370830173303,2.598
P13,01,segment_0070,free_movement,4.25,50.0,0.44048239371861503,2.31
P13,01,segment_0072,free_movement,3.0,0.0,0.5519270721214472,2.6655
P13,01,segment_0073,carrying,3.0,-35.0,0.4707593282367951,1.2145
P13,01,segment_0074,free_movement,6.0,-50.0,0.30814214809894314,1.904
P13,01,segment_0076,free_movement,0.75,90.0,0.5223250993587358,2.417
P13,01,segment_0078,free_movement,1.0,-50.0,0.40654694695855,2.3965
P13,01,segment_0079,carrying,1.0,300.0,0.3746746460171979,1.0035
P13,01,segment_0080,free_movement,2.0,40.0,0.41582310030702213,1.291
P13,01,segment_0082,free_movement,2.25,350.0,0.5009209778859509,2.3765
P13,01,segment_0084,free_movement,4.25,10.0,0.5457316052944439,2.362
P13,01,segment_0086,free_movement,2.25,-30.0,0.6471833145925668,2.453
P13,01,segment_0088,free_movement,6.0,0.0,0.44124762118191907,2.3895
P13,01,segment_0090,free_movement,2.0,-50.0,0.47731311007783134,2.3485
P13,01,segment_0091,carrying,2.0,345.0,0.4242305022257988,1.133
P13,01,segment_0092,free_movement,3.0,0.0,0.5716815900001754,1.7795
P13,01,segment_0096,free_movement,0.75,80.0,0.3211010859754427,1.7285
P13,01,segment_0098,free_movement,3.0,130.0,0.48086750228513514,1.3755
P13,01,segment_0100,free_movement,0.75,100.0,0.6070224093503768,1.4895
P13,01,segment_0101,carrying,0.75,-5.0,0.5321681049597409,0.8795
P13,01,segment_0102,free_movement,2.0,280.0,0.5632675674752488,1.965
P13,01,segment_0104,free_movement,4.25,10.0,0.5579375800342028,1.7975
P13,01,segment_0106,free_movement,1.0,-15.0,0.6528245762471188,3.5375
P13,01,segment_0107,carrying,1.0,-15.0,0.41240796592439993,1.239
P13,01,segment_0108,free_movement,6.0,15.0,0.5213879420504076,2.353
P13,01,segment_0110,free_movement,2.25,350.0,0.43241417722076986,3.899
P13,01,segment_0112,free_movement,0.75,-15.0,0.413887436682506,4.52
P13,01,segment_0113,carrying,0.75,-35.0,0.3423563808095352,3.5325
P13,01,segment_0114,free_movement,4.25,105.0,0.3481968977424395,0.744
P13,01,segment_0116,free_movement,3.0,-25.0,0.33367607231253454,2.3975
P13,01,segment_0117,carrying,3.0,-50.0,0.4869726764567146,1.4315
P13,01,segment_0118,free_movement,1.0,140.0,0.555866424442066,3.3695
P13,01,segment_0119,carrying,1.0,185.0,0.3247867874506285,0.9285
P13,01,segment_0120,free_movement,2.0,15.0,0.7267308181954784,1.336
P13,01,segment_0121,carrying,2.0,-50.0,0.488074063617723,1.0855
P13,01,segment_0122,free_movement,2.25,75.0,0.5281275297506625,1.9405
P13,01,segment_0124,free_movement,6.0,-20.0,0.8687978000421942,2.115
P13,01,segment_0126,free_movement,3.0,-5.0,0.5818004909730828,3.2535
P13,01,segment_0127,carrying,3.0,50.0,0.3102940702277164,0.974
P13,01,segment_0128,free_movement,6.0,60.0,0.4460407061853653,3.6295
P13,01,segment_0130,free_movement,2.0,-10.0,0.4635542717516458,3.165
P13,01,segment_0132,free_movement,2.25,15.0,0.4543704408420485,2.1375
P13,01,segment_0134,free_movement,4.25,0.0,0.5696859946906557,2.8545
P13,01,segment_0136,free_movement,1.0,285.0,0.5662852405017792,2.033
P13,01,segment_0138,free_movement,0.75,5.0,0.3344779913858752,3.1555
P13,01,segment_0139,carrying,0.75,-45.0,0.44386767403741706,1.1725
P13,01,segment_0140,free_movement,3.0,5.0,0.46156259527314647,1.76
P13,01,segment_0142,free_movement,2.0,0.0,0.42184837346341436,2.296
P13,01,segment_0144,free_movement,4.25,5.0,0.4223791624106432,2.043
P13,01,segment_0146,free_movement,0.75,-15.0,0.4963954414611699,2.1175
P13,01,segment_0147,carrying,0.75,315.0,0.31305729589945075,0.9165
P13,01,segment_0148,free_movement,1.0,125.0,0.5138235888379785,2.1665
P13,01,segment_0150,free_movement,6.0,60.0,0.5152489305909808,3.224
P13,01,segment_0152,free_movement,2.25,-5.0,0.533298569830462,1.76
P13,01,segment_0154,free_movement,2.25,0.0,0.6025962883345658,2.4515
P13,01,segment_0157,carrying,0.75,330.0,0.4225363036842294,0.76
P13,01,segment_0158,free_movement,2.0,255.0,0.6063821036447878,1.436
P13,01,segment_0159,carrying,2.0,-10.0,0.33810816083320366,1.0465
P13,01,segment_0160,free_movement,1.0,135.0,0.4279648502743315,1.954
P13,01,segment_0161,carrying,1.0,-35.0,0.6979817574085811,1.478
P13,01,segment_0162,free_movement,6.0,10.0,0.6188189744541013,2.471
P13,01,segment_0164,free_movement,3.0,0.0,0.7910602429594431,1.5195
P13,01,segment_0166,free_movement,4.25,10.0,0.32553150257191843,1.804
P13,01,segment_0168,free_movement,2.0,-35.0,0.33972910437339204,2.336
P13,01,segment_0169,carrying,2.0,195.0,0.5748620303902476,1.2185
P13,01,segment_0170,free_movement,1.0,10.0,0.5711892658816322,1.977
P13,01,segment_0171,carrying,1.0,-50.0,0.4983916864292621,2.895
P13,01,segment_0172,free_movement,2.25,70.0,0.5325973457565243,2.2075
P13,01,segment_0174,free_movement,3.0,5.0,0.7288468626048249,1.3415
P13,01,segment_0176,free_movement,4.25,45.0,0.3753401777547609,2.0125
P13,01,segment_0178,free_movement,6.0,140.0,0.5494033363967439,2.02
P13,01,segment_0180,free_movement,0.75,35.0,0.5424929931738066,2.2035
P13,01,segment_0182,free_movement,2.25,-10.0,0.6538877364550109,2.5195
P13,01,segment_0184,free_movement,0.75,5.0,0.5093638985075036,1.8325
P13,01,segment_0185,carrying,0.75,-10.0,0.40838679696953606,1.3375
P13,01,segment_0186,free_movement,6.0,5.0,0.46389516608151987,1.8175
P13,01,segment_0188,free_movement,4.25,5.0,0.48563779192956225,2.1315
P13,01,segment_0192,free_movement,1.0,310.0,0.45693683390620904,2.261
P13,01,segment_0194,free_movement,2.0,155.0,0.479183915055926,5.677
P13,01,segment_0196,free_movement,4.25,10.0,0.4956393329276918,1.872
P13,01,segment_0197,carrying,4.25,-40.0,0.31486764782784127,2.103
P13,01,segment_0198,free_movement,2.0,-50.0,0.5695658537563438,0.734
P13,01,segment_0200,free_movement,1.0,80.0,0.6240084485590306,1.895
P13,01,segment_0201,carrying,1.0,-50.0,0.4037349913319768,5.157
P13,01,segment_0202,free_movement,3.0,-20.0,0.5534332257657838,2.736
P13,01,segment_0204,free_movement,0.75,-5.0,0.41300181990862844,3.994
P13,01,segment_0206,free_movement,2.25,-5.0,0.5380233482162957,2.2575
P13,01,segment_0208,free_movement,6.0,165.0,0.5531343118367026,1.6705
P13,01,segment_0210,free_movement,4.25,90.0,0.33314052982141745,3.725
P13,01,segment_0212,free_movement,6.0,10.0,0.6695198334256637,3.1775
P13,01,segment_0214,free_movement,2.25,130.0,0.4858887087259666,1.8765
P13,01,segment_0216,free_movement,2.0,5.0,0.545699834100523,1.7305
P13,01,segment_0218,free_movement,3.0,0.0,0.554400069869537,2.3475
P13,01,segment_0219,carrying,3.0,-50.0,0.38993005908358414,1.472
P13,01,segment_0222,free_movement,0.75,0.0,0.38846656287364223,2.2255
P13,01,segment_0223,carrying,0.75,125.0,0.3482704596722725,3.6125
P13,01,segment_0226,free_movement,6.0,0.0,0.5328547780216367,4.4095
P13,01,segment_0228,free_movement,2.25,-35.0,0.5769472135019222,1.727
P13,01,segment_0230,free_movement,3.0,0.0,0.5655357706846943,1.363
P13,01,segment_0231,carrying,3.0,-50.0,0.3172960566319242,10.5395
P13,01,segment_0232,free_movement,2.0,330.0,0.44927473808295243,2.494
P13,01,segment_0234,free_movement,1.0,245.0,0.5404447088312692,1.9695
P13,01,segment_0236,free_movement,4.25,0.0,0.5316368998308634,2.8885
P13,01,segment_0238,free_movement,0.75,-5.0,0.5088334288301796,1.7475
P13,01,segment_0239,carrying,0.75,-50.0,0.5243570744351717,1.556
P13,01,segment_0240,free_movement,1.0,165.0,0.5450782277626812,2.71
P13,01,segment_0242,free_movement,6.0,0.0,0.7116618074887673,3.008
P13,01,segment_0244,free_movement,2.0,-5.0,0.5977266476856586,1.8435
P13,01,segment_0246,free_movement,4.25,-15.0,0.5626532657297967,2.7655
P13,01,segment_0248,free_movement,3.0,5.0,0.3230095506564777,2.6255
P13,01,segment_0250,free_movement,2.25,-20.0,0.44082009275373224,1.6235
P13,01,segment_0253,carrying,0.75,-35.0,0.5307458836978259,1.1985
P13,01,segment_0254,free_movement,6.0,10.0,0.5810315187831718,1.8565
P13,01,segment_0256,free_movement,3.0,5.0,0.6397458906359359,1.6115
P13,01,segment_0257,carrying,3.0,-50.0,0.47011218196260746,1.14
P13,01,segment_0258,free_movement,4.25,-20.0,0.34146512610644847,1.4265
P13,01,segment_0260,free_movement,2.25,0.0,0.5639582434402062,1.704
P13,01,segment_0261,carrying,2.25,-10.0,0.3091573331059337,2.8995
P13,01,segment_0262,free_movement,1.0,15.0,0.7279957107947946,1.3805
P13,01,segment_0264,free_movement,2.0,25.0,0.5156675605917178,1.7535
P13,01,segment_0265,carrying,2.0,290.0,0.43415767728624,1.148
P13,01,segment_0266,free_movement,4.25,-10.0,0.5151699066416157,1.951
P13,01,segment_0268,free_movement,2.25,10.0,0.5169146377534782,1.6425
P13,01,segment_0270,free_movement,0.75,-15.0,0.44079124955571936,1.431
P13,01,segment_0272,free_movement,3.0,0.0,0.3729888043834201,1.904
P13,01,segment_0274,free_movement,6.0,60.0,0.4075158331882195,1.7145
P13,01,segment_0276,free_movement,1.0,-40.0,0.477302338472668,1.624
P13,01,segment_0278,free_movement,2.0,5.0,0.5050023485450104,1.4835
P13,01,segment_0280,free_movement,0.75,45.0,0.5792495251368786,1.3415
P13,01,segment_0282,free_movement,2.0,-20.0,0.32642638782666983,2.072
P13,01,segment_0284,free_movement,6.0,40.0,0.3703431087893168,3.886
P13,01,segment_0286,free_movement,3.0,10.0,0.4986391085150094,2.035
P13,01,segment_0288,free_movement,4.25,0.0,0.57903237445056,1.5365
P13,01,segment_0290,free_movement,2.25,120.0,0.6430272260421671,1.769
P13,01,segment_0291,carrying,2.25,-50.0,0.32700770310534116,1.784
P13,01,segment_0292,free_movement,1.0,-10.0,0.37594872086321657,1.368
P13,01,segment_0293,carrying,1.0,-50.0,0.3138128506425528,0.8725
P13,01,segment_0294,free_movement,2.25,125.0,0.43880920863202205,1.3905
P13,01,segment_0296,free_movement,1.0,155.0,0.5421136302174009,1.832
P13,01,segment_0297,carrying,1.0,250.0,0.34192506991351995,0.818
P13,01,segment_0298,free_movement,4.25,15.0,0.36840260563224597,2.3155
P13,01,segment_0299,carrying,4.25,-45.0,0.3466490785012677,1.341
P13,01,segment_0300,free_movement,6.0,250.0,0.4913523373142958,1.345
P13,01,segment_0303,carrying,2.0,350.0,0.3210236338811173,0.9405
P13,01,segment_0304,free_movement,3.0,20.0,0.578302584223376,1.909
P13,01,segment_0306,free_movement,0.75,60.0,0.7192902877902237,1.563
P13,01,segment_0307,carrying,0.75,-50.0,0.32523094326797175,0.728
P13,01,segment_0308,free_movement,4.25,0.0,0.5850189487157577,1.9625
P13,01,segment_0310,free_movement,0.75,0.0,0.43102961097981773,1.443
P13,01,segment_0311,carrying,0.75,100.0,0.37224061486670534,1.197
P13,01,segment_0312,free_movement,2.25,-5.0,0.5800997059795997,1.3725
P13,01,segment_0314,free_movement,3.0,-50.0,0.5684169150356455,1.3385
P13,01,segment_0315,carrying,3.0,-50.0,0.3151419390122616,0.992
P13,01,segment_0316,free_movement,1.0,265.0,0.5796819794547875,1.3465
P13,01,segment_0318,free_movement,6.0,70.0,0.5116098402738003,1.9205
P13,01,segment_0320,free_movement,2.0,-15.0,0.45604104858444516,2.1405
P13,01,segment_0321,carrying,2.0,-50.0,0.33951008392630344,0.829
P13,01,segment_0322,free_movement,6.0,35.0,0.5744132302008528,3.2625
P13,01,segment_0324,free_movement,2.0,0.0,0.5040764312176181,2.259
P13,01,segment_0325,carrying,2.0,40.0,0.3730877719468928,1.1365
P13,01,segment_0326,free_movement,2.25,-10.0,0.6123834501370092,1.894
P13,01,segment_0328,free_movement,0.75,0.0,0.7209425948579358,1.6415
P13,01,segment_0329,carrying,0.75,15.0,0.49113174153729633,1.023
P13,01,segment_0330,free_movement,3.0,0.0,0.6061374732143118,1.422
P13,01,segment_0331,carrying,3.0,235.0,0.36433411847663194,1.319
P13,01,segment_0332,free_movement,4.25,-10.0,0.5471489076067912,1.695
P13,01,segment_0334,free_movement,1.0,0.0,0.6901993845566377,1.7675
P13,01,segment_0335,carrying,1.0,-50.0,0.3210553614030456,2.351
P13,01,segment_0336,free_movement,3.0,-5.0,0.46164475852513204,2.0245
P13,01,segment_0338,free_movement,0.75,145.0,0.7231750159070374,1.7085
P13,01,segment_0340,free_movement,2.0,275.0,0.37014057924544974,1.8475
P13,01,segment_0342,free_movement,2.25,15.0,0.460203130217371,2.174
P13,01,segment_0343,carrying,2.25,-50.0,0.3460717731166583,5.797
P13,01,segment_0344,free_movement,4.25,10.0,0.5741000717613451,1.7055
P13,01,segment_0346,free_movement,6.0,10.0,0.4121385521592079,1.453
P13,01,segment_0348,free_movement,1.0,-30.0,0.4595918121878548,1.461
P13,01,segment_0351,carrying,2.25,-50.0,0.34379596419444247,2.5855
P13,01,segment_0352,free_movement,0.75,-10.0,0.5007454298852749,1.4305
P13,01,segment_0353,carrying,0.75,-30.0,0.4153617887294238,2.0275
P13,01,segment_0354,free_movement,1.0,350.0,0.3879609924671707,1.605
P13,01,segment_0355,carrying,1.0,-40.0,0.3904985651982019,1.2535
P13,01,segment_0356,free_movement,6.0,-40.0,0.5928670139306501,1.476
P13,01,segment_0357,carrying,6.0,-40.0,0.5834710919792531,2.348
P13,01,segment_0358,free_movement,4.25,25.0,0.5117704737491268,2.512
P13,01,segment_0360,free_movement,3.0,25.0,0.3159388208649277,1.7055
P13,01,segment_0361,carrying,3.0,-50.0,0.3111012705794603,1.044
P13,01,segment_0362,free_movement,2.0,-5.0,0.5994052101251226,1.563
P13,01,segment_0364,free_movement,0.75,15.0,0.5227770980049053,1.4615
P13,01,segment_0366,free_movement,2.0,145.0,0.5610759219294157,1.362
P13,01,segment_0367,carrying,2.0,110.0,0.4157273680476149,1.317
P13,01,segment_0368,free_movement,6.0,0.0,0.5114050595688027,2.004
P13,01,segment_0370,free_movement,3.0,0.0,0.6150368678475894,2.397
P13,01,segment_0372,free_movement,2.25,140.0,0.5658075698157918,1.544
P13,01,segment_0374,free_movement,4.25,35.0,0.355744160899295,1.9515
P13,01,segment_0376,free_movement,1.0,145.0,0.6188374274631762,1.925
P13,01,segment_0377,carrying,1.0,-50.0,0.36261019883483686,1.16
P13,01,segment_0378,free_movement,2.25,240.0,0.7698317807067695,1.525
P13,01,segment_0380,free_movement,1.0,-5.0,0.46651421410606614,1.457
P13,01,segment_0382,free_movement,3.0,0.0,0.8409365088276068,1.8395
P13,01,segment_0384,free_movement,2.0,15.0,0.5106200111237215,2.7305
P13,01,segment_0385,carrying,2.0,-50.0,0.3087405936489249,1.351
P13,01,segment_0386,free_movement,0.75,130.0,0.615562795991177,1.606
P13,01,segment_0387,carrying,0.75,15.0,0.6847009586318495,1.0195
P13,01,segment_0388,free_movement,6.0,10.0,0.6040036503014949,2.0045
P13,01,segment_0390,free_movement,4.25,10.0,0.5100618160103784,1.9335
P13,01,segment_0392,free_movement,2.0,5.0,0.4653003654125529,2.544
P13,01,segment_0394,free_movement,0.75,10.0,0.6180959870591306,1.3175
P13,01,segment_0396,free_movement,4.25,100.0,0.44174592914257493,2.2255
P13,01,segment_0398,free_movement,2.25,5.0,0.6590693780563442,2.1775
P13,01,segment_0400,free_movement,6.0,15.0,0.6025765863200692,1.8975
P13,01,segment_0402,free_movement,3.0,155.0,0.5032702174485408,3.6725
P13,01,segment_0404,free_movement,1.0,-10.0,0.50861495765335,1.414
P13,01,segment_0406,free_movement,3.0,0.0,0.6767989351355923,1.58
P13,01,segment_0408,free_movement,6.0,115.0,0.5495802123196657,1.337
P13,01,segment_0410,free_movement,4.25,15.0,0.5508322479672043,1.853
P13,01,segment_0412,free_movement,1.0,-15.0,0.5628248897274948,1.476
P13,01,segment_0413,carrying,1.0,-50.0,0.4787629824713981,3.1845
P13,01,segment_0414,free_movement,2.0,-20.0,0.6510183004972727,1.794
P13,01,segment_0416,free_movement,2.25,290.0,0.3585974910267895,1.438
P13,01,segment_0417,carrying,2.25,-50.0,0.42409472312492325,1.207
P13,01,segment_0419,free_movement,4.25,5.0,0.5300681638416452,2.7825
P13,01,segment_0421,free_movement,6.0,55.0,0.5906328061748721,1.3635
P13,01,segment_0423,free_movement,0.75,40.0,0.6486769208913051,1.311
P13,01,segment_0425,free_movement,3.0,-25.0,0.6401740242964256,3.04
P13,01,segment_0427,free_movement,1.0,-15.0,0.5851520774279192,1.8235
P13,01,segment_0428,carrying,1.0,345.0,0.35611398432910996,1.056
P13,01,segment_0429,free_movement,2.25,165.0,0.40827032673841873,1.8245
P13,01,segment_0431,free_movement,2.0,55.0,0.4115566363848587,0.9195
P13,01,segment_0433,free_movement,6.0,110.0,0.515771903107393,2.119
P13,01,segment_0435,free_movement,2.25,10.0,0.5265540152476376,3.6755
P13,01,segment_0437,free_movement,4.25,-5.0,0.43559574790579453,2.6045
P13,01,segment_0439,free_movement,1.0,0.0,0.4612156037625393,3.6385
P13,01,segment_0441,free_movement,2.0,0.0,0.3296871847242203,5.5055
P13,01,segment_0443,free_movement,3.0,45.0,0.6116274943582176,2.951
P13,01,segment_0444,carrying,3.0,-15.0,0.37737311120463995,1.495
P13,01,segment_0445,free_movement,0.75,10.0,0.616062588302158,2.206
P13,01,segment_0447,free_movement,3.0,15.0,0.47237262804763835,2.8465
P13,01,segment_0451,free_movement,2.25,15.0,0.4731288347944286,1.88
P13,01,segment_0453,free_movement,4.25,5.0,0.31181643804337045,3.038
P13,01,segment_0455,free_movement,1.0,-5.0,0.5472846500950491,2.018
P13,01,segment_0457,free_movement,0.75,10.0,0.5116542474045852,2.262
P13,01,segment_0459,free_movement,2.0,185.0,0.5571149996622625,1.643
P13,01,segment_0460,carrying,2.0,-50.0,0.4646475257133954,1.066
P13,01,segment_0461,free_movement,6.0,-5.0,0.33654108838762214,2.419
P13,01,segment_0463,free_movement,2.0,5.0,0.45060652259179507,2.0755
P13,01,segment_0465,free_movement,2.25,80.0,0.5342773058809412,1.627
P13,01,segment_0467,free_movement,3.0,270.0,0.6911795776233293,2.404
P13,01,segment_0469,free_movement,4.25,0.0,0.48626231248165863,2.117
P13,01,segment_0471,free_movement,0.75,290.0,0.3764830596686886,1.9265
P13,01,segment_0472,carrying,0.75,140.0,0.30488616505385063,1.042
P13,01,segment_0473,free_movement,1.0,5.0,0.6179741031370243,1.558
P13,01,segment_0474,carrying,1.0,-50.0,0.4686032119319272,0.993
P13,01,segment_0475,free_movement,2.25,135.0,0.6409314728263843,1.615
P13,01,segment_0477,free_movement,0.75,335.0,0.47783697231511113,1.4515
P13,01,segment_0478,carrying,0.75,-50.0,0.400647407944314,0.911
P13,01,segment_0479,free_movement,4.25,0.0,0.5599657620829402,2.0265
P13,01,segment_0480,carrying,4.25,225.0,0.45462861887760164,0.847
P13,01,segment_0481,free_movement,3.0,-10.0,0.6388731565061203,1.8145
P13,01,segment_0483,free_movement,1.0,320.0,0.489416973969304,1.944
P13,01,segment_0484,carrying,1.0,-45.0,0.40774298868702186,1.8425
P13,01,segment_0485,free_movement,2.0,-5.0,0.5807229913784066,2.646
P13,01,segment_0487,free_movement,6.0,20.0,0.5723181716444096,1.8325
P13,01,segment_0489,free_movement,2.0,-5.0,0.6361941048589841,1.6635
P13,01,segment_0491,free_movement,0.75,110.0,0.6483265962294075,2.6745
P13,01,segment_0493,free_movement,3.0,-5.0,0.5575215461067964,4.25
P13,01,segment_0494,carrying,3.0,-50.0,0.3487589938302527,1.6725
P13,01,segment_0495,free_movement,1.0,140.0,0.6525797556730121,2.138
P13,01,segment_0497,free_movement,2.25,0.0,0.7467759473210053,1.9395
P14,01,segment_0000,free_movement,6.0,40.0,0.5998006594470515,15.6055
P14,01,segment_0003,carrying,0.75,350.0,0.35003748259352846,1.064
P14,01,segment_0004,free_movement,4.25,300.0,0.40187416444452667,5.9205
P14,01,segment_0008,free_movement,1.0,0.0,0.6266953622602753,2.0915
P14,01,segment_0012,free_movement,2.25,125.0,0.44461160462862026,2.132
P14,01,segment_0014,free_movement,6.0,10.0,0.5019915477494175,1.481
P14,01,segment_0015,carrying,6.0,-50.0,0.41379106075385813,1.747
P14,01,segment_0016,free_movement,3.0,330.0,0.4239532738220724,2.344
P14,01,segment_0018,free_movement,1.0,100.0,0.41634541588441487,1.3205
P14,01,segment_0019,carrying,1.0,325.0,0.5121238802257004,1.097
P14,01,segment_0020,free_movement,2.25,10.0,0.3610341919900062,2.242
P14,01,segment_0021,carrying,2.25,-15.0,0.3990404950532236,1.2425
P14,01,segment_0024,free_movement,4.25,5.0,0.3562237653789248,2.606
P14,01,segment_0025,carrying,4.25,300.0,0.4716549116656207,1.3455
P14,01,segment_0026,free_movement,2.0,-25.0,0.3705239262860864,1.532
P14,01,segment_0027,carrying,2.0,85.0,0.49098875881869997,2.988
P14,01,segment_0028,free_movement,4.25,285.0,0.36476371889283277,1.793
P14,01,segment_0029,carrying,4.25,305.0,0.31845696547769164,0.931
P14,01,segment_0030,free_movement,3.0,0.0,0.7939350203980542,3.7415
P14,01,segment_0032,free_movement,0.75,5.0,0.47379338281610905,2.0075
P14,01,segment_0033,carrying,0.75,240.0,0.39121071969760063,0.7105
P14,01,segment_0035,carrying,2.0,125.0,0.3728498177754637,1.104
P14,01,segment_0036,free_movement,1.0,255.0,0.5541870742164966,1.166
P14,01,segment_0037,carrying,1.0,-50.0,0.4807767047064569,2.5215
P14,01,segment_0038,free_movement,2.25,-50.0,0.5001467937205211,3.8955
P14,01,segment_0039,carrying,2.25,-50.0,0.606377908455427,0.717
P14,01,segment_0040,free_movement,6.0,10.0,0.42611249751056357,3.1215
P14,01,segment_0041,carrying,6.0,10.0,0.34495127923594593,0.9075
P14,01,segment_0042,free_movement,0.75,15.0,0.5886249620247638,3.896
P14,01,segment_0043,carrying,0.75,45.0,0.4139597967692501,0.754
P14,01,segment_0044,free_movement,4.25,125.0,0.5879221660242875,1.3445
P14,01,segment_0045,carrying,4.25,-30.0,0.39328430297988115,3.0815
P14,01,segment_0046,free_movement,2.0,225.0,0.42438105171090357,2.6435
P14,01,segment_0047,carrying,2.0,250.0,0.42336269761748263,1.024
P14,01,segment_0048,free_movement,6.0,115.0,0.5611076668649235,1.0735
P14,01,segment_0050,free_movement,3.0,125.0,0.5548989763677254,1.405
P14,01,segment_0051,carrying,3.0,-50.0,0.35719155469616354,0.8415
P14,01,segment_0052,free_movement,2.25,0.0,0.7697796585118275,1.259
P14,01,segment_0053,carrying,2.25,-50.0,0.36341606048828395,2.615
P14,01,segment_0054,free_movement,1.0,95.0,0.5017252901157241,2.2855
P14,01,segment_0060,free_movement,6.0,-5.0,0.6767021247254349,1.0495
P14,01,segment_0061,carrying,6.0,350.0,0.5865298049125448,0.802
P14,01,segment_0062,free_movement,0.75,55.0,0.35021322917221176,1.3935
P14,01,segment_0064,free_movement,2.0,340.0,0.440711273128612,1.1525
P14,01,segment_0068,free_movement,2.25,10.0,0.5850169937261601,2.4645
P14,01,segment_0069,carrying,2.25,-40.0,0.4563223180340791,1.198
P14,01,segment_0075,carrying,2.0,-50.0,0.45382561625728834,1.4495
P14,01,segment_0076,free_movement,4.25,-5.0,0.4990307200890345,2.5565
P14,01,segment_0078,free_movement,6.0,350.0,0.3397010203538436,1.6775
P14,01,segment_0080,free_movement,1.0,-30.0,0.7050433844127468,3.4
P14,01,segment_0081,carrying,1.0,-10.0,0.3619563901948229,0.9055
P14,01,segment_0084,free_movement,3.0,295.0,0.5515206228803641,1.259
P14,01,segment_0086,free_movement,1.0,275.0,0.3577434869958162,1.2775
P14,01,segment_0088,free_movement,0.75,110.0,0.6144301383475124,1.3655
P14,01,segment_0090,free_movement,2.25,-25.0,0.4605560347794665,0.9785
P14,01,segment_0091,carrying,2.25,345.0,0.3414363119195286,1.4215
P14,01,segment_0092,free_movement,4.25,10.0,0.41837903012645966,1.079
P14,01,segment_0094,free_movement,2.0,-10.0,0.3893989054624581,1.2475
P14,01,segment_0096,free_movement,6.0,195.0,0.5869268202485518,1.272
P14,01,segment_0098,free_movement,3.0,10.0,0.4089947029248064,1.674
P14,01,segment_0100,free_movement,2.0,5.0,0.4190324587391245,1.1525
P14,01,segment_0102,free_movement,0.75,240.0,0.37045368295003944,1.3445
P14,01,segment_0103,carrying,0.75,280.0,0.518976570190584,0.9195
P14,01,segment_0104,free_movement,1.0,-20.0,0.31722620002789265,1.4535
P14,01,segment_0106,free_movement,4.25,-50.0,0.40641024237818,1.136
P14,01,segment_0108,free_movement,6.0,5.0,0.4561714639583756,1.4595
P14,01,segment_0110,free_movement,2.25,350.0,0.3894884980562224,1.7795
P14,01,segment_0112,free_movement,2.0,-20.0,0.44463952770898,3.898
P14,01,segment_0114,free_movement,4.25,350.0,0.3114610570771639,1.8855
P14,01,segment_0115,carrying,4.25,275.0,0.34731379933269857,1.0345
P14,01,segment_0116,free_movement,0.75,130.0,0.4061890999527025,2.274
P14,01,segment_0117,carrying,0.75,255.0,0.474246669874032,0.928
P14,01,segment_0119,carrying,1.0,-50.0,0.37984099438439894,0.7555
P14,01,segment_0120,free_movement,6.0,-15.0,0.5802615465898797,1.28
P14,01,segment_0122,free_movement,3.0,0.0,0.5493067844009284,1.7345
P14,01,segment_0123,carrying,3.0,350.0,0.6335415896779973,0.874
P14,01,segment_0124,free_movement,2.25,10.0,0.37773371179929754,1.467
P14,01,segment_0125,carrying,2.25,-15.0,0.416486309727955,2.785
P14,01,segment_0126,free_movement,3.0,-10.0,0.7174048855151097,1.3535
P14,01,segment_0127,carrying,3.0,-50.0,0.46681480629078753,0.819
P14,01,segment_0128,free_movement,6.0,10.0,0.43785975291555096,1.6815
P14,01,segment_0131,carrying,1.0,350.0,0.33235412969875094,1.299
P14,01,segment_0132,free_movement,0.75,25.0,0.4011836135625593,0.9835
P14,01,segment_0133,carrying,0.75,-50.0,0.41010866126043044,1.2375
P14,01,segment_0136,free_movement,2.0,175.0,0.46093106559429475,1.3685
P14,01,segment_0138,free_movement,4.25,335.0,0.33938564807301136,2.3
P14,01,segment_0140,free_movement,4.25,70.0,0.5494362571108397,1.092
P14,01,segment_0142,free_movement,6.0,20.0,0.40773860617980895,2.565
P14,01,segment_0146,free_movement,2.25,-50.0,0.36415530700258497,1.948
P14,01,segment_0150,free_movement,1.0,220.0,0.5182136722981657,1.2545
P14,01,segment_0154,free_movement,4.25,-50.0,0.5468667353629615,1.1125
P14,01,segment_0156,free_movement,2.25,20.0,0.6926667582609732,1.0915
P14,01,segment_0158,free_movement,1.0,350.0,0.41906621559900026,1.631
P14,01,segment_0159,carrying,1.0,-50.0,0.37572406168408806,1.0825
P14,01,segment_0160,free_movement,0.75,85.0,0.3130448756783336,1.1745
P14,01,segment_0162,free_movement,3.0,0.0,0.47427197285100575,1.487
P14,01,segment_0163,carrying,3.0,285.0,0.46909315571176946,0.84
P14,01,segment_0164,free_movement,2.0,335.0,0.4081023259598009,2.488
P14,01,segment_0166,free_movement,6.0,-5.0,0.4023931264634948,2.1115
P14,01,segment_0167,carrying,6.0,-50.0,0.3283618996308536,1.299
P14,01,segment_0168,free_movement,2.25,170.0,0.35172408803205935,2.4035
P14,01,segment_0174,free_movement,6.0,-30.0,0.48165354465349003,1.0995
P14,01,segment_0176,free_movement,2.0,30.0,0.8169548365270792,1.332
P14,01,segment_0177,carrying,2.0,-50.0,0.4807130086194103,0.824
P14,01,segment_0180,free_movement,0.75,115.0,0.37465092265158295,0.9455
P14,01,segment_0184,free_movement,2.0,10.0,0.3568580507186713,1.16
P14,01,segment_0186,free_movement,6.0,90.0,0.4451173771327847,0.8655
P14,01,segment_0189,carrying,3.0,-35.0,0.46835421007671607,3.6655
P14,01,segment_0190,free_movement,2.25,210.0,0.7774269259732578,1.3425
P14,01,segment_0191,carrying,2.25,350.0,0.33719830374363763,1.2505
P14,01,segment_0194,free_movement,1.0,120.0,0.4893483225035435,1.1215
P14,01,segment_0195,carrying,1.0,-20.0,0.3645225240910686,0.958
P14,01,segment_0196,free_movement,4.25,0.0,0.6529449393593465,1.245
P14,01,segment_0200,free_movement,3.0,245.0,0.32491256292218723,1.536
P14,01,segment_0202,free_movement,2.25,0.0,0.5117049440827202,1.0265
P14,01,segment_0205,carrying,0.75,50.0,0.44216963761429473,2.9835
P14,01,segment_0208,free_movement,6.0,15.0,0.4829859857740414,1.48
P14,01,segment_0209,carrying,6.0,50.0,0.32327090611279286,1.096
P14,01,segment_0210,free_movement,2.0,-10.0,0.6979828400069041,1.3405
P14,01,segment_0211,carrying,2.0,-50.0,0.424657189406023,1.1175
P14,01,segment_0212,free_movement,1.0,225.0,0.576556975673086,1.5685
P14,01,segment_0214,free_movement,2.25,245.0,0.5077845266956197,1.1525
P14,01,segment_0216,free_movement,0.75,285.0,0.31706593818692597,1.6535
P14,01,segment_0218,free_movement,3.0,40.0,0.46355261046880186,1.692
P14,01,segment_0220,free_movement,4.25,50.0,0.4331165977812239,1.3785
P14,01,segment_0222,free_movement,6.0,275.0,0.46927610868913033,1.1535
P14,01,segment_0224,free_movement,2.25,30.0,0.5299736417293335,2.0285
P14,01,segment_0226,free_movement,3.0,90.0,0.509791249562177,1.515
P14,01,segment_0228,free_movement,0.75,170.0,0.4486907025723783,2.0425
P14,01,segment_0229,carrying,0.75,325.0,0.3894275026306454,0.9415
P14,01,segment_0230,free_movement,6.0,295.0,0.41587117341144464,1.6325
P14,01,segment_0231,carrying,6.0,265.0,0.3644436711525793,0.976
P14,01,segment_0232,free_movement,1.0,55.0,0.3694919459142599,1.632
P14,01,segment_0234,free_movement,4.25,340.0,0.4534426863028792,1.95
P14,01,segment_0238,free_movement,1.0,250.0,0.38127225999500663,1.6805
P14,01,segment_0240,free_movement,3.0,0.0,0.4713227407311298,1.197
P14,01,segment_0241,carrying,3.0,-50.0,0.33389163376626113,1.1555
P14,01,segment_0242,free_movement,2.0,290.0,0.3709704423270937,1.902
P14,01,segment_0244,free_movement,2.25,60.0,0.4700394948574923,1.474
P14,01,segment_0246,free_movement,6.0,120.0,0.4379030325401995,1.4995
P14,01,segment_0248,free_movement,4.25,15.0,0.4820724896873145,1.6885
P14,01,segment_0249,carrying,4.25,315.0,0.3719496709364264,2.408
P14,01,segment_0251,carrying,0.75,300.0,0.492432662988406,0.79
P14,01,segment_0252,free_movement,1.0,160.0,0.7289374956176391,1.1355
P14,01,segment_0253,carrying,1.0,-15.0,0.4165856918342644,2.1165
P14,01,segment_0254,free_movement,3.0,-5.0,0.9220817087504454,1.044
P14,01,segment_0256,free_movement,6.0,265.0,0.5361353243780722,3.1645
P14,01,segment_0258,free_movement,2.25,0.0,0.5954094164888329,1.5095
P14,01,segment_0259,carrying,2.25,-30.0,0.5001694851945602,1.1695
P14,01,segment_0260,free_movement,0.75,30.0,0.5192895884199595,1.325
P14,01,segment_0262,free_movement,2.0,10.0,0.445423902384267,1.354
P14,01,segment_0263,carrying,2.0,-30.0,0.34836722217544863,1.1155
P14,01,segment_0264,free_movement,4.25,325.0,0.49345740576978925,1.547
P14,01,segment_0268,free_movement,3.0,235.0,0.4573524502485273,1.4635
P14,01,segment_0271,carrying,2.25,350.0,0.4082850879982383,1.001
P14,01,segment_0272,free_movement,2.0,5.0,0.4776911653801942,1.399
P14,01,segment_0273,carrying,2.0,-30.0,0.4251714885202091,1.1685
P14,01,segment_0274,free_movement,0.75,10.0,0.46903362642038576,0.926
P14,01,segment_0275,carrying,0.75,110.0,0.5032168127726754,2.311
P14,01,segment_0276,free_movement,6.0,-25.0,0.583285955969635,1.318
P14,01,segment_0277,carrying,6.0,-35.0,0.3297280254298273,0.8965
P14,01,segment_0278,free_movement,1.0,0.0,0.5341076341442714,1.0535
P14,01,segment_0280,free_movement,1.0,10.0,0.4177671609451996,1.07
P14,01,segment_0285,carrying,0.75,350.0,0.34047990689950336,1.013
P14,01,segment_0286,free_movement,4.25,340.0,0.371438740504067,1.998
P14,01,segment_0290,free_movement,2.25,15.0,0.5535675105452653,2.8255
P14,01,segment_0292,free_movement,6.0,10.0,0.40493144898638933,3.2225
P14,01,segment_0294,free_movement,2.25,170.0,0.5581387536897512,2.285
P14,01,segment_0299,carrying,0.75,175.0,0.44300746750156994,0.707
P14,01,segment_0300,free_movement,3.0,-20.0,0.5534225812646826,1.4415
P14,01,segment_0301,carrying,3.0,-50.0,0.41093269830765444,2.0305
P14,01,segment_0302,free_movement,6.0,55.0,0.4884054991933425,1.1785
P14,01,segment_0304,free_movement,1.0,55.0,0.63315792378182,1.71
P14,01,segment_0311,carrying,1.0,215.0,0.46784907632673034,0.906
P14,01,segment_0312,free_movement,4.25,-5.0,0.4756504044174527,1.4495
P14,01,segment_0313,carrying,4.25,-50.0,0.3096567829878737,3.7285
P14,01,segment_0314,free_movement,0.75,350.0,0.7130416904947998,1.531
P14,01,segment_0316,free_movement,3.0,-50.0,0.7085593608021179,0.8265
P14,01,segment_0318,free_movement,2.25,345.0,0.4414507962015849,0.9875
P14,01,segment_0319,carrying,2.25,-50.0,0.4885258540581338,4.3655
P14,01,segment_0320,free_movement,6.0,0.0,0.4597871570471885,1.716
P14,01,segment_0322,free_movement,6.0,0.0,0.6453993130513909,2.4425
P14,01,segment_0323,carrying,6.0,25.0,0.45202735499577573,0.832
P14,01,segment_0324,free_movement,4.25,0.0,0.6502670122994233,1.9815
P14,01,segment_0325,carrying,4.25,285.0,0.4988961448517244,0.9295
P14,01,segment_0326,free_movement,3.0,55.0,0.586199825506259,1.206
P14,01,segment_0328,free_movement,1.0,20.0,0.38518375599742616,1.389
P14,01,segment_0330,free_movement,2.25,310.0,0.34931068330143805,1.4065
P14,01,segment_0332,free_movement,2.0,45.0,0.4268225076227632,1.126
P14,01,segment_0334,free_movement,0.75,340.0,0.36807614489561336,0.92
P14,01,segment_0338,free_movement,2.0,105.0,0.5925862882329381,1.2015
P14,01,segment_0339,carrying,2.0,105.0,0.4391840923779236,0.8405
P14,01,segment_0340,free_movement,1.0,220.0,0.31161008649665073,1.5625
P14,01,segment_0342,free_movement,4.25,5.0,0.4601206602830396,1.7745
P14,01,segment_0343,carrying,4.25,350.0,0.31143275858877645,6.9745
P14,01,segment_0349,carrying,6.0,345.0,0.30884569506382076,0.8295
P14,01,segment_0350,free_movement,1.0,-10.0,0.689788825873002,1.4095
P14,01,segment_0351,carrying,1.0,350.0,0.5436239162336034,0.8325
P14,01,segment_0354,free_movement,0.75,300.0,0.5800145906811477,2.284
P14,01,segment_0355,carrying,0.75,140.0,0.5408999891871581,0.848
P14,01,segment_0356,free_movement,6.0,155.0,0.5111295678942709,1.5955
P14,01,segment_0359,carrying,2.0,320.0,0.4009918514050656,1.2915
P14,01,segment_0363,carrying,2.25,-45.0,0.31718818868371396,0.9645
P14,01,segment_0365,carrying,1.0,-50.0,0.3821666943203476,0.7315
P14,01,segment_0366,free_movement,3.0,305.0,0.40746809714219673,1.2785
P14,01,segment_0367,carrying,3.0,-50.0,0.30539761050053105,1.1535
P14,01,segment_0368,free_movement,6.0,25.0,0.3243066875694107,1.518
P14,01,segment_0371,carrying,4.25,270.0,0.5488046524687131,1.789
P14,01,segment_0373,carrying,0.75,265.0,0.6994837385424418,0.845
P14,01,segment_0374,free_movement,2.25,345.0,0.5998524023161871,1.1285
P14,01,segment_0375,carrying,2.25,350.0,0.3179905373747418,0.844
P14,01,segment_0376,free_movement,2.0,10.0,0.6471373218132808,1.73
P14,01,segment_0377,carrying,2.0,0.0,0.4920249845501964,1.624
P14,01,segment_0378,free_movement,2.0,-10.0,0.3710473618932547,1.538
P14,01,segment_0381,carrying,1.0,-45.0,0.3469489919322606,1.302
P14,01,segment_0382,free_movement,0.75,-35.0,0.4524044648568906,1.09
P14,01,segment_0383,carrying,0.75,250.0,0.6589933467386241,0.832
P14,01,segment_0386,free_movement,2.25,295.0,0.34920918987400884,1.576
P14,01,segment_0390,free_movement,6.0,10.0,0.525443022179485,1.596
P14,01,segment_0392,free_movement,3.0,-15.0,0.425646468075072,1.17
P14,01,segment_0398,free_movement,0.75,5.0,0.7012054779431113,1.0975
P14,01,segment_0400,free_movement,4.25,235.0,0.42853363176645454,1.357
P14,01,segment_0413,carrying,0.75,350.0,0.5036085449291787,0.951
P14,01,segment_0414,free_movement,1.0,350.0,0.37143356196018684,1.32
P14,01,segment_0416,free_movement,2.25,-50.0,0.3171808260902585,1.315
P14,01,segment_0418,free_movement,3.0,0.0,0.4143374179149427,2.208
P14,01,segment_0419,carrying,3.0,-50.0,0.43443765040004034,1.4895
P14,01,segment_0420,free_movement,2.25,335.0,0.3156261972503066,1.7705
P14,01,segment_0422,free_movement,3.0,25.0,0.4081044695433329,1.4295
P14,01,segment_0423,carrying,3.0,-50.0,0.34323515275579003,1.0475
P14,01,segment_0424,free_movement,2.0,10.0,0.39646188807268157,1.834
P14,01,segment_0428,free_movement,4.25,-10.0,0.42652374508569496,1.4685
P14,01,segment_0429,carrying,4.25,245.0,0.30641048424313116,0.818
P14,01,segment_0430,free_movement,0.75,5.0,0.5997870639011623,1.673
P14,01,segment_0432,free_movement,1.0,105.0,0.5101118036707388,1.5995
P14,01,segment_0433,carrying,1.0,-50.0,0.30487533117180604,0.976
P14,01,segment_0434,free_movement,2.25,300.0,0.6679609030233876,1.6515
P14,01,segment_0436,free_movement,6.0,15.0,0.5246085893021122,1.369
P14,01,segment_0437,carrying,6.0,330.0,0.39388692669774067,1.2835
P14,01,segment_0438,free_movement,3.0,350.0,0.4595672010152038,1.7535
P14,01,segment_0439,carrying,3.0,325.0,0.3560058171458268,0.9625
P14,01,segment_0440,free_movement,0.75,350.0,0.4193411691362191,1.433
P14,01,segment_0441,carrying,0.75,45.0,0.46090459414422813,2.1185
P14,01,segment_0443,carrying,1.0,-50.0,0.3812984954569999,0.848
P14,01,segment_0446,free_movement,2.0,-20.0,0.33040828659754246,1.7645
P14,01,segment_0451,carrying,1.0,335.0,0.36484330166342316,0.842
P14,01,segment_0453,carrying,0.75,225.0,0.7826190206065857,0.7355
P14,01,segment_0456,free_movement,4.25,15.0,0.344185783541164,2.255
P14,01,segment_0460,free_movement,2.0,230.0,0.34117296938225683,1.5065
P14,01,segment_0462,free_movement,2.25,5.0,0.5985783162221173,1.8325
P14,01,segment_0463,carrying,2.25,-50.0,0.3214108202959977,0.872
P14,01,segment_0466,free_movement,6.0,195.0,0.3581157450471135,1.722
P14,01,segment_0470,free_movement,3.0,10.0,0.5241578391980848,2.4555
P14,01,segment_0474,free_movement,1.0,-50.0,0.3489512329841157,1.12
P14,01,segment_0475,carrying,1.0,-25.0,0.4743514310209415,0.813
P14,01,segment_0478,free_movement,1.0,-25.0,0.5328760224423302,1.595
P14,01,segment_0480,free_movement,3.0,315.0,0.3819294906195608,1.4
P14,01,segment_0481,carrying,3.0,-50.0,0.3854346186761645,1.1175
P14,01,segment_0482,free_movement,6.0,150.0,0.6412171794487747,1.046
P14,01,segment_0484,free_movement,2.0,95.0,0.4103398611568779,1.518
P14,01,segment_0486,free_movement,2.25,20.0,0.4875217107096364,2.414
P14,01,segment_0488,free_movement,0.75,-5.0,0.7677355170454422,1.074
P14,01,segment_0490,free_movement,6.0,10.0,0.6428570331565108,1.2495
P14,01,segment_0492,free_movement,2.0,145.0,0.6335292711495811,1.1075
P14,01,segment_0494,free_movement,4.25,145.0,0.6966959177059654,1.148
P14,01,segment_0496,free_movement,1.0,60.0,0.48600245170605144,1.1145
P14,01,segment_0498,free_movement,3.0,240.0,0.5435954383665897,1.3455
P15,01,segment_0000,free_movement,4.25,35.0,0.47953433255923056,18.3515
P15,01,segment_0001,carrying,4.25,345.0,0.34754447136663263,1.4075
P15,01,segment_0002,free_movement,0.75,-10.0,0.3307112478048679,1.892
P15,01,segment_0004,free_movement,2.0,220.0,0.31583844263078575,2.1925
P15,01,segment_0007,carrying,3.0,-50.0,0.39176823544082223,1.226
P15,01,segment_0010,free_movement,6.0,5.0,0.4161331996620276,3.1825
P15,01,segment_0011,carrying,6.0,220.0,0.5514736442001756,1.2615
P15,01,segment_0012,free_movement,1.0,55.0,0.6418761298413538,1.6965
P15,01,segment_0014,free_movement,6.0,5.0,0.37541949555501675,1.682
P15,01,segment_0016,free_movement,0.75,-35.0,0.6844754141410567,1.904
P15,01,segment_0017,carrying,0.75,295.0,0.6017880257932723,0.8
P15,01,segment_0024,free_movement,3.0,-50.0,0.3733834622007691,1.5875
P15,01,segment_0026,free_movement,2.25,0.0,0.3150801962260776,2.062
P15,01,segment_0027,carrying,2.25,290.0,0.3432959884608703,1.428
P15,01,segment_0028,free_movement,6.0,-50.0,0.36687118015920833,1.5885
P15,01,segment_0030,free_movement,4.25,-45.0,0.45244626591856085,2.327
P15,01,segment_0032,free_movement,1.0,50.0,0.32807854119048363,2.269
P15,01,segment_0033,carrying,1.0,290.0,0.4522012839070405,0.779
P15,01,segment_0034,free_movement,2.25,200.0,0.34256176830767465,3.8495
P15,01,segment_0036,free_movement,2.0,-50.0,0.3566335063222003,1.467
P15,01,segment_0038,free_movement,0.75,5.0,0.5649270220570661,1.418
P15,01,segment_0039,carrying,0.75,-40.0,0.5963827579301032,0.936
P15,01,segment_0040,free_movement,3.0,-10.0,0.3153966919293143,1.64
P15,01,segment_0044,free_movement,4.25,-50.0,0.5276799700846128,1.5855
P15,01,segment_0045,carrying,4.25,220.0,0.3359883183848036,1.9185
P15,01,segment_0046,free_movement,1.0,85.0,0.4322338818574245,1.3
P15,01,segment_0049,carrying,2.25,340.0,0.38690218908208296,1.916
P15,01,segment_0050,free_movement,0.75,-30.0,0.6142300560296542,1.303
P15,01,segment_0053,carrying,2.0,230.0,0.44303207387681837,1.2325
P15,01,segment_0054,free_movement,3.0,305.0,0.36421331835345827,1.6495
P15,01,segment_0055,carrying,3.0,-50.0,0.3527529238016162,1.3175
P15,01,segment_0056,free_movement,0.75,-30.0,0.47885257924165103,1.263
P15,01,segment_0057,carrying,0.75,350.0,0.4588833516640249,1.2495
P15,01,segment_0058,free_movement,6.0,10.0,0.6075165268520368,2.099
P15,01,segment_0060,free_movement,1.0,-20.0,0.6595617848344082,1.5925
P15,01,segment_0064,free_movement,4.25,55.0,0.5437809606233757,2.4515
P15,01,segment_0065,carrying,4.25,-50.0,0.3305795915866488,0.778
P15,01,segment_0066,free_movement,3.0,0.0,0.45274355628954016,1.444
P15,01,segment_0067,carrying,3.0,-50.0,0.30976028840169917,0.9245
P15,01,segment_0068,free_movement,2.25,145.0,0.3076675795537717,1.568
P15,01,segment_0069,carrying,2.25,315.0,0.3502232162710762,1.498
P15,01,segment_0072,free_movement,3.0,0.0,0.605394956016543,1.5435
P15,01,segment_0073,carrying,3.0,-50.0,0.45860838880159777,1.1765
P15,01,segment_0075,carrying,0.75,-50.0,0.34564728235886905,1.1495
P15,01,segment_0076,free_movement,2.25,210.0,0.34162472264176436,1.9365
P15,01,segment_0078,free_movement,1.0,-50.0,0.6181103992803971,1.9
P15,01,segment_0079,carrying,1.0,-50.0,0.4448507518466468,1.11
P15,01,segment_0080,free_movement,2.0,0.0,0.4637405265143097,1.3185
P15,01,segment_0082,free_movement,6.0,30.0,0.4505483621859898,1.8785
P15,01,segment_0084,free_movement,2.25,0.0,0.3323619272528176,2.078
P15,01,segment_0086,free_movement,3.0,0.0,0.4519347949577298,2.1095
P15,01,segment_0087,carrying,3.0,-40.0,0.3627602510745254,1.5525
P15,01,segment_0088,free_movement,1.0,40.0,0.41857314509901045,1.9575
P15,01,segment_0092,free_movement,6.0,10.0,0.32518548394794267,2.0435
P15,01,segment_0096,free_movement,2.0,-50.0,0.5767025756906691,1.3875
P15,01,segment_0098,free_movement,6.0,0.0,0.4150566630477949,1.569
P15,01,segment_0102,free_movement,2.0,10.0,0.3265189196447532,1.814
P15,01,segment_0108,free_movement,3.0,20.0,0.41573102874344764,1.943
P15,01,segment_0110,free_movement,1.0,-35.0,0.7051237354854698,1.541
P15,01,segment_0111,carrying,1.0,280.0,0.46450777562648,0.984
P15,01,segment_0112,free_movement,6.0,10.0,0.44670843389923287,2.147
P15,01,segment_0114,free_movement,0.75,-20.0,0.488029861892952,1.6265
P15,01,segment_0115,carrying,0.75,-50.0,0.37695921628669016,1.24
P15,01,segment_0116,free_movement,4.25,-10.0,0.4924120912637009,1.934
P15,01,segment_0122,free_movement,2.25,270.0,0.4883256398318061,1.657
P15,01,segment_0126,free_movement,6.0,95.0,0.46273427402507217,1.9575
P15,01,segment_0128,free_movement,2.25,5.0,0.3807629609557664,2.05
P15,01,segment_0130,free_movement,2.0,5.0,0.43826097557133165,2.143
P15,01,segment_0132,free_movement,4.25,0.0,0.30989543895350846,1.9345
P15,01,segment_0134,free_movement,3.0,140.0,0.4881726121350466,1.827
P15,01,segment_0136,free_movement,1.0,260.0,0.4486114281494452,1.153
P15,01,segment_0140,free_movement,3.0,0.0,0.5130840437312466,1.6075
P15,01,segment_0143,carrying,0.75,350.0,0.47905516108580987,1.01
P15,01,segment_0144,free_movement,2.0,-50.0,0.3976539397903537,1.7575
P15,01,segment_0146,free_movement,2.25,135.0,0.49860204142469333,1.979
P15,01,segment_0148,free_movement,6.0,70.0,0.355255081178192,2.0305
P15,01,segment_0150,free_movement,4.25,-15.0,0.5419528982941239,1.768
P15,01,segment_0151,carrying,4.25,350.0,0.3180569999640494,1.1485
P15,01,segment_0152,free_movement,1.0,-35.0,0.4894368820410033,1.9635
P15,01,segment_0153,carrying,1.0,-30.0,0.426773872375244,1.076
P15,01,segment_0156,free_movement,6.0,5.0,0.6317482581551886,2.2985
P15,01,segment_0160,free_movement,3.0,-10.0,0.46084962009772196,1.8095
P15,01,segment_0161,carrying,3.0,260.0,0.38307365687312234,1.357
P15,01,segment_0163,carrying,1.0,-50.0,0.34016674020041143,1.1835
P15,01,segment_0164,free_movement,2.25,35.0,0.3485912038101103,1.349
P15,01,segment_0166,free_movement,2.0,-30.0,0.5533861594871156,1.462
P15,01,segment_0170,free_movement,6.0,25.0,0.3771818231593376,1.7465
P15,01,segment_0174,free_movement,4.25,25.0,0.356176652284687,2.336
P15,01,segment_0178,free_movement,2.0,270.0,0.498472527870896,1.385
P15,01,segment_0179,carrying,2.0,15.0,0.3289461520596828,0.8645
P15,01,segment_0180,free_movement,2.25,-20.0,0.33335848632954873,1.645
P15,01,segment_0184,free_movement,1.0,-15.0,0.5169549719919746,1.7385
P15,01,segment_0186,free_movement,4.25,5.0,0.5715708585640725,1.995
P15,01,segment_0188,free_movement,6.0,55.0,0.6008944446759436,1.8385
P15,01,segment_0190,free_movement,0.75,-5.0,0.5483332741948082,1.5015
P15,01,segment_0192,free_movement,3.0,-10.0,0.6298891138104109,1.5315
P15,01,segment_0193,carrying,3.0,-15.0,0.639615076355596,0.7905
P15,01,segment_0196,free_movement,1.0,-25.0,0.384076052879539,1.6655
P15,01,segment_0197,carrying,1.0,60.0,0.3428562891157117,1.035
P15,01,segment_0198,free_movement,2.0,-50.0,0.3326579925402237,1.2125
P15,01,segment_0199,carrying,2.0,-50.0,0.3232905499205471,1.059
P15,01,segment_0200,free_movement,2.25,200.0,0.3225359652361619,2.015
P15,01,segment_0204,free_movement,6.0,0.0,0.5795804947445717,1.6645
P15,01,segment_0205,carrying,6.0,275.0,0.3131173257202646,0.807
P15,01,segment_0206,free_movement,3.0,-5.0,0.5520609785399122,1.4635
P15,01,segment_0208,free_movement,0.75,0.0,0.608946164451755,1.408
P15,01,segment_0209,carrying,0.75,350.0,0.5055378005023121,1.1655
P15,01,segment_0210,free_movement,4.25,0.0,0.5565868872557082,1.818
P15,01,segment_0212,free_movement,6.0,-40.0,0.44556313687887006,2.0655
P15,01,segment_0214,free_movement,2.25,-10.0,0.4236196716215129,1.558
P15,01,segment_0216,free_movement,1.0,350.0,0.3242814573065061,1.4215
P15,01,segment_0218,free_movement,0.75,50.0,0.41022483540932647,2.443
P15,01,segment_0220,free_movement,2.0,-40.0,0.32360885752935986,1.4145
P15,01,segment_0222,free_movement,3.0,-50.0,0.3880229469684654,1.5175
P15,01,segment_0224,free_movement,2.25,55.0,0.38462597380803715,1.603
P15,01,segment_0228,free_movement,6.0,115.0,0.44628825395405497,1.9055
P15,01,segment_0230,free_movement,0.75,125.0,0.48711528028916845,1.737
P15,01,segment_0232,free_movement,3.0,350.0,0.3652001624003537,2.034
P15,01,segment_0234,free_movement,4.25,35.0,0.41339303567462665,2.803
P15,01,segment_0236,free_movement,1.0,0.0,0.36984209091074177,1.9995
P15,01,segment_0237,carrying,1.0,-45.0,0.3594206868094631,0.7145
P15,01,segment_0238,free_movement,2.0,-50.0,0.3968096577915898,1.6025
P15,01,segment_0240,free_movement,4.25,60.0,0.5600578554430192,2.1635
P15,01,segment_0242,free_movement,2.25,175.0,0.44741401118687985,1.5345
P15,01,segment_0245,carrying,3.0,205.0,0.30000739782491187,1.441
P15,01,segment_0246,free_movement,6.0,15.0,0.6358077551039386,1.822
P15,01,segment_0248,free_movement,0.75,10.0,0.5307751109475572,2.109
P15,01,segment_0250,free_movement,1.0,235.0,0.4682305893669701,1.616
P15,01,segment_0252,free_movement,3.0,325.0,0.3592410796502259,2.392
P15,01,segment_0253,carrying,3.0,-50.0,0.44425035176503713,1.392
P15,01,segment_0254,free_movement,2.0,-20.0,0.3917768792319534,1.4645
P15,01,segment_0256,free_movement,6.0,35.0,0.5866903394301333,1.948
P15,01,segment_0258,free_movement,2.25,180.0,0.3296322868395657,2.487
P15,01,segment_0260,free_movement,4.25,310.0,0.41319108632005314,2.0725
P15,01,segment_0262,free_movement,1.0,-35.0,0.3206172514661381,2.913
P15,01,segment_0264,free_movement,0.75,200.0,0.4905044374010494,1.3495
P15,01,segment_0266,free_movement,2.0,325.0,0.4147084519825212,1.6665
P15,01,segment_0267,carrying,2.0,305.0,0.3368065032988933,1.232
P15,01,segment_0272,free_movement,1.0,-50.0,0.30877471263710404,1.2035
P15,01,segment_0274,free_movement,3.0,-35.0,0.48311962285292603,1.3055
P15,01,segment_0278,free_movement,4.25,-5.0,0.30067757599250156,1.6875
P15,01,segment_0280,free_movement,6.0,10.0,0.4274615452092437,1.5485
P15,01,segment_0281,carrying,6.0,275.0,0.3367301458847248,1.2545
P15,01,segment_0282,free_movement,2.0,10.0,0.3711173811770449,2.701
P15,01,segment_0284,free_movement,1.0,30.0,0.45475917669422145,1.903
P15,01,segment_0285,carrying,1.0,190.0,0.31415161497612515,1.361
P15,01,segment_0286,free_movement,3.0,-35.0,0.5432546315005351,1.708
P15,01,segment_0287,carrying,3.0,-50.0,0.3693656405248264,0.9105
P15,01,segment_0288,free_movement,4.25,0.0,0.42351140906132817,1.5815
P15,01,segment_0290,free_movement,0.75,185.0,0.4594874986028455,1.8795
P15,01,segment_0291,carrying,0.75,-50.0,0.3569835227542723,1.037
P15,01,segment_0292,free_movement,2.25,85.0,0.3670108247090712,1.948
P15,01,segment_0294,free_movement,2.0,300.0,0.40422099210080414,1.5785
P15,01,segment_0298,free_movement,2.25,130.0,0.4430439786763186,1.516
P15,01,segment_0300,free_movement,1.0,40.0,0.43364927063319764,1.255
P15,01,segment_0302,free_movement,3.0,-15.0,0.5025193052777159,1.615
P15,01,segment_0303,carrying,3.0,330.0,0.3834788907156886,1.153
P15,01,segment_0304,free_movement,4.25,-40.0,0.4432658729194751,1.5335
P15,01,segment_0306,free_movement,6.0,35.0,0.40541789037429665,3.515
P15,01,segment_0308,free_movement,6.0,5.0,0.5919768763726985,2.194
P15,01,segment_0310,free_movement,2.25,10.0,0.3272373689003253,1.6815
P15,01,segment_0312,free_movement,1.0,350.0,0.3798073429027607,1.511
P15,01,segment_0313,carrying,1.0,-50.0,0.30841034486875324,1.444
P15,01,segment_0314,free_movement,4.25,15.0,0.6054546738706389,2.04
P15,01,segment_0316,free_movement,2.0,105.0,0.34078270579802883,1.687
P15,01,segment_0318,free_movement,0.75,115.0,0.5864204306040204,1.1415
P15,01,segment_0320,free_movement,3.0,-15.0,0.6771079561166375,1.3545
P15,01,segment_0322,free_movement,3.0,-10.0,0.4954508875993731,1.359
P15,01,segment_0324,free_movement,0.75,5.0,0.45361425790805365,1.1635
P15,01,segment_0326,free_movement,1.0,-10.0,0.3692504659534788,1.376
P15,01,segment_0328,free_movement,6.0,10.0,0.34752568737647427,1.552
P15,01,segment_0330,free_movement,2.25,10.0,0.40526172692339296,2.4425
P15,01,segment_0332,free_movement,4.25,-50.0,0.48162481486708886,1.2475
P15,01,segment_0334,free_movement,2.0,30.0,0.36813634360778097,1.8455
P15,01,segment_0335,carrying,2.0,-50.0,0.36833224005186843,1.405
P15,01,segment_0336,free_movement,2.0,-25.0,0.6588662175646754,1.3485
P15,01,segment_0337,carrying,2.0,-10.0,0.44413245384877714,0.9075
P15,01,segment_0338,free_movement,0.75,210.0,0.6979730345634426,1.4935
P15,01,segment_0339,carrying,0.75,-35.0,0.3242940074112123,1.5735
P15,01,segment_0341,carrying,3.0,250.0,0.48018727960109053,1.7525
P15,01,segment_0342,free_movement,2.25,5.0,0.4927447175814471,7.5255
P15,01,segment_0344,free_movement,1.0,250.0,0.5028872502055606,1.555
P15,01,segment_0345,carrying,1.0,-50.0,0.4135254675853257,0.8765
P15,01,segment_0346,free_movement,6.0,35.0,0.47173483712035824,1.954
P15,01,segment_0348,free_movement,4.25,0.0,0.5958239888001404,2.144
P15,01,segment_0350,free_movement,4.25,5.0,0.3955263632606261,2.3395
P15,01,segment_0354,free_movement,2.0,0.0,0.40907590526479637,1.8475
P15,01,segment_0356,free_movement,1.0,-50.0,0.36157885504830706,2.977
P15,01,segment_0357,carrying,1.0,280.0,0.4132967529146673,1.1065
P15,01,segment_0358,free_movement,2.25,0.0,0.3891268321163754,2.8235
P15,01,segment_0359,carrying,2.25,295.0,0.332555752623384,1.409
P15,01,segment_0360,free_movement,6.0,5.0,0.497566371015153,10.0745
P15,01,segment_0362,free_movement,0.75,-35.0,0.5337280760877414,1.532
P15,01,segment_0364,free_movement,0.75,-40.0,0.3507703314132099,1.0495
P15,01,segment_0366,free_movement,4.25,0.0,0.6301818849324197,2.2645
P15,01,segment_0370,free_movement,6.0,35.0,0.47239331224167797,2.9805
P15,01,segment_0372,free_movement,2.0,250.0,0.5097235378305223,1.5095
P15,01,segment_0373,carrying,2.0,-50.0,0.4065638873514459,0.973
P15,01,segment_0375,carrying,1.0,-50.0,0.31473044994118005,0.9595
P15,01,segment_0376,free_movement,2.25,20.0,0.43172507805561944,1.85
P15,01,segment_0378,free_movement,2.25,75.0,0.3417058307736,1.478
P15,01,segment_0381,carrying,0.75,140.0,0.34018535934917093,0.9575
P15,01,segment_0382,free_movement,4.25,-5.0,0.6249646733583627,1.4015
P15,01,segment_0386,free_movement,1.0,235.0,0.47165605155634294,1.159
P15,01,segment_0387,carrying,1.0,255.0,0.34607616005093184,0.782
P15,01,segment_0388,free_movement,6.0,-5.0,0.625270124990472,1.5985
P15,01,segment_0390,free_movement,3.0,75.0,0.5396949640838173,1.638
P15,01,segment_0392,free_movement,0.75,40.0,0.5858972906586439,1.232
P15,01,segment_0394,free_movement,1.0,5.0,0.36856707993902094,1.342
P15,01,segment_0396,free_movement,4.25,0.0,0.49531596193686095,2.013
P15,01,segment_0398,free_movement,2.0,-30.0,0.5803549347814194,1.8465
P15,01,segment_0399,carrying,2.0,-50.0,0.3333705122043449,1.255
P15,01,segment_0401,carrying,2.25,235.0,0.31154649344331015,1.308
P15,01,segment_0402,free_movement,6.0,175.0,0.34653548011232427,3.03
P15,01,segment_0404,free_movement,3.0,0.0,0.5660123207340065,2.653
P15,01,segment_0406,free_movement,2.0,10.0,0.4519631506217031,1.396
P15,01,segment_0408,free_movement,0.75,170.0,0.32814507894166883,1.215
P15,01,segment_0409,carrying,0.75,-50.0,0.3015923112371582,0.916
P15,01,segment_0410,free_movement,6.0,30.0,0.5590863902575195,1.9765
P15,01,segment_0412,free_movement,1.0,270.0,0.48842057007264816,1.731
P15,01,segment_0414,free_movement,3.0,-40.0,0.4830868457079267,1.7795
P15,01,segment_0416,free_movement,4.25,5.0,0.4656253631263799,1.8345
P15,01,segment_0418,free_movement,2.25,35.0,0.49541062853217344,1.6055
P15,01,segment_0420,free_movement,0.75,0.0,0.39832596434414297,1.2235
P15,01,segment_0421,carrying,0.75,280.0,0.5197525543115391,0.771
P15,01,segment_0422,free_movement,2.0,5.0,0.5536219710898523,1.319
P15,01,segment_0423,carrying,2.0,-50.0,0.3036880006475711,1.2385
P15,01,segment_0424,free_movement,2.25,220.0,0.41624979899413106,1.3945
P15,01,segment_0426,free_movement,4.25,-15.0,0.5049590749080242,1.673
P15,01,segment_0428,free_movement,1.0,-20.0,0.3507269678527574,1.3945
P15,01,segment_0430,free_movement,3.0,180.0,0.3383120433456333,1.535
P15,01,segment_0432,free_movement,6.0,5.0,0.4482100837847896,1.5585
P15,01,segment_0434,free_movement,3.0,0.0,0.6559836005363472,1.5245
P15,01,segment_0436,free_movement,1.0,10.0,0.4098940442234236,1.477
P15,01,segment_0438,free_movement,4.25,30.0,0.5438422752935101,2.07
P15,01,segment_0440,free_movement,2.25,345.0,0.31577908171220676,1.93
P15,01,segment_0442,free_movement,0.75,255.0,0.38349708349354467,1.2125
P15,01,segment_0444,free_movement,6.0,15.0,0.49472442200565847,1.864
P15,01,segment_0446,free_movement,2.0,30.0,0.6728455560683778,1.9165
P15,01,segment_0448,free_movement,0.75,-5.0,0.4067350172429321,1.7255
P15,01,segment_0449,carrying,0.75,255.0,0.3434504529878429,0.752
P15,01,segment_0450,free_movement,2.25,195.0,0.4473744530650102,2.5055
P15,01,segment_0452,free_movement,3.0,-15.0,0.47886227151238725,1.464
P15,01,segment_0454,free_movement,1.0,5.0,0.3929268637588012,1.3045
P15,01,segment_0456,free_movement,6.0,100.0,0.4587776953040812,2.8545
P15,01,segment_0458,free_movement,4.25,-10.0,0.5099220989183345,2.4375
P15,01,segment_0463,carrying,4.25,270.0,0.3869574968829619,1.3065
P15,01,segment_0464,free_movement,1.0,-5.0,0.6451816245211346,1.328
P15,01,segment_0466,free_movement,2.25,5.0,0.4736087225149568,1.544
P15,01,segment_0468,free_movement,3.0,-15.0,0.49827415455720575,2.201
P15,01,segment_0469,carrying,3.0,-50.0,0.3393543863866461,1.3195
P15,01,segment_0471,carrying,0.75,-25.0,0.47219262597058353,0.763
P15,01,segment_0472,free_movement,2.0,0.0,0.5402597328489829,1.2565
P15,01,segment_0474,free_movement,6.0,10.0,0.4546043456807445,1.8735
P15,01,segment_0482,free_movement,2.0,0.0,0.6831103998024969,1.419
P15,01,segment_0483,carrying,2.0,325.0,0.4599574811076318,1.126
P15,01,segment_0485,carrying,3.0,350.0,0.4814875192129668,1.4265
P15,01,segment_0486,free_movement,4.25,-15.0,0.5173443319243487,1.87
P15,01,segment_0487,carrying,4.25,335.0,0.3935101436986909,1.0585
P15,01,segment_0491,carrying,3.0,-50.0,0.3718921831089441,1.492
P15,01,segment_0493,carrying,2.0,-45.0,0.36337061838741314,0.955
P15,01,segment_0494,free_movement,6.0,100.0,0.5232763202061796,2.9375
P15,01,segment_0496,free_movement,0.75,-50.0,0.4643294615444326,1.6575
P15,01,segment_0499,free_movement,6.0,0.0,0.5040261013134738,6.367
P15,01,segment_0500,carrying,6.0,260.0,0.34218910028999405,1.127
P15,01,segment_0501,free_movement,4.25,0.0,0.5873500958033447,1.8865
P15,01,segment_0505,free_movement,1.0,225.0,0.46239501080978346,1.208
P15,01,segment_0506,carrying,1.0,125.0,0.3609181349816202,0.7065
P15,01,segment_0507,free_movement,0.75,-20.0,0.41168688723416186,1.466
P15,01,segment_0508,carrying,0.75,220.0,0.5108163528453492,1.0905
P15,01,segment_0509,free_movement,3.0,235.0,0.36644551728289165,1.371
P15,01,segment_0511,free_movement,2.0,-10.0,0.3644536318452286,1.4815
P15,01,segment_0512,carrying,2.0,350.0,0.34876335934790975,1.208
P15,01,segment_0513,free_movement,0.75,180.0,0.5077176753670724,1.0975
P15,01,segment_0514,carrying,0.75,-50.0,0.37767322109875306,1.037
P15,01,segment_0515,free_movement,2.0,30.0,0.5696040149872419,1.361
P15,01,segment_0516,carrying,2.0,350.0,0.31265810043735215,1.0285
P15,01,segment_0517,free_movement,6.0,5.0,0.3673198694641778,1.631
P15,01,segment_0519,free_movement,3.0,0.0,0.48611593477914666,1.514
P15,01,segment_0521,free_movement,2.25,75.0,0.5016885137824185,1.6995
P15,01,segment_0525,free_movement,4.25,10.0,0.5600242371952128,1.623
P15,01,segment_0527,free_movement,3.0,15.0,0.40485853352364415,2.252
P15,01,segment_0529,free_movement,6.0,0.0,0.5947755488055505,1.619
P15,01,segment_0533,free_movement,4.25,-25.0,0.3906666456403748,1.656
P15,01,segment_0535,free_movement,2.25,145.0,0.45302796455018857,1.43
P15,01,segment_0536,carrying,2.25,150.0,0.4163804377369501,1.202
P15,01,segment_0537,free_movement,2.0,0.0,0.5297116725934812,1.608
P15,01,segment_0539,free_movement,1.0,-15.0,0.34860030513059315,1.486
P15,01,segment_0541,free_movement,2.25,255.0,0.3284455909599773,1.8195
P15,01,segment_0543,free_movement,2.0,170.0,0.5403291138940158,1.0295
P15,01,segment_0544,carrying,2.0,-50.0,0.4087306484350542,0.707
P15,01,segment_0545,free_movement,3.0,190.0,0.42680256806556394,1.3415
P15,01,segment_0547,free_movement,4.25,-10.0,0.44103804690697945,1.617
P15,01,segment_0549,free_movement,1.0,10.0,0.43347905911820134,1.5465
P15,01,segment_0550,carrying,1.0,350.0,0.36452921224419527,0.851
P15,01,segment_0551,free_movement,0.75,-35.0,0.4495200018854337,1.163
P15,01,segment_0552,carrying,0.75,115.0,0.4950038325230501,1.064
P15,01,segment_0553,free_movement,6.0,70.0,0.6258233910110361,1.546
P15,01,segment_0555,free_movement,2.0,215.0,0.545187763149175,1.279
P15,01,segment_0557,free_movement,4.25,330.0,0.4172042929601866,1.5225
P15,01,segment_0559,free_movement,0.75,20.0,0.4208653068286812,1.647
P15,01,segment_0560,carrying,0.75,325.0,0.5885830321744132,0.8345
P15,01,segment_0561,free_movement,3.0,5.0,0.5017303377614611,1.643
P15,01,segment_0563,free_movement,6.0,40.0,0.5234603727426138,2.8965
P15,01,segment_0565,free_movement,2.25,50.0,0.36441278819529865,1.8625
P15,01,segment_0567,free_movement,1.0,285.0,0.43088711838225746,1.432
P15,01,segment_0570,carrying,1.0,-50.0,0.3471103676128757,0.9105
P15,01,segment_0571,free_movement,3.0,30.0,0.5095864031900958,2.3575
P15,01,segment_0573,free_movement,0.75,335.0,0.3395599342400447,1.35
P15,01,segment_0575,free_movement,6.0,60.0,0.42863884983067463,2.272
P15,01,segment_0577,free_movement,4.25,-10.0,0.39752910819032633,1.755
P15,01,segment_0581,free_movement,2.25,55.0,0.3111141061945913,1.689
P15,01,segment_0585,free_movement,1.0,290.0,0.5393224197225945,0.9275
P15,01,segment_0586,carrying,1.0,-50.0,0.6397121021287329,0.925
P15,01,segment_0587,free_movement,4.25,0.0,0.307184430053472,1.8685
P15,01,segment_0589,free_movement,6.0,10.0,0.5399204958658484,1.838
P15,01,segment_0590,carrying,6.0,215.0,0.7384892230004085,0.8235
P15,01,segment_0591,free_movement,3.0,-5.0,0.6453623794009543,1.7065
P15,01,segment_0593,free_movement,2.0,0.0,0.5490633162458389,1.4075
P15,01,segment_0597,free_movement,1.0,275.0,0.5408756683036551,1.208
P15,01,segment_0599,free_movement,2.25,330.0,0.3416799566499579,1.364
P15,01,segment_0604,carrying,3.0,-50.0,0.507559232286805,0.9035
P15,01,segment_0605,free_movement,2.0,-5.0,0.3473325253061368,1.075
P15,01,segment_0607,free_movement,6.0,0.0,0.5355012714594908,2.1395
P15,01,segment_0608,carrying,6.0,-30.0,0.34361765968538294,1.653
P15,01,segment_0609,free_movement,4.25,25.0,0.5160792035072082,1.96
P15,01,segment_0611,free_movement,6.0,55.0,0.3714670852153719,1.582
P15,01,segment_0613,free_movement,2.25,-50.0,0.4352238329888404,1.78
P15,01,segment_0615,free_movement,1.0,350.0,0.4344188261147902,1.425
P15,01,segment_0617,free_movement,4.25,5.0,0.399478698700602,2.1135
P15,01,segment_0618,carrying,4.25,320.0,0.4329494661940172,1.2055
P15,01,segment_0619,free_movement,3.0,25.0,0.5048974259368295,1.269
P15,01,segment_0620,carrying,3.0,-30.0,0.5393550307126452,0.8325
P15,01,segment_0621,free_movement,0.75,75.0,0.38034297277242596,1.275
P15,01,segment_0622,carrying,0.75,-50.0,0.3018410518515128,1.1125
P15,01,segment_0625,free_movement,6.0,225.0,0.38578909499453506,1.7925
P15,01,segment_0626,carrying,6.0,255.0,0.3107986131272212,1.59
P15,01,segment_0627,free_movement,2.25,-10.0,0.6057692913432903,2.2725
P15,01,segment_0631,free_movement,3.0,35.0,0.5455813042471108,1.253
P15,01,segment_0637,free_movement,0.75,-15.0,0.6775162199562895,1.4065
P15,01,segment_0639,free_movement,6.0,65.0,0.5343039823165986,1.967
P15,01,segment_0640,carrying,6.0,350.0,0.3672602026571617,5.773
P15,01,segment_0641,free_movement,2.0,310.0,0.4714020188013817,1.4605
P15,01,segment_0642,carrying,2.0,330.0,0.46924643435056024,0.936
P15,01,segment_0643,free_movement,0.75,350.0,0.4844768791883092,1.096
P15,01,segment_0645,free_movement,4.25,60.0,0.4694272369020482,1.574
P15,01,segment_0646,carrying,4.25,-10.0,0.4925497820050877,0.7085
P15,01,segment_0649,free_movement,3.0,-5.0,0.3729618842351081,1.308
P15,01,segment_0651,free_movement,1.0,130.0,0.43573826268582133,1.0675
P15,01,segment_0655,free_movement,2.25,0.0,0.5100818274767426,2.323
P15,01,segment_0657,free_movement,0.75,5.0,0.40195341410073604,1.338
P15,01,segment_0659,free_movement,6.0,10.0,0.3881254759227297,1.87
P15,01,segment_0661,free_movement,2.0,235.0,0.4734297545017112,1.208
P15,01,segment_0663,free_movement,1.0,0.0,0.6556187855697583,1.552
P15,01,segment_0664,carrying,1.0,350.0,0.3525384743984985,0.972
P15,01,segment_0665,free_movement,4.25,15.0,0.4432320297859472,1.588
P15,01,segment_0667,free_movement,6.0,10.0,0.319150659616328,2.5235
P15,01,segment_0669,free_movement,3.0,5.0,0.47775122717414303,1.2335
P15,01,segment_0671,free_movement,4.25,-5.0,0.4288844947355228,2.0735
P15,01,segment_0673,free_movement,2.25,235.0,0.5380567665084921,1.62
P15,01,segment_0675,free_movement,1.0,325.0,0.30062076698938756,1.2275
P15,01,segment_0677,free_movement,0.75,180.0,0.6285726092507193,1.1215
P15,01,segment_0678,carrying,0.75,110.0,0.448178846708917,0.706
P15,01,segment_0680,carrying,2.0,-50.0,0.39696882959860846,1.2355
P15,01,segment_0681,free_movement,0.75,180.0,0.44736919243495094,1.237
P15,01,segment_0683,free_movement,2.25,345.0,0.3527639189026785,1.925
P15,01,segment_0685,free_movement,4.25,10.0,0.5208157410605573,2.2735
P15,01,segment_0688,carrying,1.0,-40.0,0.3078684782325522,1.0415
P15,01,segment_0689,free_movement,6.0,30.0,0.49928696468628464,2.4145
P15,01,segment_0691,free_movement,2.0,90.0,0.3893704043137654,1.175
P15,01,segment_0693,free_movement,3.0,-10.0,0.5804797151227192,1.149
P15,01,segment_0695,free_movement,2.0,165.0,0.3599316254205959,1.1795
P15,01,segment_0697,free_movement,4.25,-10.0,0.4023705777925269,1.7895
P15,01,segment_0699,free_movement,6.0,25.0,0.48181499746284284,1.8255
P15,01,segment_0701,carrying,3.0,45.0,0.4051495355403894,9.896
P15,01,segment_0702,free_movement,2.25,160.0,0.4433021095076021,1.756
P15,01,segment_0704,free_movement,1.0,15.0,0.30231551185108124,1.517
P15,01,segment_0705,carrying,1.0,10.0,0.5527895556561697,0.9245
P15,01,segment_0706,free_movement,0.75,280.0,0.41440748045648346,1.3735
P15,01,segment_0708,free_movement,1.0,140.0,0.5080885051177266,1.19
P15,01,segment_0710,free_movement,2.25,5.0,0.652872813597893,1.4715
P15,01,segment_0713,carrying,0.75,-45.0,0.3154593248695025,0.875
P15,01,segment_0716,free_movement,6.0,60.0,0.44602544443835673,2.1245
P15,01,segment_0718,free_movement,4.25,35.0,0.3843022102187306,1.4095
P15,01,segment_0722,free_movement,4.25,0.0,0.4323105501915087,1.543
P15,01,segment_0724,free_movement,1.0,60.0,0.3854691372659882,1.6445
P15,01,segment_0725,carrying,1.0,155.0,0.31403157458529435,1.3685
P15,01,segment_0726,free_movement,0.75,-30.0,0.5289143294244335,1.2695
P15,01,segment_0727,carrying,0.75,-10.0,0.3117057429024005,1.184
P15,01,segment_0728,free_movement,6.0,40.0,0.44501623807276647,1.636
P15,01,segment_0730,free_movement,2.25,-10.0,0.384667407737901,1.7935
P15,01,segment_0732,free_movement,2.0,15.0,0.35135015848245604,1.433
P15,01,segment_0734,free_movement,3.0,350.0,0.6573220079800034,1.352
P15,01,segment_0736,free_movement,2.0,30.0,0.41966683110908914,1.292
P15,01,segment_0738,free_movement,4.25,80.0,0.530474351226116,1.7
P15,01,segment_0741,carrying,0.75,255.0,0.4265580140771907,2.1805
P15,01,segment_0742,free_movement,3.0,175.0,0.5189775040283119,1.3165
P15,01,segment_0745,carrying,2.25,160.0,0.3661149038211461,1.164
P15,01,segment_0746,free_movement,6.0,125.0,0.3077100506548234,2.1515
P15,01,segment_0747,carrying,6.0,-30.0,0.4350171486140638,1.026
P15,01,segment_0748,free_movement,1.0,-10.0,0.43631718689086363,1.338
P15,01,segment_0753,carrying,6.0,270.0,0.32668954963779445,1.1275
P15,01,segment_0754,free_movement,2.0,275.0,0.36242396678670136,1.2235
P15,01,segment_0756,free_movement,4.25,5.0,0.49089412115738496,1.529
P15,01,segment_0757,carrying,4.25,350.0,0.4296235664257331,1.308
P15,01,segment_0759,carrying,3.0,335.0,0.4292682315267473,1.176
P15,01,segment_0760,free_movement,1.0,-15.0,0.4494706179925513,1.3805
P15,01,segment_0762,free_movement,0.75,345.0,0.6763656538014803,1.0445
P15,01,segment_0763,carrying,0.75,90.0,0.30487569356758476,0.8805
P15,01,segment_0764,free_movement,6.0,60.0,0.5302458284659874,1.4605
P15,01,segment_0766,free_movement,1.0,-40.0,0.3876524527214625,0.9975
P15,01,segment_0770,free_movement,2.25,265.0,0.4355472650708149,1.247
P15,01,segment_0772,free_movement,3.0,350.0,0.3104275517104152,1.463
P15,01,segment_0773,carrying,3.0,-45.0,0.4792789157709315,1.408
P15,01,segment_0774,free_movement,2.0,-45.0,0.5093611281617498,1.336
P15,01,segment_0779,carrying,1.0,350.0,0.32325332898983117,1.266
P15,01,segment_0781,carrying,2.0,275.0,0.3515102429806695,1.405
P15,01,segment_0784,free_movement,2.25,320.0,0.6149983367144204,1.963
P15,01,segment_0788,free_movement,3.0,10.0,0.45926635065239224,1.296
P15,01,segment_0789,carrying,3.0,-40.0,0.32771591938725986,0.8855
P15,01,segment_0790,free_movement,6.0,25.0,0.3424326827406559,1.601
P15,01,segment_0792,free_movement,3.0,-15.0,0.565127294904913,1.1365
P15,01,segment_0793,carrying,3.0,25.0,0.3971155116714163,0.85
P15,01,segment_0796,free_movement,2.0,240.0,0.6806208440687329,0.871
P15,01,segment_0798,free_movement,0.75,-50.0,0.48447351917861126,1.04
P15,01,segment_0801,carrying,6.0,215.0,0.46783830052912245,1.3255
P15,01,segment_0802,free_movement,2.25,290.0,0.6068099348906221,1.8135
P15,01,segment_0804,free_movement,1.0,125.0,0.34466102309016644,1.712
P15,01,segment_0805,carrying,1.0,-50.0,0.48023383178131257,1.2875
P15,01,segment_0806,free_movement,1.0,-5.0,0.4528002112617194,1.6805
P15,01,segment_0807,carrying,1.0,330.0,0.3396056275266229,1.296
P15,01,segment_0808,free_movement,6.0,75.0,0.4003839238146862,4.1815
P15,01,segment_0810,free_movement,3.0,-10.0,0.7734397835527792,1.281
P15,01,segment_0812,free_movement,0.75,-50.0,0.42048974151588864,1.2065
P15,01,segment_0813,carrying,0.75,290.0,0.5186546154134668,0.724
P15,01,segment_0814,free_movement,4.25,-15.0,0.48990140432892487,1.5795
P15,01,segment_0824,free_movement,3.0,-5.0,0.6088656386300408,1.928
P15,01,segment_0826,free_movement,4.25,30.0,0.5563031034022279,1.841
P15,01,segment_0830,free_movement,1.0,350.0,0.3351123158239119,1.125
P15,01,segment_0834,free_movement,1.0,-15.0,0.551511891687014,1.253
P15,01,segment_0838,free_movement,3.0,-30.0,0.3430041037855252,1.38
P15,01,segment_0842,free_movement,0.75,145.0,0.3696460767931288,1.0045
P15,01,segment_0844,free_movement,6.0,190.0,0.4179931069836606,2.239
P15,01,segment_0846,free_movement,2.0,10.0,0.32240938366000743,1.235
P15,01,segment_0847,carrying,2.0,-50.0,0.33891087935832975,0.843
P15,01,segment_0850,free_movement,2.0,25.0,0.6501405254459283,1.5755
P15,01,segment_0852,free_movement,3.0,5.0,0.5275531556682505,1.378
P15,01,segment_0854,free_movement,1.0,310.0,0.725503326896788,1.229
P15,01,segment_0856,free_movement,2.25,325.0,0.3335976621434759,1.75
P15,01,segment_0858,free_movement,0.75,310.0,0.34032081570734574,0.9725
P15,01,segment_0859,carrying,0.75,310.0,0.47683009748148064,0.777
P15,01,segment_0862,free_movement,2.0,-10.0,0.4118356726667973,1.988
P15,01,segment_0864,free_movement,4.25,5.0,0.3873858479652506,2.086
P15,01,segment_0865,carrying,4.25,325.0,0.4497474110407481,0.7275
P15,01,segment_0866,free_movement,6.0,20.0,0.37300662034764226,1.833
P15,01,segment_0868,free_movement,0.75,-50.0,0.5824738715729852,1.241
P15,01,segment_0870,free_movement,1.0,0.0,0.6928164993266404,1.187
P15,01,segment_0872,free_movement,3.0,0.0,0.31830089754527047,1.3185
P15,01,segment_0874,free_movement,2.25,185.0,0.3413793292737328,2.1215
P15,01,segment_0878,free_movement,2.25,190.0,0.4493652993830765,1.504
P15,01,segment_0880,free_movement,4.25,85.0,0.4265451130077889,2.667
P15,01,segment_0882,free_movement,0.75,60.0,0.3583927466763846,1.585
P15,01,segment_0884,free_movement,2.0,-15.0,0.5200700826474259,1.566
P15,01,segment_0886,free_movement,3.0,-10.0,0.3930515062096838,1.6065
P15,01,segment_0887,carrying,3.0,-50.0,0.3065621162017134,1.4605
P15,01,segment_0888,free_movement,6.0,25.0,0.5430530705622009,1.7025
P15,01,segment_0892,free_movement,1.0,280.0,0.43052725356269916,1.2155
P15,01,segment_0894,free_movement,2.0,30.0,0.4639361985869652,1.685
P15,01,segment_0896,free_movement,4.25,15.0,0.6502370717848549,1.865
P15,01,segment_0897,carrying,4.25,335.0,0.3049129213337897,0.9955
P15,01,segment_0898,free_movement,3.0,-50.0,0.3856128382523577,2.5635
P15,01,segment_0900,free_movement,6.0,5.0,0.8022743949762753,1.7445
P15,01,segment_0902,free_movement,0.75,260.0,0.5208695778292469,1.163
P15,01,segment_0903,carrying,0.75,-35.0,0.38262476691356995,1.2095
P15,01,segment_0904,free_movement,2.25,200.0,0.4414839720658501,1.4405
P15,01,segment_0906,free_movement,6.0,5.0,0.4253771103583918,1.7795
P15,01,segment_0908,free_movement,1.0,-15.0,0.5310773953379734,1.2025
P15,01,segment_0909,carrying,1.0,-50.0,0.4288166033558485,0.705
P15,01,segment_0910,free_movement,2.0,0.0,0.4794840085474837,1.517
P15,01,segment_0911,carrying,2.0,-50.0,0.3946838957529621,0.713
P15,01,segment_0912,free_movement,3.0,-5.0,0.5840094929634803,1.5145
P15,01,segment_0914,free_movement,0.75,30.0,0.3872942425965226,1.3965
P15,01,segment_0916,free_movement,4.25,130.0,0.3294804418820182,1.876
P15,01,segment_0918,free_movement,2.25,35.0,0.39303575479867153,1.475
P15,01,segment_0920,free_movement,3.0,50.0,0.5859829131611325,1.2425
P15,01,segment_0922,free_movement,6.0,25.0,0.3370659877692923,1.956
P15,01,segment_0924,free_movement,2.0,45.0,0.35684900682196086,1.545
P15,01,segment_0929,carrying,1.0,270.0,0.31807510626972935,0.953
P15,01,segment_0932,free_movement,1.0,280.0,0.6183475082416727,0.994
P15,01,segment_0933,carrying,1.0,350.0,0.40371715484282106,0.8825
P15,01,segment_0934,free_movement,0.75,-5.0,0.43627876400346416,0.9385
P15,01,segment_0936,free_movement,6.0,40.0,0.38644172475917926,1.637
P15,01,segment_0938,free_movement,4.25,-5.0,0.8161143915089739,1.419
P15,01,segment_0939,carrying,4.25,205.0,0.31556299415395334,1.0685
P15,01,segment_0940,free_movement,2.0,0.0,0.6018985094291143,1.3505
P15,01,segment_0942,free_movement,3.0,0.0,0.4384517997328277,1.384
P15,01,segment_0943,carrying,3.0,315.0,0.3505390102935716,1.074
P15,01,segment_0946,free_movement,2.0,0.0,0.39066429321862545,1.423
P15,01,segment_0950,free_movement,4.25,240.0,0.3596842736632241,1.726
P15,01,segment_0952,free_movement,0.75,-50.0,0.45043867362961554,1.475
P15,01,segment_0954,free_movement,6.0,25.0,0.5102141430965106,1.71
P15,01,segment_0958,free_movement,3.0,125.0,0.37876709295322275,1.629
P15,01,segment_0964,free_movement,2.25,195.0,0.44767044542562673,1.672
P15,01,segment_0968,free_movement,6.0,0.0,0.3386584886772787,2.103
P15,01,segment_0969,carrying,6.0,175.0,0.44393289103328165,1.3555
P15,01,segment_0972,free_movement,2.0,185.0,0.44006566423320703,1.371
P15,01,segment_0974,free_movement,4.25,195.0,0.48694609248441106,1.9275
P15,01,segment_0978,free_movement,0.75,295.0,0.4109188283755899,1.019
P15,01,segment_0979,carrying,0.75,350.0,0.4771027961149479,0.872
P15,01,segment_0980,free_movement,1.0,-10.0,0.5982391101678018,1.532
P15,01,segment_0982,free_movement,2.0,345.0,0.31567294446396477,1.298
P15,01,segment_0984,free_movement,3.0,335.0,0.4687552411947588,1.193
P15,01,segment_0986,free_movement,2.25,85.0,0.4428722406725561,1.6595
P15,01,segment_0988,free_movement,0.75,250.0,0.48668985661364583,1.3335
P15,01,segment_0990,free_movement,4.25,70.0,0.4510332753328733,1.574
P15,01,segment_0992,free_movement,2.25,185.0,0.3610154971769057,1.5705
P15,01,segment_0994,free_movement,6.0,45.0,0.5182324172138414,1.7255
P15,01,segment_0996,free_movement,3.0,-40.0,0.7487941986741576,1.318
P16,01,segment_0000,free_movement,4.25,10.0,0.5239635675889137,7.3615
P16,01,segment_0002,free_movement,0.75,0.0,0.43803407579008186,6.68
P16,01,segment_0003,carrying,0.75,170.0,0.49541689063458655,1.174
P16,01,segment_0004,free_movement,2.0,5.0,0.5780052165669183,2.097
P16,01,segment_0005,carrying,2.0,330.0,0.42291125564491555,1.1575
P16,01,segment_0006,free_movement,6.0,60.0,0.5292490196009241,2.3095
P16,01,segment_0008,free_movement,2.25,75.0,0.4556707099990099,3.7975
P16,01,segment_0010,free_movement,1.0,-10.0,0.3631583912552825,2.4145
P16,01,segment_0012,free_movement,3.0,215.0,0.3907476036612627,1.6105
P16,01,segment_0014,free_movement,4.25,45.0,0.49069890976269076,1.9235
P16,01,segment_0016,free_movement,2.25,-25.0,0.38441341608758545,3.166
P16,01,segment_0018,free_movement,3.0,0.0,0.3969981154755015,1.4185
P16,01,segment_0019,carrying,3.0,-50.0,0.4176665951006613,1.145
P16,01,segment_0020,free_movement,0.75,10.0,0.5758182835204796,1.44
P16,01,segment_0022,free_movement,2.0,350.0,0.3014355814785004,1.591
P16,01,segment_0025,carrying,1.0,205.0,0.44260084351093204,1.101
P16,01,segment_0026,free_movement,6.0,-5.0,0.42739466212019395,1.696
P16,01,segment_0027,carrying,6.0,350.0,0.37967827927535647,2.2415
P16,01,segment_0028,free_movement,0.75,195.0,0.6154512567286577,0.778
P16,01,segment_0029,carrying,0.75,100.0,0.3687401883800244,0.877
P16,01,segment_0030,free_movement,2.25,30.0,0.3499078828683169,1.9115
P16,01,segment_0032,free_movement,1.0,30.0,0.32460043655099713,3.774
P16,01,segment_0034,free_movement,3.0,10.0,0.4361470353903261,1.7
P16,01,segment_0036,free_movement,2.0,225.0,0.5116343675453799,1.21
P16,01,segment_0038,free_movement,6.0,65.0,0.3943782907092063,1.571
P16,01,segment_0039,carrying,6.0,290.0,0.4965096799316417,1.2225
P16,01,segment_0040,free_movement,4.25,-5.0,0.5319409575432186,1.8055
P16,01,segment_0041,carrying,4.25,320.0,0.4757205145202222,1.766
P16,01,segment_0045,carrying,2.0,350.0,0.44426164177108374,1.4265
P16,01,segment_0046,free_movement,2.25,5.0,0.3059527974825886,3.536
P16,01,segment_0048,free_movement,6.0,5.0,0.46896777945936424,1.9975
P16,01,segment_0050,free_movement,3.0,-10.0,0.5773826494509527,1.6345
P16,01,segment_0051,carrying,3.0,275.0,0.45712449043218367,0.8325
P16,01,segment_0052,free_movement,1.0,-5.0,0.4231843017112822,1.724
P16,01,segment_0053,carrying,1.0,235.0,0.31901757221593674,1.78
P16,01,segment_0054,free_movement,0.75,-10.0,0.579813491282906,1.46
P16,01,segment_0055,carrying,0.75,230.0,0.30910511791475676,0.752
P16,01,segment_0056,free_movement,2.0,10.0,0.3271966755791565,1.4435
P16,01,segment_0057,carrying,2.0,280.0,0.3869291302632623,1.177
P16,01,segment_0058,free_movement,6.0,5.0,0.5823397613693104,1.682
P16,01,segment_0060,free_movement,2.25,50.0,0.4220609375833913,1.925
P16,01,segment_0062,free_movement,0.75,255.0,0.5488451297103843,1.205
P16,01,segment_0063,carrying,0.75,-15.0,0.4078930470878274,1.0615
P16,01,segment_0064,free_movement,3.0,70.0,0.4969418408520519,1.5135
P16,01,segment_0067,carrying,1.0,-50.0,0.38126710285752724,1.0985
P16,01,segment_0068,free_movement,4.25,5.0,0.4626378460691488,1.8425
P16,01,segment_0070,free_movement,0.75,-40.0,0.46595057118084215,1.44
P16,01,segment_0072,free_movement,3.0,55.0,0.5456159123488563,1.3405
P16,01,segment_0073,carrying,3.0,-15.0,0.3704080128455186,1.2505
P16,01,segment_0074,free_movement,2.0,10.0,0.3016086796490942,1.336
P16,01,segment_0076,free_movement,6.0,20.0,0.4091883167999516,1.2925
P16,01,segment_0078,free_movement,2.25,-10.0,0.4123830519208024,2.415
P16,01,segment_0080,free_movement,4.25,10.0,0.3185634593670844,1.452
P16,01,segment_0082,free_movement,1.0,-5.0,0.35658022728536265,2.0535
P16,01,segment_0083,carrying,1.0,-30.0,0.3748432579380852,1.1945
P16,01,segment_0084,free_movement,3.0,10.0,0.5102873906513289,1.441
P16,01,segment_0087,carrying,6.0,290.0,0.364729138233957,1.604
P16,01,segment_0088,free_movement,1.0,190.0,0.328689497918629,2.684
P16,01,segment_0090,free_movement,4.25,25.0,0.5171394784993123,1.3885
P16,01,segment_0091,carrying,4.25,325.0,0.5238649013485521,0.961
P16,01,segment_0094,free_movement,0.75,215.0,0.6337577124777897,2.1045
P16,01,segment_0095,carrying,0.75,-50.0,0.4872972153438444,1.0415
P16,01,segment_0098,free_movement,0.75,-15.0,0.44364750892068877,1.279
P16,01,segment_0099,carrying,0.75,335.0,0.5925913627934678,0.905
P16,01,segment_0100,free_movement,6.0,110.0,0.3693234815367935,1.824
P16,01,segment_0102,free_movement,2.0,60.0,0.5840838316058206,1.033
P16,01,segment_0104,free_movement,1.0,195.0,0.4643014020286824,1.199
P16,01,segment_0106,free_movement,4.25,140.0,0.33472767549561777,1.4695
P16,01,segment_0108,free_movement,3.0,240.0,0.4763727773793687,1.463
P16,01,segment_0112,free_movement,4.25,60.0,0.31001376433559424,1.3515
P16,01,segment_0113,carrying,4.25,-50.0,0.5116293874974893,1.2355
P16,01,segment_0114,free_movement,3.0,0.0,0.4248214689981082,1.627
P16,01,segment_0115,carrying,3.0,255.0,0.34642919935128125,1.1125
P16,01,segment_0118,free_movement,2.0,65.0,0.36068167995171435,1.408
P16,01,segment_0119,carrying,2.0,255.0,0.3296246232690097,1.183
P16,01,segment_0120,free_movement,0.75,350.0,0.4851608893401164,1.4515
P16,01,segment_0121,carrying,0.75,220.0,0.332179130943211,1.1215
P16,01,segment_0122,free_movement,6.0,100.0,0.35153165735624753,1.366
P16,01,segment_0124,free_movement,1.0,15.0,0.43602786424679585,2.1805
P16,01,segment_0125,carrying,1.0,275.0,0.4156288195749268,1.0575
P16,01,segment_0126,free_movement,3.0,10.0,0.3462558576974427,1.439
P16,01,segment_0127,carrying,3.0,-30.0,0.31972876172256876,1.267
P16,01,segment_0128,free_movement,2.25,35.0,0.35674507821406776,1.4825
P16,01,segment_0130,free_movement,0.75,110.0,0.3544635991546405,1.3205
P16,01,segment_0131,carrying,0.75,295.0,0.38784875939965696,0.9215
P16,01,segment_0133,carrying,4.25,205.0,0.37708530382141664,1.473
P16,01,segment_0134,free_movement,2.0,30.0,0.46798433397911865,1.5725
P16,01,segment_0138,free_movement,6.0,5.0,0.45457704845960706,1.5315
P16,01,segment_0142,free_movement,2.0,350.0,0.4177282601437072,1.267
P16,01,segment_0146,free_movement,0.75,110.0,0.5887674598423154,1.2225
P16,01,segment_0147,carrying,0.75,265.0,0.42149455656294793,0.85
P16,01,segment_0148,free_movement,4.25,30.0,0.4324549257423502,1.9505
P16,01,segment_0152,free_movement,1.0,195.0,0.3905865655683079,1.268
P16,01,segment_0153,carrying,1.0,-50.0,0.4360329317455562,0.944
P16,01,segment_0154,free_movement,6.0,40.0,0.555776813579826,1.324
P16,01,segment_0155,carrying,6.0,335.0,0.40062407102692366,1.197
P16,01,segment_0156,free_movement,2.0,30.0,0.6387635519211263,1.262
P16,01,segment_0157,carrying,2.0,330.0,0.5513962113777469,1.37
P16,01,segment_0158,free_movement,2.25,60.0,0.3305544085947735,3.34
P16,01,segment_0160,free_movement,0.75,300.0,0.5034852238534132,1.339
P16,01,segment_0162,free_movement,4.25,160.0,0.46852842690487273,1.475
P16,01,segment_0164,free_movement,3.0,310.0,0.40514650394197327,1.18
P16,01,segment_0166,free_movement,1.0,185.0,0.43407548114287775,1.3015
P16,01,segment_0167,carrying,1.0,345.0,0.5817477543498194,1.0465
P16,01,segment_0168,free_movement,6.0,180.0,0.4069385714514083,1.4465
P16,01,segment_0170,free_movement,2.0,10.0,0.42825333764110346,1.345
P16,01,segment_0172,free_movement,1.0,340.0,0.49060949465397075,1.4655
P16,01,segment_0175,carrying,0.75,245.0,0.46217755709339486,0.9055
P16,01,segment_0178,free_movement,4.25,5.0,0.30601266575729613,4.0545
P16,01,segment_0180,free_movement,3.0,-10.0,0.4566800624851413,1.3415
P16,01,segment_0181,carrying,3.0,295.0,0.36972373082241716,0.8975
P16,01,segment_0182,free_movement,0.75,295.0,0.40797803866084165,1.205
P16,01,segment_0184,free_movement,6.0,0.0,0.5324467962663255,1.871
P16,01,segment_0186,free_movement,4.25,10.0,0.33158216633404436,1.2895
P16,01,segment_0188,free_movement,1.0,0.0,0.5876084931755753,1.4195
P16,01,segment_0189,carrying,1.0,-15.0,0.36163918126307565,1.017
P16,01,segment_0190,free_movement,3.0,80.0,0.4904783870842504,1.2925
P16,01,segment_0191,carrying,3.0,300.0,0.48643112796772087,0.7105
P16,01,segment_0192,free_movement,2.25,350.0,0.32723989580466556,1.5665
P16,01,segment_0194,free_movement,2.0,35.0,0.40943146612560627,1.235
P16,01,segment_0195,carrying,2.0,-40.0,0.32532546547068797,1.1315
P16,01,segment_0196,free_movement,1.0,-10.0,0.6040188521780547,1.3855
P16,01,segment_0197,carrying,1.0,280.0,0.3141695558901172,1.458
P16,01,segment_0198,free_movement,4.25,-5.0,0.5716359667877406,1.5155
P16,01,segment_0200,free_movement,2.0,0.0,0.4876982993654575,1.24
P16,01,segment_0202,free_movement,2.25,145.0,0.41751165280495156,1.286
P16,01,segment_0204,free_movement,0.75,165.0,0.5013679677186714,1.146
P16,01,segment_0205,carrying,0.75,280.0,0.34348671442581924,0.701
P16,01,segment_0206,free_movement,6.0,195.0,0.3004842373789721,1.6145
P16,01,segment_0207,carrying,6.0,320.0,0.38355134876561475,1.506
P16,01,segment_0208,free_movement,3.0,305.0,0.38810581683572476,1.4735
P16,01,segment_0210,free_movement,0.75,5.0,0.5396193738094159,1.2665
P16,01,segment_0211,carrying,0.75,300.0,0.6777197740638676,1.081
P16,01,segment_0212,free_movement,2.0,5.0,0.5986720240168022,1.0225
P16,01,segment_0213,carrying,2.0,325.0,0.6294976832072049,0.808
P16,01,segment_0214,free_movement,3.0,-10.0,0.6681905027930656,1.0585
P16,01,segment_0216,free_movement,6.0,5.0,0.36473828268779923,1.7585
P16,01,segment_0218,free_movement,2.25,-15.0,0.4610619721805994,1.7265
P16,01,segment_0220,free_movement,1.0,-5.0,0.4661574465219167,1.664
P16,01,segment_0222,free_movement,4.25,5.0,0.6294840913293358,1.642
P16,01,segment_0226,free_movement,2.0,15.0,0.4327211011809418,1.4485
P16,01,segment_0228,free_movement,1.0,310.0,0.4676347814673926,1.3235
P16,01,segment_0229,carrying,1.0,-30.0,0.3823911162306765,1.013
P16,01,segment_0230,free_movement,6.0,75.0,0.35756995575381256,1.4675
P16,01,segment_0232,free_movement,3.0,-35.0,0.5781003088983392,1.293
P16,01,segment_0233,carrying,3.0,265.0,0.33649228549226246,1.102
P16,01,segment_0234,free_movement,0.75,-5.0,0.5036331961336776,1.4565
P16,01,segment_0235,carrying,0.75,205.0,0.4071526179898446,0.953
P16,01,segment_0236,free_movement,4.25,5.0,0.3329787569975909,1.6475
P16,01,segment_0240,free_movement,4.25,75.0,0.4921649799137756,1.8225
P16,01,segment_0242,free_movement,3.0,0.0,0.5542170761315409,1.3415
P16,01,segment_0244,free_movement,2.0,0.0,0.4959015963791918,1.6135
P16,01,segment_0246,free_movement,1.0,60.0,0.43462240642365474,1.0815
P16,01,segment_0247,carrying,1.0,315.0,0.6324481158899804,0.8045
P16,01,segment_0248,free_movement,0.75,190.0,0.42656543485839205,1.316
P16,01,segment_0249,carrying,0.75,-50.0,0.43978761836380786,0.8695
P16,01,segment_0250,free_movement,6.0,125.0,0.5508896665196636,1.61
P16,01,segment_0252,free_movement,2.25,0.0,0.4720950738343347,1.6185
P16,01,segment_0254,free_movement,1.0,310.0,0.7582946674257021,1.1785
P16,01,segment_0256,free_movement,3.0,50.0,0.3784217101636137,1.3015
P16,01,segment_0257,carrying,3.0,350.0,0.36949118360477184,0.982
P16,01,segment_0258,free_movement,6.0,125.0,0.3574479527099782,1.6785
P16,01,segment_0260,free_movement,0.75,10.0,0.5843960196405784,1.043
P16,01,segment_0264,free_movement,4.25,20.0,0.4208197159181182,1.4395
P16,01,segment_0265,carrying,4.25,150.0,0.41875450011792065,0.796
P16,01,segment_0266,free_movement,3.0,105.0,0.47030228899518034,0.9645
P16,01,segment_0267,carrying,3.0,290.0,0.5535681555479378,0.9795
P16,01,segment_0268,free_movement,2.25,135.0,0.5146537330331655,1.38
P16,01,segment_0270,free_movement,0.75,45.0,0.5575856973809653,1.3065
P16,01,segment_0272,free_movement,4.25,15.0,0.596910803148823,1.575
P16,01,segment_0274,free_movement,6.0,45.0,0.485383705270657,1.28
P16,01,segment_0276,free_movement,2.0,70.0,0.4864976996067011,1.4385
P16,01,segment_0280,free_movement,4.25,30.0,0.5476577026466221,1.8875
P16,01,segment_0281,carrying,4.25,270.0,0.37298856585272117,1.202
P16,01,segment_0283,carrying,3.0,-35.0,0.4233489846098606,1.2295
P16,01,segment_0284,free_movement,6.0,45.0,0.4647959589390572,1.4495
P16,01,segment_0287,carrying,2.0,300.0,0.5151842440142372,0.994
P16,01,segment_0288,free_movement,1.0,145.0,0.44868323671645105,1.4185
P16,01,segment_0289,carrying,1.0,240.0,0.42925634136350616,0.9685
P16,01,segment_0290,free_movement,0.75,100.0,0.5371648101513457,1.2875
P16,01,segment_0291,carrying,0.75,310.0,0.406410295867049,0.776
P16,01,segment_0292,free_movement,2.25,290.0,0.570194831950352,1.7515
P16,01,segment_0294,free_movement,1.0,10.0,0.43298096820701526,1.441
P16,01,segment_0296,free_movement,3.0,-10.0,0.6025376118025542,1.165
P16,01,segment_0298,free_movement,6.0,10.0,0.5064861719977894,1.7765
P16,01,segment_0299,carrying,6.0,270.0,0.3363713649566223,0.745
P16,01,segment_0300,free_movement,0.75,5.0,0.5244085078657736,1.2655
P16,01,segment_0302,free_movement,2.25,275.0,0.5490430504145201,1.5545
P16,01,segment_0304,free_movement,2.0,55.0,0.3125917823136859,1.524
P16,01,segment_0306,free_movement,4.25,35.0,0.4199986496497161,1.566
P16,01,segment_0308,free_movement,2.25,25.0,0.4178196975996954,1.887
P16,01,segment_0314,free_movement,2.0,90.0,0.40831839721245905,1.565
P16,01,segment_0315,carrying,2.0,295.0,0.47277628316354076,0.714
P16,01,segment_0316,free_movement,1.0,325.0,0.4205080395695671,1.3055
P16,01,segment_0317,carrying,1.0,280.0,0.3218319422570576,0.8855
P16,01,segment_0318,free_movement,3.0,10.0,0.5117154484741587,1.0735
P16,01,segment_0319,carrying,3.0,-50.0,0.3130549133929787,0.9595
P16,01,segment_0320,free_movement,0.75,5.0,0.5741795355459796,1.0695
P16,01,segment_0322,free_movement,2.25,170.0,0.39591727362353635,1.696
P16,01,segment_0324,free_movement,1.0,10.0,0.39754748414051694,1.25
P16,01,segment_0325,carrying,1.0,305.0,0.3794690982996177,0.9085
P16,01,segment_0326,free_movement,3.0,10.0,0.4402923465840112,1.4215
P16,01,segment_0328,free_movement,6.0,0.0,0.5637759915428678,1.297
P16,01,segment_0329,carrying,6.0,285.0,0.3123413292788465,1.8165
P16,01,segment_0330,free_movement,2.0,-10.0,0.38872274455624545,1.2995
P16,01,segment_0332,free_movement,4.25,65.0,0.3130206869484154,1.7785
P16,01,segment_0334,free_movement,0.75,330.0,0.389519261540644,1.3175
P16,01,segment_0336,free_movement,4.25,80.0,0.4661827268710846,2.0015
P16,01,segment_0338,free_movement,6.0,5.0,0.49536799891643785,1.569
P16,01,segment_0341,carrying,2.0,270.0,0.35298859026649954,1.1385
P16,01,segment_0342,free_movement,3.0,5.0,0.5373922955320044,1.233
P16,01,segment_0343,carrying,3.0,-50.0,0.308750324669144,0.965
P16,01,segment_0344,free_movement,2.25,295.0,0.3299470185486727,2.002
P16,01,segment_0346,free_movement,1.0,-35.0,0.43936501917881,1.5565
P16,01,segment_0347,carrying,1.0,255.0,0.3277624102974201,0.9455
P16,01,segment_0348,free_movement,0.75,295.0,0.7001206803309183,1.466
P16,01,segment_0349,carrying,0.75,-50.0,0.39939522693636037,1.186
P16,01,segment_0351,carrying,2.0,230.0,0.4159463537840847,1.1275
P16,01,segment_0352,free_movement,4.25,0.0,0.5108454616517255,1.6095
P16,01,segment_0354,free_movement,6.0,40.0,0.45497459625248815,1.653
P16,01,segment_0356,free_movement,1.0,0.0,0.49538350415158067,1.3365
P16,01,segment_0358,free_movement,0.75,10.0,0.41566943089682834,1.1975
P16,01,segment_0360,free_movement,3.0,5.0,0.5513843314005784,1.347
P16,01,segment_0362,free_movement,2.25,-10.0,0.40046883644767556,2.23
P16,01,segment_0364,free_movement,2.0,350.0,0.3301711955297257,1.2545
P16,01,segment_0366,free_movement,1.0,-20.0,0.355410962327384,1.464
P16,01,segment_0367,carrying,1.0,200.0,0.4913973439329043,0.7355
P16,01,segment_0368,free_movement,3.0,10.0,0.3625623851255421,1.907
P16,01,segment_0369,carrying,3.0,315.0,0.3654202063020155,0.849
P16,01,segment_0370,free_movement,0.75,350.0,0.5327004376733419,1.5985
P16,01,segment_0372,free_movement,2.25,325.0,0.43606798382899387,1.5165
P16,01,segment_0374,free_movement,4.25,50.0,0.5017430360018005,1.6655
P16,01,segment_0376,free_movement,6.0,50.0,0.4555122415136541,1.615
P16,01,segment_0378,free_movement,2.0,350.0,0.48963897121584865,1.3165
P16,01,segment_0379,carrying,2.0,-50.0,0.3101233609700502,1.0175
P16,01,segment_0380,free_movement,6.0,10.0,0.39031660091807885,1.554
P16,01,segment_0382,free_movement,2.25,20.0,0.6201882256255785,1.8475
P16,01,segment_0384,free_movement,3.0,100.0,0.49643144751145196,1.2875
P16,01,segment_0386,free_movement,1.0,90.0,0.5838602175813146,1.031
P16,01,segment_0387,carrying,1.0,-50.0,0.360656632445522,0.996
P16,01,segment_0388,free_movement,0.75,225.0,0.6615677796425832,1.0225
P16,01,segment_0389,carrying,0.75,285.0,0.44365125041010256,0.8025
P16,01,segment_0390,free_movement,4.25,25.0,0.39283931460724736,1.519
P16,01,segment_0392,free_movement,6.0,5.0,0.38360991639721326,2.132
P16,01,segment_0396,free_movement,2.0,-15.0,0.6605824227251291,1.5285
P16,01,segment_0398,free_movement,0.75,220.0,0.6285346991540836,1.051
P16,01,segment_0400,free_movement,1.0,0.0,0.5166424478097232,1.328
P16,01,segment_0402,free_movement,3.0,5.0,0.7038719354290612,1.55
P16,01,segment_0403,carrying,3.0,-25.0,0.39936510597275776,0.978
P16,01,segment_0404,free_movement,4.25,35.0,0.5520594703886762,1.7005
P16,01,segment_0406,free_movement,3.0,0.0,0.43355255692666855,1.3135
P16,01,segment_0408,free_movement,2.0,0.0,0.6177663717158772,1.273
P16,01,segment_0411,carrying,6.0,170.0,0.4435166864052176,1.591
P16,01,segment_0412,free_movement,0.75,5.0,0.7660991419589165,1.6155
P16,01,segment_0414,free_movement,1.0,10.0,0.6746240206821559,1.319
P16,01,segment_0415,carrying,1.0,350.0,0.44337416510648003,1.0255
P16,01,segment_0416,free_movement,2.25,350.0,0.44071891017702336,1.5735
P16,01,segment_0418,free_movement,4.25,5.0,0.4465744057143864,1.6685
P16,01,segment_0420,free_movement,0.75,35.0,0.5586646128225105,1.8945
P16,01,segment_0422,free_movement,4.25,55.0,0.4674242565525735,1.7765
P16,01,segment_0424,free_movement,2.0,-10.0,0.40188561324576955,2.646
P16,01,segment_0428,free_movement,3.0,-5.0,0.6607499690127262,1.4865
P16,01,segment_0430,free_movement,1.0,150.0,0.3960528945054414,1.103
P16,01,segment_0431,carrying,1.0,330.0,0.5552053908030238,0.935
P16,01,segment_0432,free_movement,6.0,205.0,0.37364199319490093,1.8445
P16,01,segment_0433,carrying,6.0,305.0,0.48380498619653817,1.4425
P16,01,segment_0434,free_movement,2.25,215.0,0.593218884347401,1.4805
P16,01,segment_0436,free_movement,6.0,10.0,0.35037811218661385,2.617
P16,01,segment_0438,free_movement,0.75,0.0,0.583870845381238,1.286
P16,01,segment_0440,free_movement,3.0,20.0,0.47466144639333846,1.365
P16,01,segment_0442,free_movement,2.0,75.0,0.5661392963499735,1.139
P16,01,segment_0444,free_movement,4.25,90.0,0.34999842046919094,2.2715
P16,01,segment_0445,carrying,4.25,190.0,0.511768680163132,1.1895
P16,01,segment_0446,free_movement,1.0,-35.0,0.5428411312138822,1.1535
P16,01,segment_0447,carrying,1.0,-50.0,0.32094373077371496,1.0645
P16,01,segment_0448,free_movement,0.75,140.0,0.46819759217758533,1.36
P16,01,segment_0450,free_movement,1.0,95.0,0.537371937244027,1.9415
P16,01,segment_0452,free_movement,2.0,0.0,0.5590092905675514,1.3225
P16,01,segment_0453,carrying,2.0,340.0,0.35960577859687004,1.1065
P16,01,segment_0456,free_movement,6.0,60.0,0.33198973488689676,1.368
P16,01,segment_0457,carrying,6.0,325.0,0.4713112651020955,1.652
P16,01,segment_0458,free_movement,4.25,0.0,0.4999297962001259,1.9515
P16,01,segment_0459,carrying,4.25,345.0,0.3264124135113088,1.6
P16,01,segment_0460,free_movement,2.25,350.0,0.573983932469518,1.709
P16,01,segment_0462,free_movement,2.0,190.0,0.45775974906194916,1.3685
P16,01,segment_0464,free_movement,2.25,55.0,0.4300356853783135,1.657
P16,01,segment_0466,free_movement,1.0,265.0,0.6125377813581782,1.24
P16,01,segment_0469,carrying,6.0,150.0,0.3261418114226035,1.3885
P16,01,segment_0470,free_movement,4.25,90.0,0.3317151683892326,1.626
P16,01,segment_0471,carrying,4.25,310.0,0.32439213894332736,0.933
P16,01,segment_0472,free_movement,0.75,35.0,0.6816886892212976,1.2745
P16,01,segment_0474,free_movement,3.0,0.0,0.45649644690662183,1.2235
P16,01,segment_0476,free_movement,2.25,210.0,0.31884855566464254,1.4555
P16,01,segment_0478,free_movement,4.25,205.0,0.4997324706019787,1.249
P16,01,segment_0480,free_movement,1.0,0.0,0.6548910701827996,1.563
P16,01,segment_0481,carrying,1.0,320.0,0.5146872606773424,0.8825
P16,01,segment_0482,free_movement,0.75,10.0,0.5134540210412174,1.127
P16,01,segment_0484,free_movement,6.0,170.0,0.3853022320729489,1.879
P16,01,segment_0487,carrying,2.0,350.0,0.47716204852555094,1.227
P16,01,segment_0488,free_movement,3.0,30.0,0.5199589283732329,1.447
P16,01,segment_0491,carrying,6.0,310.0,0.3741931873099578,9.4565
P16,01,segment_0492,free_movement,1.0,-35.0,0.3151354791177332,1.668
P16,01,segment_0493,carrying,1.0,205.0,0.37318706254043005,0.704
P16,01,segment_0494,free_movement,2.0,10.0,0.7082341720897591,1.275
P16,01,segment_0497,carrying,0.75,-50.0,0.33389851884867366,0.7775
P16,01,segment_0498,free_movement,2.25,255.0,0.3982897690882611,1.331
P16,01,segment_0499,free_movement,4.25,35.0,0.5528842766200568,5.0755
P16,01,segment_0501,free_movement,3.0,0.0,0.662917403254523,1.9895
P16,01,segment_0503,free_movement,2.0,-30.0,0.39532811432440756,1.5425
P16,01,segment_0504,carrying,2.0,225.0,0.5187288508063597,0.8145
P16,01,segment_0505,free_movement,2.25,-10.0,0.442750118368216,1.8845
P16,01,segment_0507,free_movement,0.75,150.0,0.6863872671434934,1.0815
P16,01,segment_0509,free_movement,1.0,5.0,0.478698511199544,1.783
P16,01,segment_0511,free_movement,6.0,0.0,0.3521714729500972,1.405
P16,01,segment_0513,free_movement,6.0,30.0,0.34432346038017064,1.9525
P16,01,segment_0515,free_movement,2.25,0.0,0.4198839473255686,2.172
P16,01,segment_0517,free_movement,0.75,0.0,0.47670747414431547,1.3345
P16,01,segment_0518,carrying,0.75,245.0,0.39968361384822776,0.8485
P16,01,segment_0519,free_movement,2.0,255.0,0.5328770996911879,1.1505
P16,01,segment_0523,free_movement,3.0,0.0,0.6063399803567469,1.213
P16,01,segment_0525,free_movement,4.25,10.0,0.46759030660001094,1.498
P16,01,segment_0526,carrying,4.25,205.0,0.3876801947813153,1.207
P16,01,segment_0527,free_movement,2.0,10.0,0.7767852993196854,1.479
P16,01,segment_0529,free_movement,1.0,-5.0,0.5293616739898152,0.887
P16,01,segment_0531,free_movement,4.25,10.0,0.6323515805760104,1.8445
P16,01,segment_0533,free_movement,0.75,90.0,0.7002867927936309,0.972
P16,01,segment_0534,carrying,0.75,-50.0,0.34454338130604906,1.1575
P16,01,segment_0535,free_movement,6.0,10.0,0.5459192101020585,1.705
P16,01,segment_0537,free_movement,3.0,0.0,0.5972933902454209,1.4285
P16,01,segment_0539,free_movement,2.25,0.0,0.3994963185239282,1.32
P16,01,segment_0541,free_movement,4.25,5.0,0.40394490677244116,1.227
P16,01,segment_0543,free_movement,2.0,295.0,0.4524247671366988,1.216
P16,01,segment_0545,free_movement,2.25,350.0,0.38457310385093013,1.328
P16,01,segment_0547,free_movement,6.0,-10.0,0.31658648244179227,1.2945
P16,01,segment_0549,free_movement,0.75,90.0,0.5177012965531341,1.216
P16,01,segment_0550,carrying,0.75,205.0,0.3296445489631512,1.048
P16,01,segment_0553,free_movement,1.0,315.0,0.44263547070818116,1.349
P16,01,segment_0555,free_movement,6.0,35.0,0.4912979409542255,1.5875
P16,01,segment_0557,free_movement,2.0,-25.0,0.4914967642607278,0.986
P16,01,segment_0559,free_movement,3.0,15.0,0.505481537941107,1.385
P16,01,segment_0563,free_movement,2.25,335.0,0.31391886929743895,1.8045
P16,01,segment_0565,free_movement,1.0,-15.0,0.3174041386420496,1.5985
P16,01,segment_0567,free_movement,0.75,120.0,0.5307295013835512,1.207
P16,01,segment_0569,free_movement,0.75,350.0,0.4056133492258371,1.275
P16,01,segment_0570,carrying,0.75,170.0,0.5828934674745431,1.3085
P16,01,segment_0571,free_movement,1.0,-10.0,0.4437947501469153,1.4595
P16,01,segment_0573,free_movement,6.0,350.0,0.3045684650630077,1.5305
P16,01,segment_0577,free_movement,3.0,270.0,0.6799337658151489,1.122
P16,01,segment_0579,free_movement,2.0,15.0,0.49432160553401155,1.6735
P16,01,segment_0580,carrying,2.0,290.0,0.3355191750839252,1.397
P16,01,segment_0581,free_movement,2.25,60.0,0.5532216749892309,1.8565
P16,01,segment_0583,free_movement,1.0,310.0,0.38133134649417205,1.4705
P16,01,segment_0587,free_movement,6.0,60.0,0.4203747969254037,1.325
P16,01,segment_0589,free_movement,2.0,245.0,0.6396609003406077,1.0445
P16,01,segment_0591,free_movement,0.75,155.0,0.4636207913683819,1.395
P16,01,segment_0593,free_movement,3.0,0.0,0.3818966515950851,1.496
P16,01,segment_0595,free_movement,4.25,-35.0,0.3537072217729929,1.8305
P16,01,segment_0596,carrying,4.25,255.0,0.38751917678783254,1.7035
P16,01,segment_0597,free_movement,1.0,280.0,0.3665939949212631,1.2585
P16,01,segment_0598,carrying,1.0,320.0,0.3914015805094578,1.048
P16,01,segment_0599,free_movement,3.0,10.0,0.5143661003529959,1.205
P16,01,segment_0601,free_movement,6.0,295.0,0.4158611142676643,1.3585
P16,01,segment_0603,free_movement,2.25,35.0,0.624951051019055,1.617
P16,01,segment_0605,free_movement,0.75,170.0,0.5691594787740882,1.1415
P16,01,segment_0606,carrying,0.75,-50.0,0.47789776173213017,0.713
P16,01,segment_0607,free_movement,4.25,265.0,0.4999587425340709,1.788
P16,01,segment_0609,free_movement,2.0,10.0,0.5722853274589734,1.4335
P16,01,segment_0611,free_movement,2.0,5.0,0.35410579044181056,1.9555
P16,01,segment_0613,free_movement,4.25,235.0,0.3756310463701761,1.4945
P16,01,segment_0618,carrying,2.25,320.0,0.33553035447698604,0.9815
P16,01,segment_0619,free_movement,1.0,160.0,0.726671743088693,1.0075
P16,01,segment_0621,free_movement,3.0,195.0,0.523443409173723,1.3005
P16,01,segment_0623,free_movement,0.75,40.0,0.3281104645597152,1.2305
P16,01,segment_0625,free_movement,2.25,80.0,0.5089604013579047,1.295
P16,01,segment_0627,free_movement,4.25,-15.0,0.6139349092685646,1.459
P16,01,segment_0631,free_movement,0.75,85.0,0.41190643724859227,0.9415
P16,01,segment_0632,carrying,0.75,235.0,0.33461180391930534,0.7365
P16,01,segment_0633,free_movement,6.0,-10.0,0.5446162505390291,1.696
P16,01,segment_0634,carrying,6.0,225.0,0.32420489842804523,1.1335
P16,01,segment_0635,free_movement,3.0,-20.0,0.5036628494994851,1.545
P16,01,segment_0636,carrying,3.0,350.0,0.31845606527931947,1.327
P16,01,segment_0637,free_movement,2.0,125.0,0.6207909692874382,1.2525
P16,01,segment_0639,free_movement,2.25,10.0,0.5229864447869994,1.308
P16,01,segment_0641,free_movement,4.25,140.0,0.4275225955355165,1.427
P16,01,segment_0643,free_movement,0.75,5.0,0.35215113970254663,1.2245
P16,01,segment_0644,carrying,0.75,-50.0,0.4576057296694459,0.8565
P16,01,segment_0645,free_movement,6.0,10.0,0.618185031897931,1.2235
P16,01,segment_0647,free_movement,3.0,-5.0,0.6327296018645809,1.221
P16,01,segment_0650,carrying,1.0,305.0,0.5104167902279715,0.8105
P16,01,segment_0651,free_movement,2.0,5.0,0.39447660344483154,1.368
P16,01,segment_0653,free_movement,4.25,145.0,0.441826959073055,1.657
P16,01,segment_0654,carrying,4.25,105.0,0.33539863162722616,1.9705
P16,01,segment_0655,free_movement,2.0,-35.0,0.5597196740829951,1.4185
P16,01,segment_0657,free_movement,1.0,5.0,0.5080109056506504,1.335
P16,01,segment_0659,free_movement,0.75,25.0,0.5521845715482379,1.152
P16,01,segment_0661,free_movement,2.25,320.0,0.3488417597262298,1.693
P16,01,segment_0663,free_movement,6.0,10.0,0.3853292123540244,1.7505
P16,01,segment_0665,free_movement,3.0,155.0,0.4510851726088326,1.33
P16,01,segment_0667,free_movement,0.75,5.0,0.5053604124446754,1.071
P16,01,segment_0668,carrying,0.75,320.0,0.5003735719089408,0.8295
P16,01,segment_0669,free_movement,2.0,350.0,0.36548354469122535,1.78
P16,01,segment_0671,free_movement,4.25,340.0,0.39754959743861057,1.4365
P16,01,segment_0673,free_movement,1.0,-5.0,0.6766463558433214,1.4925
P16,01,segment_0674,carrying,1.0,-50.0,0.3865133173611896,1.01
P16,01,segment_0675,free_movement,2.25,80.0,0.5461268097277963,1.728
P16,01,segment_0677,free_movement,6.0,225.0,0.35610803043723965,1.903
P16,01,segment_0679,free_movement,3.0,-15.0,0.4791411764354213,1.589
P16,01,segment_0681,free_movement,2.25,160.0,0.5811407903779292,1.74
P16,01,segment_0683,free_movement,2.0,5.0,0.5398567569145423,1.433
P16,01,segment_0685,free_movement,1.0,75.0,0.5042422735556215,1.5205
P16,01,segment_0689,free_movement,3.0,25.0,0.429730214516448,1.3995
P16,01,segment_0691,free_movement,0.75,-25.0,0.5370586670543649,1.089
P16,01,segment_0692,carrying,0.75,260.0,0.41092026680899557,0.817
P16,01,segment_0693,free_movement,4.25,20.0,0.5033222940497538,2.1425
P16,01,segment_0695,free_movement,1.0,20.0,0.4818958429134292,1.4245
P16,01,segment_0697,free_movement,4.25,145.0,0.435247395518498,1.925
P16,01,segment_0699,free_movement,0.75,20.0,0.45109614796101577,1.2395
P16,01,segment_0701,free_movement,6.0,5.0,0.3206012292862617,3.479
P16,01,segment_0703,free_movement,3.0,-5.0,0.5285350466447316,1.884
P16,01,segment_0705,free_movement,2.0,-50.0,0.4986464636818717,1.048
P16,01,segment_0709,free_movement,1.0,285.0,0.3282635434437484,1.369
P16,01,segment_0711,free_movement,4.25,25.0,0.38271502392145423,1.678
P16,01,segment_0713,carrying,2.25,-5.0,0.5152097906312356,6.161
P16,01,segment_0714,free_movement,6.0,10.0,0.45218029378155017,2.185
P16,01,segment_0716,free_movement,2.0,75.0,0.5847100629761302,1.3375
P16,01,segment_0718,free_movement,3.0,180.0,0.3853424157514466,0.873
P16,01,segment_0720,free_movement,0.75,350.0,0.6464889518172077,1.447
P16,01,segment_0722,free_movement,2.0,270.0,0.3981163846928526,1.3465
P16,01,segment_0726,free_movement,2.25,230.0,0.4501742568166262,1.872
P16,01,segment_0727,carrying,2.25,350.0,0.30315195301054254,1.1465
P16,01,segment_0728,free_movement,3.0,15.0,0.4614402848971629,1.197
P16,01,segment_0730,free_movement,1.0,305.0,0.4321194810390965,1.254
P16,01,segment_0732,free_movement,6.0,95.0,0.306038562588552,1.63
P16,01,segment_0735,carrying,0.75,280.0,0.3849120659869029,0.845
P16,01,segment_0736,free_movement,3.0,0.0,0.6184137748332605,1.1885
P16,01,segment_0738,free_movement,4.25,95.0,0.451124965556521,2.1085
P16,01,segment_0740,free_movement,6.0,35.0,0.302214611715815,3.073
P16,01,segment_0742,free_movement,2.0,-5.0,0.7060029716119595,1.8805
P16,01,segment_0744,free_movement,1.0,115.0,0.3497195461133906,1.118
P16,01,segment_0746,free_movement,2.25,255.0,0.33376995608276594,1.6645
P16,01,segment_0748,free_movement,0.75,170.0,0.3180624419999305,1.392
P16,01,segment_0749,carrying,0.75,-25.0,0.3174089963032338,0.712
P16,01,segment_0752,free_movement,0.75,-10.0,0.5642889636832054,1.3785
P16,01,segment_0753,carrying,0.75,305.0,0.38793314333307877,0.7075
P16,01,segment_0754,free_movement,3.0,-50.0,0.33069466367311473,1.291
P16,01,segment_0756,free_movement,1.0,230.0,0.4574537950895919,1.0365
P16,01,segment_0757,carrying,1.0,-50.0,0.34393923841344914,0.834
P16,01,segment_0758,free_movement,6.0,210.0,0.6041102677062163,1.3795
P16,01,segment_0760,free_movement,2.25,45.0,0.4093496595115311,1.4115
P16,01,segment_0762,free_movement,4.25,210.0,0.415970016082655,1.5335
P16,01,segment_0764,free_movement,2.0,5.0,0.5309747026337349,1.464
P16,01,segment_0768,free_movement,2.25,95.0,0.3528963161756547,1.0995
P16,01,segment_0770,free_movement,0.75,0.0,0.5866593312394593,1.034
P16,01,segment_0772,free_movement,6.0,60.0,0.554768048927892,1.2675
P16,01,segment_0774,free_movement,1.0,-30.0,0.4737312997538741,1.112
P16,01,segment_0776,free_movement,4.25,350.0,0.3786911116061857,1.5115
P16,01,segment_0778,free_movement,0.75,180.0,0.584137799160046,0.907
P16,01,segment_0779,carrying,0.75,-50.0,0.48707238724527024,0.799
P16,01,segment_0780,free_movement,6.0,15.0,0.36105837979610167,1.44
P16,01,segment_0782,free_movement,2.25,95.0,0.396415963370407,1.597
P16,01,segment_0784,free_movement,3.0,0.0,0.4966372465185089,1.2285
P16,01,segment_0790,free_movement,1.0,90.0,0.4458966465411233,1.241
P16,01,segment_0791,carrying,1.0,-50.0,0.338882667698865,1.3995
P16,01,segment_0792,free_movement,0.75,105.0,0.6657585743339063,1.4055
P16,01,segment_0794,free_movement,1.0,10.0,0.42743083414370525,1.277
P16,01,segment_0796,free_movement,2.0,10.0,0.5836680162384436,1.2525
P16,01,segment_0797,carrying,2.0,290.0,0.3450289398619169,0.8685
P16,01,segment_0798,free_movement,4.25,10.0,0.3858124769648254,1.39
P16,01,segment_0800,free_movement,3.0,5.0,0.44682409491962366,1.3495
P16,01,segment_0802,free_movement,2.25,325.0,0.5886379294098727,1.4405
P16,01,segment_0804,free_movement,6.0,0.0,0.7105054111465212,1.4415
P16,01,segment_0806,free_movement,6.0,30.0,0.3874322167738774,1.7705
P16,01,segment_0808,carrying,4.25,350.0,0.3397375831609709,1.6945
P16,01,segment_0809,free_movement,1.0,-45.0,0.3764456876336399,1.658
P16,01,segment_0811,free_movement,0.75,0.0,0.4725421569103069,1.2415
P16,01,segment_0813,free_movement,2.25,320.0,0.36520579285561183,2.0385
P16,01,segment_0814,carrying,2.25,350.0,0.3505071068218954,2.128
P16,01,segment_0815,free_movement,3.0,15.0,0.5109346671086625,1.408
P16,01,segment_0819,free_movement,0.75,165.0,0.5790467438656061,1.1535
P16,01,segment_0820,carrying,0.75,310.0,0.6652945438693545,0.787
P16,01,segment_0821,free_movement,2.25,125.0,0.5738718972955962,1.645
P16,01,segment_0823,free_movement,4.25,5.0,0.3591717110953685,2.656
P16,01,segment_0825,free_movement,6.0,25.0,0.47137633442540666,1.8265
P16,01,segment_0827,free_movement,3.0,5.0,0.49269791334457985,1.35
P16,01,segment_0828,carrying,3.0,265.0,0.3344245087017408,0.833
P16,01,segment_0829,free_movement,2.0,-5.0,0.5347058748775458,1.247
P16,01,segment_0831,free_movement,1.0,5.0,0.5306947537620127,1.0115
P16,01,segment_0832,carrying,1.0,235.0,0.4186551435809792,1.1445
P16,01,segment_0833,free_movement,6.0,210.0,0.3398785150839261,2.448
P16,01,segment_0835,free_movement,2.25,-10.0,0.4137958989257376,2.1245
P16,01,segment_0837,free_movement,0.75,350.0,0.6065835968621408,1.302
P16,01,segment_0838,carrying,0.75,350.0,0.39340668472913953,1.072
P16,01,segment_0839,free_movement,2.0,220.0,0.4827887952107652,1.372
P16,01,segment_0840,carrying,2.0,265.0,0.3783913446348606,1.0265
P16,01,segment_0843,free_movement,3.0,310.0,0.41703413809479667,1.3355
P16,01,segment_0845,free_movement,1.0,-50.0,0.4680152454577622,1.019
P16,01,segment_0847,free_movement,3.0,210.0,0.31007291634770806,0.8695
P16,01,segment_0849,free_movement,2.25,-50.0,0.41149511139252926,2.131
P16,01,segment_0850,carrying,2.25,350.0,0.3011527455749625,1.704
P16,01,segment_0851,free_movement,6.0,5.0,0.416545176436174,1.344
P16,01,segment_0853,free_movement,0.75,20.0,0.6227105018364206,1.294
P16,01,segment_0854,carrying,0.75,330.0,0.38356174310683055,0.972
P16,01,segment_0855,free_movement,4.25,60.0,0.4160931989052038,1.8835
P16,01,segment_0857,free_movement,1.0,15.0,0.7130310218526604,1.1925
P16,01,segment_0858,carrying,1.0,290.0,0.48794178456169424,0.8385
P16,01,segment_0861,free_movement,2.0,245.0,0.3249756467219374,1.652
P16,01,segment_0862,carrying,2.0,245.0,0.30175387780489155,1.23
P16,01,segment_0863,free_movement,3.0,20.0,0.43836123149508593,1.5505
P16,01,segment_0865,free_movement,0.75,335.0,0.6620286496249628,1.224
P16,01,segment_0867,free_movement,6.0,15.0,0.4562841153214285,1.383
P16,01,segment_0869,free_movement,1.0,25.0,0.5719740885223809,1.162
P16,01,segment_0870,carrying,1.0,335.0,0.379064172822967,0.951
P16,01,segment_0871,free_movement,4.25,175.0,0.3030822605154437,1.6505
P16,01,segment_0873,free_movement,2.25,300.0,0.5048307405765905,1.4845
P16,01,segment_0875,free_movement,0.75,350.0,0.47507800407588907,1.32
P16,01,segment_0877,free_movement,3.0,150.0,0.4801342159934192,1.4255
P16,01,segment_0878,carrying,3.0,300.0,0.4151468127614243,1.6565
P16,01,segment_0880,carrying,2.25,300.0,0.35529875902175073,1.4075
P16,01,segment_0885,free_movement,2.0,0.0,0.47935709527793036,1.5085
P16,01,segment_0886,carrying,2.0,295.0,0.32434651570998546,1.1665
P16,01,segment_0887,free_movement,1.0,-5.0,0.5239744919825748,2.026
P16,01,segment_0888,carrying,1.0,285.0,0.30285048573482964,1.0145
P16,01,segment_0889,free_movement,2.25,75.0,0.7098833637470331,1.2595
P16,01,segment_0891,free_movement,0.75,5.0,0.38404922632216487,1.0075
P16,01,segment_0893,free_movement,2.0,285.0,0.5919428693904958,1.15
P16,01,segment_0895,free_movement,6.0,10.0,0.5568149429510629,1.3675
P16,01,segment_0897,free_movement,4.25,-25.0,0.7137725944761917,1.723
P16,01,segment_0899,free_movement,3.0,5.0,0.34133575207187156,1.4635
P16,01,segment_0901,free_movement,1.0,295.0,0.3381985370788505,1.4765
P16,01,segment_0903,free_movement,0.75,100.0,0.6973841970494248,1.249
P16,01,segment_0905,free_movement,2.25,170.0,0.4281837926225409,1.8645
P16,01,segment_0908,carrying,6.0,350.0,0.41255991694051364,1.8415
P16,01,segment_0909,free_movement,4.25,5.0,0.5407639319077334,1.76
P16,01,segment_0911,free_movement,3.0,5.0,0.31009749913672463,1.4835
P16,01,segment_0914,carrying,1.0,225.0,0.441039004732692,1.1495
P16,01,segment_0915,free_movement,2.0,270.0,0.5711717757268612,1.1065
P16,01,segment_0917,free_movement,2.25,250.0,0.486562178466523,1.6055
P16,01,segment_0919,free_movement,6.0,10.0,0.5440023799054875,3.1655
P16,01,segment_0920,carrying,6.0,235.0,0.4364784482534497,1.171
P16,01,segment_0921,free_movement,2.0,275.0,0.4681925250902644,1.1725
P16,01,segment_0923,free_movement,1.0,225.0,0.6131971309550458,1.249
P16,01,segment_0924,carrying,1.0,315.0,0.3924492613283248,1.0495
P16,01,segment_0928,free_movement,3.0,5.0,0.6963938970412483,1.9005
P16,01,segment_0929,carrying,3.0,230.0,0.4809473051399518,1.192
P16,01,segment_0931,carrying,0.75,250.0,0.423960792595845,0.903
P16,01,segment_0932,free_movement,4.25,235.0,0.5514259316759363,1.6135
P16,01,segment_0934,free_movement,3.0,10.0,0.3209450921684178,1.645
P16,01,segment_0936,free_movement,6.0,10.0,0.557203636731632,3.792
P16,01,segment_0938,free_movement,2.25,5.0,0.49373545893968085,1.611
P16,01,segment_0940,free_movement,2.0,-10.0,0.5306281399009675,1.2765
P16,01,segment_0941,carrying,2.0,335.0,0.36135250934901614,1.158
P16,01,segment_0944,free_movement,2.25,245.0,0.37880934746720574,1.474
P16,01,segment_0946,free_movement,3.0,-15.0,0.5295789349383127,1.8735
P16,01,segment_0950,free_movement,1.0,310.0,0.45068521708499915,1.255
P16,01,segment_0952,free_movement,4.25,-50.0,0.636112382649413,1.5125
P16,01,segment_0954,free_movement,6.0,340.0,0.3877965441297652,1.4165
P16,01,segment_0958,free_movement,2.25,255.0,0.6115138242934726,1.8205
P16,01,segment_0960,free_movement,4.25,0.0,0.41676382310369287,1.741
P16,01,segment_0962,free_movement,1.0,180.0,0.3887208265497842,1.1835
P16,01,segment_0968,free_movement,0.75,-15.0,0.4949091766138032,1.5055
P16,01,segment_0969,carrying,0.75,-50.0,0.38219996166893977,0.7025
P16,01,segment_0970,free_movement,2.0,215.0,0.5481583422244376,1.2245
P16,01,segment_0971,carrying,2.0,315.0,0.4254564885904769,1.079
P16,01,segment_0972,free_movement,1.0,220.0,0.7688325684512388,1.1555
P16,01,segment_0974,free_movement,0.75,45.0,0.6101851912557412,1.0105
P16,01,segment_0978,free_movement,2.25,50.0,0.32689809253913643,1.602
P16,01,segment_0980,free_movement,2.0,65.0,0.3833051560239485,1.072
P16,01,segment_0983,carrying,4.25,250.0,0.3259035519139292,1.898
P16,01,segment_0984,free_movement,3.0,5.0,0.48213755141683245,1.436
P16,01,segment_0986,free_movement,2.25,135.0,0.5711846406432545,1.336
P16,01,segment_0988,free_movement,1.0,70.0,0.44304000231867197,1.4205
P16,01,segment_0989,carrying,1.0,270.0,0.5185545296762104,0.849
P16,01,segment_0990,free_movement,3.0,-30.0,0.3813340975679642,1.3115
P16,01,segment_0992,free_movement,0.75,55.0,0.39902662370424036,1.4505
P16,01,segment_0993,carrying,0.75,350.0,0.3209969773610659,0.775
P16,01,segment_0994,free_movement,4.25,75.0,0.41613790614542057,2.008
P17,01,segment_0000,free_movement,2.0,10.0,0.6920497351577131,2.122
P17,01,segment_0001,carrying,2.0,310.0,0.3681904870370042,0.7105
P17,01,segment_0002,free_movement,2.25,220.0,0.48864431492149507,2.193
P17,01,segment_0004,free_movement,3.0,5.0,0.36913391653618094,4.124
P17,01,segment_0005,carrying,3.0,230.0,0.5179626745355788,0.729
P17,01,segment_0006,free_movement,4.25,295.0,0.4100756981638585,2.4275
P17,01,segment_0008,free_movement,1.0,35.0,0.6033248814796208,1.416
P17,01,segment_0009,carrying,1.0,235.0,0.41270049327347286,1.195
P17,01,segment_0010,free_movement,6.0,305.0,0.36750544730139695,1.441
P17,01,segment_0012,free_movement,0.75,-50.0,0.46069745716798766,1.5985
P17,01,segment_0013,carrying,0.75,340.0,0.3418769535694753,1.1635
P17,01,segment_0014,free_movement,6.0,70.0,0.5475287931098691,1.7265
P17,01,segment_0016,free_movement,2.0,0.0,0.6671100801778517,1.453
P17,01,segment_0017,carrying,2.0,275.0,0.4581205122713889,1.1255
P17,01,segment_0018,free_movement,4.25,5.0,0.44752049509555397,1.797
P17,01,segment_0020,free_movement,1.0,0.0,0.46091084616467337,1.304
P17,01,segment_0021,carrying,1.0,-50.0,0.4028728570525063,0.842
P17,01,segment_0024,free_movement,3.0,5.0,0.5804445558314413,1.4415
P17,01,segment_0026,free_movement,0.75,275.0,0.6762614290203793,1.158
P17,01,segment_0028,free_movement,2.0,145.0,0.35068471394711875,1.197
P17,01,segment_0029,carrying,2.0,-50.0,0.45584748568808797,1.7015
P17,01,segment_0030,free_movement,0.75,-30.0,0.468172154816483,1.429
P17,01,segment_0032,free_movement,1.0,95.0,0.5884831470654314,1.0025
P17,01,segment_0034,free_movement,6.0,0.0,0.5455039656187372,1.2075
P17,01,segment_0036,free_movement,4.25,340.0,0.5063489087379252,1.408
P17,01,segment_0037,carrying,4.25,345.0,0.5260297086123032,0.9165
P17,01,segment_0038,free_movement,3.0,0.0,0.6551277782091,1.5305
P17,01,segment_0040,free_movement,2.25,350.0,0.3834302319602612,2.2625
P17,01,segment_0042,free_movement,2.0,0.0,0.6627605869339663,1.2785
P17,01,segment_0043,carrying,2.0,245.0,0.4293215391749304,1.0915
P17,01,segment_0044,free_movement,1.0,-45.0,0.5421345481921334,2.656
P17,01,segment_0045,carrying,1.0,300.0,0.40029336024226175,1.2385
P17,01,segment_0048,free_movement,3.0,-20.0,0.6630270457605962,1.361
P17,01,segment_0049,carrying,3.0,-50.0,0.359381572453273,0.871
P17,01,segment_0050,free_movement,0.75,5.0,0.6649501779345813,1.4125
P17,01,segment_0054,free_movement,6.0,265.0,0.3936272949008475,1.3945
P17,01,segment_0055,carrying,6.0,-50.0,0.43225913556154505,0.8835
P17,01,segment_0056,free_movement,3.0,350.0,0.4398410945101,1.9205
P17,01,segment_0057,carrying,3.0,285.0,0.6518709872695048,0.9755
P17,01,segment_0058,free_movement,6.0,-5.0,0.535142779635515,1.4895
P17,01,segment_0060,free_movement,2.25,210.0,0.4868523343668852,1.9675
P17,01,segment_0062,free_movement,2.0,-50.0,0.5226758058212192,1.4785
P17,01,segment_0064,free_movement,1.0,200.0,0.4175826214320167,1.336
P17,01,segment_0066,free_movement,4.25,5.0,0.5062251092206231,1.6975
P17,01,segment_0068,free_movement,0.75,-40.0,0.4496998667911166,1.2005
P17,01,segment_0069,carrying,0.75,-5.0,0.47863837138537074,0.768
P17,01,segment_0070,free_movement,2.0,5.0,0.5009958561367206,1.8
P17,01,segment_0071,carrying,2.0,260.0,0.4765438538609649,1.29
P17,01,segment_0072,free_movement,3.0,215.0,0.5055956536081437,1.2065
P17,01,segment_0073,carrying,3.0,-50.0,0.4068781057445753,0.8505
P17,01,segment_0074,free_movement,2.25,200.0,0.5355690984000951,2.1975
P17,01,segment_0075,carrying,2.25,-50.0,0.39639587783954205,0.833
P17,01,segment_0076,free_movement,1.0,-5.0,0.4886411288575846,1.66
P17,01,segment_0077,carrying,1.0,-35.0,0.3881193998867059,0.787
P17,01,segment_0078,free_movement,0.75,305.0,0.454058745102005,1.1375
P17,01,segment_0080,free_movement,4.25,350.0,0.37810202459790804,1.5565
P17,01,segment_0081,carrying,4.25,330.0,0.5711247831086609,1.3615
P17,01,segment_0082,free_movement,6.0,5.0,0.7968501176160485,1.39
P17,01,segment_0083,carrying,6.0,335.0,0.3257206198889503,1.2565
P17,01,segment_0084,free_movement,3.0,105.0,0.467261520861829,2.032
P17,01,segment_0086,free_movement,6.0,0.0,0.6735924742654404,1.607
P17,01,segment_0088,free_movement,1.0,190.0,0.47332684693228944,1.2185
P17,01,segment_0089,carrying,1.0,-50.0,0.39227912563823975,3.2965
P17,01,segment_0090,free_movement,2.0,350.0,0.5741330059479742,1.4095
P17,01,segment_0092,free_movement,0.75,255.0,0.4471074017450238,1.205
P17,01,segment_0093,carrying,0.75,310.0,0.30506253205892025,0.842
P17,01,segment_0094,free_movement,2.25,235.0,0.5599841241164023,1.721
P17,01,segment_0096,free_movement,4.25,15.0,0.5032313556471677,1.6275
P17,01,segment_0098,free_movement,3.0,280.0,0.44933414477442035,1.319
P17,01,segment_0099,carrying,3.0,-50.0,0.38800919888201824,3.3155
P17,01,segment_0100,free_movement,6.0,230.0,0.5611343984644998,1.2135
P17,01,segment_0101,carrying,6.0,-25.0,0.40008529043353636,1.0305
P17,01,segment_0102,free_movement,4.25,255.0,0.33781872815630987,1.244
P17,01,segment_0104,free_movement,0.75,150.0,0.37615699130012775,1.2275
P17,01,segment_0105,carrying,0.75,325.0,0.507039830466683,0.954
P17,01,segment_0106,free_movement,1.0,0.0,0.7335760945572888,1.3495
P17,01,segment_0107,carrying,1.0,305.0,0.366095196902419,0.992
P17,01,segment_0108,free_movement,2.25,290.0,0.5719540330336954,1.728
P17,01,segment_0109,carrying,2.25,45.0,0.30300600291309876,6.9155
P17,01,segment_0110,free_movement,2.0,120.0,0.5669721590847264,1.923
P17,01,segment_0112,free_movement,4.25,45.0,0.49246242113487076,2.2335
P17,01,segment_0114,free_movement,3.0,-20.0,0.5361515141437877,0.996
P17,01,segment_0115,carrying,3.0,270.0,0.30248973171476046,1.325
P17,01,segment_0116,free_movement,2.25,205.0,0.3869199365903096,2.5175
P17,01,segment_0117,carrying,2.25,275.0,0.38567892141918453,1.3065
P17,01,segment_0118,free_movement,1.0,-10.0,0.6468002441224834,1.4755
P17,01,segment_0119,carrying,1.0,-10.0,0.45908286756363215,2.5205
P17,01,segment_0120,free_movement,0.75,230.0,0.4270076049830299,1.342
P17,01,segment_0121,carrying,0.75,-5.0,0.3984210470179995,0.9335
P17,01,segment_0122,free_movement,2.0,0.0,0.5036898159059401,1.2745
P17,01,segment_0123,carrying,2.0,-5.0,0.4911992018740255,0.709
P17,01,segment_0124,free_movement,6.0,165.0,0.5497037332923344,1.206
P17,01,segment_0128,free_movement,2.0,-10.0,0.4805312497686931,1.755
P17,01,segment_0129,carrying,2.0,-25.0,0.3262549315641163,1.188
P17,01,segment_0130,free_movement,1.0,255.0,0.632190734251277,1.116
P17,01,segment_0132,free_movement,3.0,155.0,0.4744181237819578,1.6825
P17,01,segment_0134,free_movement,0.75,210.0,0.5899726255133341,0.96
P17,01,segment_0136,free_movement,6.0,-30.0,0.4970675630309397,1.119
P17,01,segment_0137,carrying,6.0,305.0,0.32896843416596494,1.1445
P17,01,segment_0140,free_movement,6.0,0.0,0.6043343693855314,1.5175
P17,01,segment_0142,free_movement,0.75,-25.0,0.3658863249343965,1.2815
P17,01,segment_0144,free_movement,3.0,195.0,0.48872257683461673,1.5045
P17,01,segment_0145,carrying,3.0,195.0,0.33539473189153146,1.0325
P17,01,segment_0150,free_movement,2.0,140.0,0.546555298164162,0.9385
P17,01,segment_0151,carrying,2.0,10.0,0.3369471754876115,0.7445
P17,01,segment_0154,free_movement,2.0,60.0,0.39693345107041744,1.8555
P17,01,segment_0155,carrying,2.0,350.0,0.4697390781049458,1.075
P17,01,segment_0156,free_movement,4.25,5.0,0.5945984288208418,1.8455
P17,01,segment_0158,free_movement,3.0,0.0,0.5751897885078286,1.464
P17,01,segment_0160,free_movement,1.0,170.0,0.7047261127837912,1.329
P17,01,segment_0162,free_movement,0.75,95.0,0.37330245127530953,1.7565
P17,01,segment_0164,free_movement,6.0,130.0,0.45667590887316517,1.813
P17,01,segment_0166,free_movement,2.25,265.0,0.46264314748102875,4.1
P17,01,segment_0167,carrying,2.25,-50.0,0.4891584081914637,1.044
P17,01,segment_0168,free_movement,3.0,-5.0,0.7740872978290654,1.253
P17,01,segment_0169,carrying,3.0,-15.0,0.6719552298353634,0.7415
P17,01,segment_0170,free_movement,2.25,45.0,0.3019336277954891,2.627
P17,01,segment_0172,free_movement,0.75,205.0,0.4282379455203565,1.421
P17,01,segment_0173,carrying,0.75,290.0,0.5084645594503412,0.9715
P17,01,segment_0176,free_movement,2.0,230.0,0.5518256834596696,1.7135
P17,01,segment_0178,free_movement,6.0,0.0,0.5708295654598182,1.712
P17,01,segment_0180,free_movement,1.0,245.0,0.5210832130834777,1.266
P17,01,segment_0181,carrying,1.0,-50.0,0.5740978053795434,0.7955
P17,01,segment_0182,free_movement,3.0,5.0,0.45879573283738456,1.5655
P17,01,segment_0184,free_movement,1.0,350.0,0.43141828613765804,2.097
P17,01,segment_0185,carrying,1.0,305.0,0.31850820699783294,0.978
P17,01,segment_0186,free_movement,4.25,55.0,0.5328315411579496,2.7965
P17,01,segment_0188,free_movement,2.0,160.0,0.42431967231209344,1.4005
P17,01,segment_0189,carrying,2.0,250.0,0.3288584625504193,1.086
P17,01,segment_0190,free_movement,2.25,155.0,0.5175926401573868,1.496
P17,01,segment_0191,carrying,2.25,205.0,0.36056622151079143,1.895
P17,01,segment_0194,free_movement,6.0,115.0,0.5801036204443767,1.4445
P17,01,segment_0196,free_movement,2.0,-30.0,0.5561390376065795,1.25
P17,01,segment_0197,carrying,2.0,320.0,0.3164724550807533,1.2955
P17,01,segment_0198,free_movement,0.75,125.0,0.4465002616885252,0.9485
P17,01,segment_0199,carrying,0.75,290.0,0.41472987795274674,0.748
P17,01,segment_0200,free_movement,2.25,345.0,0.6070826491496089,1.701
P17,01,segment_0202,free_movement,4.25,290.0,0.3091257405337895,1.8735
P17,01,segment_0203,carrying,4.25,315.0,0.31681291069055395,1.236
P17,01,segment_0204,free_movement,3.0,25.0,0.5731597172861295,1.401
P17,01,segment_0206,free_movement,6.0,-5.0,0.5811805042535605,1.3625
P17,01,segment_0207,carrying,6.0,-50.0,0.47823917130853144,0.9395
P17,01,segment_0208,free_movement,1.0,10.0,0.6885143078226795,1.824
P17,01,segment_0209,carrying,1.0,85.0,0.44275175022643115,1.6355
P17,01,segment_0210,free_movement,6.0,110.0,0.4902006127802038,1.176
P17,01,segment_0212,free_movement,0.75,60.0,0.31624455515346833,1.1445
P17,01,segment_0214,free_movement,4.25,310.0,0.5710371112843594,1.1815
P17,01,segment_0216,free_movement,2.0,-20.0,0.44713199339907583,1.339
P17,01,segment_0217,carrying,2.0,-50.0,0.48936736751920973,0.9875
P17,01,segment_0218,free_movement,2.25,280.0,0.4462199516309794,1.5695
P17,01,segment_0219,carrying,2.25,-45.0,0.30195444655678905,1.077
P17,01,segment_0220,free_movement,1.0,-45.0,0.4329051607709191,1.2905
P17,01,segment_0221,carrying,1.0,145.0,0.38078690083528854,0.9285
P17,01,segment_0222,free_movement,3.0,45.0,0.6061882891779867,1.5015
P17,01,segment_0224,free_movement,6.0,-30.0,0.4889086331293391,1.029
P17,01,segment_0225,carrying,6.0,155.0,0.35496852632668013,1.297
P17,01,segment_0226,free_movement,0.75,245.0,0.3624370244071866,1.1595
P17,01,segment_0230,free_movement,2.0,10.0,0.4878811882179065,5.614
P17,01,segment_0234,free_movement,3.0,5.0,0.32137346431040587,1.4445
P17,01,segment_0235,carrying,3.0,100.0,0.314940602037981,1.1065
P17,01,segment_0238,free_movement,0.75,25.0,0.5240284067979216,1.474
P17,01,segment_0239,carrying,0.75,-50.0,0.490876096970102,0.851
P17,01,segment_0240,free_movement,4.25,5.0,0.5111068861841157,6.3625
P17,01,segment_0244,free_movement,2.25,85.0,0.31210020640621483,1.9195
P17,01,segment_0246,free_movement,2.0,85.0,0.5432398216865739,1.579
P17,01,segment_0247,carrying,2.0,-15.0,0.4242983011709244,0.914
P17,01,segment_0248,free_movement,3.0,185.0,0.6244454872030694,1.927
P17,01,segment_0250,free_movement,6.0,0.0,0.6049280990713005,1.9145
P17,01,segment_0252,free_movement,6.0,350.0,0.3687163821717148,1.945
P17,01,segment_0253,free_movement,4.25,25.0,0.5392974409975226,1.8955
P17,01,segment_0255,free_movement,3.0,50.0,0.5064213088415139,1.455
P17,01,segment_0256,carrying,3.0,330.0,0.5283984047298612,0.789
P17,01,segment_0257,free_movement,2.25,65.0,0.3233975893159367,2.202
P17,01,segment_0259,free_movement,1.0,235.0,0.42400615264380576,1.7095
P17,01,segment_0261,free_movement,0.75,-5.0,0.5268217649047279,1.735
P17,01,segment_0263,free_movement,2.0,60.0,0.6764371441580527,1.4705
P17,01,segment_0265,free_movement,1.0,0.0,0.5355290643512268,1.558
P17,01,segment_0267,free_movement,6.0,150.0,0.643373844570738,1.436
P17,01,segment_0269,free_movement,3.0,0.0,0.4576016958751992,1.5675
P17,01,segment_0270,carrying,3.0,-5.0,0.4103330179364052,0.975
P17,01,segment_0271,free_movement,4.25,95.0,0.4896694471125154,1.7095
P17,01,segment_0273,free_movement,2.0,35.0,0.621630519892398,1.235
P17,01,segment_0277,free_movement,0.75,10.0,0.5973619158098982,2.0085
P17,01,segment_0278,carrying,0.75,315.0,0.3056117570021148,0.8805
P17,01,segment_0279,free_movement,0.75,280.0,0.6144952162074673,1.3915
P17,01,segment_0281,free_movement,3.0,265.0,0.458960954902449,1.561
P17,01,segment_0285,free_movement,6.0,220.0,0.5053129097209396,1.569
P17,01,segment_0287,free_movement,2.25,195.0,0.37015668573073973,1.3765
P17,01,segment_0289,free_movement,4.25,335.0,0.4101263428432521,1.688
P17,01,segment_0290,carrying,4.25,-40.0,0.583435072822496,0.748
P17,01,segment_0291,free_movement,1.0,0.0,0.5535953924199691,1.4185
P17,01,segment_0294,carrying,0.75,240.0,0.5348086762087054,0.7215
P17,01,segment_0295,free_movement,2.0,5.0,0.38309264585394137,3.894
P17,01,segment_0296,carrying,2.0,-50.0,0.47104300721489617,1.0305
P17,01,segment_0297,free_movement,3.0,320.0,0.4177312013606369,1.5355
P17,01,segment_0298,carrying,3.0,350.0,0.5489216347847721,1.2425
P17,01,segment_0299,free_movement,4.25,-15.0,0.611395040246311,1.48
P17,01,segment_0300,carrying,4.25,340.0,0.49560387627788344,0.824
P17,01,segment_0301,free_movement,6.0,55.0,0.6385389212475607,1.669
P17,01,segment_0302,carrying,6.0,350.0,0.4066079026031232,0.933
P17,01,segment_0303,free_movement,1.0,300.0,0.3788813943790401,1.63
P17,01,segment_0304,carrying,1.0,220.0,0.4385310862813957,0.9485
P17,01,segment_0305,free_movement,2.25,350.0,0.525143977846932,1.8825
P17,01,segment_0307,free_movement,6.0,5.0,0.5334067607379999,1.5105
P17,01,segment_0309,free_movement,2.0,5.0,0.39138269992734803,1.527
P17,01,segment_0311,free_movement,3.0,20.0,0.5558149904042249,1.256
P17,01,segment_0312,carrying,3.0,165.0,0.3689740157682176,1.014
P17,01,segment_0313,free_movement,4.25,15.0,0.4697176079555581,1.271
P17,01,segment_0315,free_movement,2.25,140.0,0.4277413091085912,1.5965
P17,01,segment_0317,free_movement,0.75,-5.0,0.6567816336701268,1.2525
P17,01,segment_0319,free_movement,1.0,80.0,0.49135715182176026,1.357
P17,01,segment_0320,carrying,1.0,280.0,0.6007694502676276,1.0495
P17,01,segment_0321,free_movement,4.25,20.0,0.49579160791492694,1.34
P17,01,segment_0322,carrying,4.25,-20.0,0.49332286556301624,1.153
P17,01,segment_0323,free_movement,1.0,190.0,0.5188034083894612,1.407
P17,01,segment_0324,carrying,1.0,145.0,0.41139755887273416,0.8405
P17,01,segment_0325,free_movement,0.75,-15.0,0.45294366322335083,1.304
P17,01,segment_0326,carrying,0.75,240.0,0.4245681452082684,0.76
P17,01,segment_0327,free_movement,2.0,25.0,0.6411023392853743,1.2
P17,01,segment_0329,free_movement,6.0,20.0,0.4366814974356099,1.286
P17,01,segment_0331,free_movement,2.25,240.0,0.3795160092892457,1.509
P17,01,segment_0333,free_movement,3.0,85.0,0.6114866192473587,0.985
P17,01,segment_0334,carrying,3.0,-50.0,0.3138265560305873,0.781
P17,01,segment_0335,free_movement,3.0,265.0,0.3923945174539399,1.954
P17,01,segment_0337,free_movement,6.0,235.0,0.48177191019019666,1.2565
P17,01,segment_0338,carrying,6.0,-50.0,0.42425660136255955,2.086
P17,01,segment_0339,free_movement,2.0,-10.0,0.6151309853483075,1.2265
P17,01,segment_0341,free_movement,2.25,125.0,0.36437963128141304,1.6085
P17,01,segment_0343,free_movement,0.75,10.0,0.7181166243723698,1.371
P17,01,segment_0345,free_movement,1.0,175.0,0.5192437729929443,1.2455
P17,01,segment_0346,carrying,1.0,-50.0,0.30859800024009165,0.8475
P17,01,segment_0347,free_movement,4.25,45.0,0.36376147710292434,1.6295
P17,01,segment_0348,carrying,4.25,350.0,0.4909698191204233,1.201
P17,01,segment_0349,free_movement,1.0,350.0,0.3907292786854019,1.3515
P17,01,segment_0353,free_movement,2.25,155.0,0.4754307597171507,1.1195
P17,01,segment_0355,free_movement,4.25,210.0,0.5355420846663943,1.388
P17,01,segment_0357,free_movement,0.75,-30.0,0.458031017205502,1.3535
P17,01,segment_0359,free_movement,2.0,150.0,0.8430139395533177,0.992
P17,01,segment_0360,carrying,2.0,225.0,0.3582141173627947,0.961
P17,01,segment_0361,free_movement,3.0,285.0,0.5660084440719574,0.932
P17,01,segment_0362,carrying,3.0,300.0,0.6757997403594506,1.034
P17,01,segment_0363,free_movement,1.0,250.0,0.3467411220992556,1.166
P17,01,segment_0365,free_movement,2.25,220.0,0.48146266757446904,1.396
P17,01,segment_0366,carrying,2.25,-50.0,0.4078085219524108,0.7345
P17,01,segment_0367,free_movement,6.0,120.0,0.5217054091274136,1.415
P17,01,segment_0369,free_movement,4.25,35.0,0.37321358827277146,1.549
P17,01,segment_0371,free_movement,0.75,-10.0,0.43873223908020187,1.2535
P17,01,segment_0373,free_movement,2.0,5.0,0.39739262543840626,1.0135
P17,01,segment_0374,carrying,2.0,315.0,0.5162026049789571,1.2285
P17,01,segment_0375,free_movement,3.0,135.0,0.542926830559051,1.1445
P17,01,segment_0377,free_movement,6.0,15.0,0.6256072484188672,1.183
P17,01,segment_0379,free_movement,2.25,340.0,0.37705865715611453,4.054
P17,01,segment_0381,free_movement,2.0,30.0,0.5523482704010505,1.9375
P17,01,segment_0383,free_movement,0.75,5.0,0.6534866154917727,1.2775
P17,01,segment_0385,free_movement,4.25,60.0,0.5167725791323545,1.2905
P17,01,segment_0387,free_movement,3.0,5.0,0.4251907044778265,1.2985
P17,01,segment_0388,carrying,3.0,295.0,0.42201214540195614,0.8525
P17,01,segment_0389,free_movement,1.0,130.0,0.597056603547596,1.1145
P17,01,segment_0390,carrying,1.0,-50.0,0.355399129276262,0.729
P17,01,segment_0391,free_movement,2.0,45.0,0.5969260999735692,1.388
P17,01,segment_0393,free_movement,3.0,330.0,0.3124820884811691,1.2245
P17,01,segment_0395,free_movement,6.0,-10.0,0.7508438902445632,1.277
P17,01,segment_0397,free_movement,2.25,350.0,0.3471551398629019,1.6
P17,01,segment_0399,free_movement,4.25,10.0,0.45431690316050155,1.2225
P17,01,segment_0401,free_movement,0.75,-50.0,0.3352781564649933,1.088
P17,01,segment_0403,free_movement,1.0,-35.0,0.39635442170091395,1.647
P17,01,segment_0404,carrying,1.0,290.0,0.45944819060533226,1.129
P17,01,segment_0407,free_movement,3.0,85.0,0.5448426657451341,1.3025
P17,01,segment_0409,free_movement,2.25,350.0,0.35487841022375094,2.5455
P17,01,segment_0410,carrying,2.25,285.0,0.5715422087139488,1.2165
P17,01,segment_0411,free_movement,4.25,-10.0,0.5863409609900248,1.4485
P17,01,segment_0413,free_movement,6.0,5.0,0.4960415842203218,2.59
P17,01,segment_0415,free_movement,2.0,40.0,0.6282399615398527,1.301
P17,01,segment_0416,carrying,2.0,-40.0,0.36030118310862774,1.2125
P17,01,segment_0417,free_movement,1.0,5.0,0.745828502097915,0.839
P17,01,segment_0418,carrying,1.0,-50.0,0.3441685900019698,0.7385
P17,01,segment_0419,free_movement,2.0,-15.0,0.6253384756817372,0.873
P17,01,segment_0421,free_movement,6.0,70.0,0.5140342948572755,1.0545
P17,01,segment_0423,free_movement,3.0,5.0,0.4941341890898849,1.316
P17,01,segment_0424,carrying,3.0,-15.0,0.49606030785068084,0.719
P17,01,segment_0425,free_movement,0.75,-50.0,0.5399454429935773,1.1375
P17,01,segment_0427,free_movement,1.0,0.0,0.493659176745363,1.1725
P17,01,segment_0428,carrying,1.0,-10.0,0.5653693174302561,0.8415
P17,01,segment_0429,free_movement,4.25,5.0,0.42207224601686605,1.4905
P17,01,segment_0430,carrying,4.25,255.0,0.5125206340055344,1.1215
P17,01,segment_0431,free_movement,2.25,260.0,0.4374655648523268,1.843
P17,01,segment_0433,free_movement,6.0,0.0,0.6545734419523402,1.415
P17,01,segment_0435,free_movement,2.0,140.0,0.575081737840477,0.942
P17,01,segment_0436,carrying,2.0,-50.0,0.301620723961257,1.1135
P17,01,segment_0437,free_movement,4.25,0.0,0.47633416408966633,1.2675
P17,01,segment_0438,carrying,4.25,170.0,0.47573940951931865,0.7405
P17,01,segment_0439,free_movement,3.0,0.0,0.5725359923998768,1.12
P17,01,segment_0440,carrying,3.0,-50.0,0.39863137778202606,0.853
P17,01,segment_0441,free_movement,2.25,345.0,0.342394014675849,2.059
P17,01,segment_0443,free_movement,1.0,285.0,0.41371026417354984,1.1125
P17,01,segment_0445,free_movement,0.75,225.0,0.41588192478934605,1.4065
P17,01,segment_0449,free_movement,4.25,215.0,0.47646227869687047,1.286
P17,01,segment_0451,free_movement,2.0,-10.0,0.579812143767822,1.1935
P17,01,segment_0452,carrying,2.0,215.0,0.33121842450535893,0.9295
P17,01,segment_0453,free_movement,2.25,5.0,0.681326988487698,1.112
P17,01,segment_0455,free_movement,3.0,35.0,0.5031401360057783,1.398
P17,01,segment_0457,free_movement,1.0,75.0,0.3519872863648795,0.952
P17,01,segment_0458,carrying,1.0,-15.0,0.4985186639297843,2.256
P17,01,segment_0459,free_movement,6.0,-40.0,0.4740324830990921,1.319
P17,01,segment_0461,free_movement,4.25,300.0,0.6045967934546584,1.611
P17,01,segment_0463,free_movement,0.75,70.0,0.4163269791698689,1.1795
P17,01,segment_0464,carrying,0.75,250.0,0.5555050225264843,0.73
P17,01,segment_0465,free_movement,3.0,-5.0,0.6172444588509324,1.6585
P17,01,segment_0466,carrying,3.0,170.0,0.5441970813948456,0.7955
P17,01,segment_0467,free_movement,1.0,20.0,0.30946137395210743,3.016
P17,01,segment_0469,free_movement,2.25,290.0,0.307337066311284,1.955
P17,01,segment_0470,carrying,2.25,340.0,0.4736214260636065,1.032
P17,01,segment_0471,free_movement,2.0,70.0,0.48968130089037637,1.088
P17,01,segment_0473,free_movement,6.0,160.0,0.46335159358997835,2.212
P17,01,segment_0474,carrying,6.0,280.0,0.5093876008262258,1.312
P17,01,segment_0475,free_movement,2.25,235.0,0.6986325119752979,1.2905
P17,01,segment_0477,free_movement,3.0,10.0,0.49989594063386084,1.529
P17,01,segment_0479,free_movement,0.75,255.0,0.5075912762540021,1.2135
P17,01,segment_0480,carrying,0.75,350.0,0.4994823956893819,0.9635
P17,01,segment_0481,free_movement,6.0,275.0,0.4825165501128138,1.609
P17,01,segment_0483,free_movement,1.0,295.0,0.40673793230298866,1.213
P17,01,segment_0485,free_movement,2.0,10.0,0.4688563789379994,0.8855
P17,01,segment_0487,free_movement,4.25,190.0,0.4138684675142933,2.115
P17,01,segment_0489,free_movement,2.0,195.0,0.5464096806504228,1.069
P17,01,segment_0491,free_movement,3.0,235.0,0.5515316464443356,0.9905
P17,01,segment_0492,carrying,3.0,230.0,0.32127409702328846,0.7445
P17,01,segment_0493,free_movement,4.25,260.0,0.39032363777847034,1.352
P17,01,segment_0495,free_movement,6.0,-20.0,0.4536357881435983,1.368
P17,01,segment_0497,free_movement,0.75,145.0,0.6107986726863717,1.26
P17,01,segment_0498,free_movement,4.25,115.0,0.5555319819495114,7.2505
P17,01,segment_0500,free_movement,2.25,345.0,0.5086630932917698,1.7555
P17,01,segment_0502,free_movement,6.0,225.0,0.5152406499818132,1.1215
P17,01,segment_0504,free_movement,1.0,75.0,0.44062444444492443,1.017
P17,01,segment_0506,free_movement,2.0,40.0,0.4494647013532755,1.1335
P17,01,segment_0508,free_movement,3.0,10.0,0.6602354508514534,1.0035
P17,01,segment_0509,carrying,3.0,235.0,0.35098880890146633,0.8635
P17,01,segment_0512,free_movement,6.0,15.0,0.48239829714867766,1.328
P17,01,segment_0514,free_movement,0.75,60.0,0.4000244882907607,0.904
P17,01,segment_0515,carrying,0.75,10.0,0.3341613372958769,0.947
P17,01,segment_0516,free_movement,3.0,125.0,0.44397111908170156,1.1695
P17,01,segment_0517,carrying,3.0,-10.0,0.32764064524086556,1.473
P17,01,segment_0518,free_movement,2.25,215.0,0.4813608361691894,1.559
P17,01,segment_0519,carrying,2.25,290.0,0.4687156025455437,1.343
P17,01,segment_0520,free_movement,1.0,-20.0,0.31634272922296763,1.0045
P17,01,segment_0522,free_movement,4.25,235.0,0.37190534743074516,1.6155
P17,01,segment_0524,free_movement,2.0,170.0,0.5039780217005033,1.079
P17,01,segment_0525,carrying,2.0,295.0,0.4847660167683512,0.776
P17,01,segment_0526,free_movement,1.0,20.0,0.6957855574854748,0.9235
P17,01,segment_0527,carrying,1.0,-50.0,0.40779014480555115,0.7375
P17,01,segment_0528,free_movement,2.25,265.0,0.43829694333745944,1.883
P17,01,segment_0529,carrying,2.25,175.0,0.3628171842990305,0.916
P17,01,segment_0530,free_movement,3.0,-10.0,0.6415669043563664,1.22
P17,01,segment_0531,carrying,3.0,-10.0,0.4500923730143235,0.7525
P17,01,segment_0532,free_movement,6.0,-25.0,0.538728929344104,1.744
P17,01,segment_0534,free_movement,2.0,-30.0,0.38836015405436286,1.2115
P17,01,segment_0535,carrying,2.0,-50.0,0.3928988380624892,0.706
P17,01,segment_0536,free_movement,4.25,85.0,0.4877823651077286,1.272
P17,01,segment_0540,free_movement,1.0,350.0,0.46083676838869037,1.1645
P17,01,segment_0542,free_movement,3.0,280.0,0.39775869507891054,1.232
P17,01,segment_0544,free_movement,4.25,70.0,0.3601505235825222,2.9915
P17,01,segment_0546,free_movement,2.0,-5.0,0.58079627757666,1.1275
P17,01,segment_0548,free_movement,0.75,-5.0,0.4671259749044516,0.9475
P17,01,segment_0552,free_movement,6.0,0.0,0.7499565222731744,1.094
P17,01,segment_0554,free_movement,3.0,0.0,0.5853049635857339,1.282
P17,01,segment_0556,free_movement,1.0,275.0,0.5537617020807323,1.1235
P17,01,segment_0558,free_movement,2.0,140.0,0.4603749651780478,0.884
P17,01,segment_0560,free_movement,4.25,-25.0,0.6072376630558085,1.3575
P17,01,segment_0562,free_movement,6.0,-10.0,0.4627410601557838,1.331
P17,01,segment_0563,carrying,6.0,-40.0,0.5252222685838944,0.829
P17,01,segment_0564,free_movement,0.75,-50.0,0.35616314347002315,1.0805
P17,01,segment_0568,free_movement,2.25,120.0,0.39715715616539815,1.3945
P17,01,segment_0570,free_movement,1.0,350.0,0.3225556894402741,1.176
P17,01,segment_0572,free_movement,0.75,330.0,0.5148097335037419,0.866
P17,01,segment_0574,free_movement,6.0,225.0,0.602063128026542,0.976
P17,01,segment_0576,free_movement,2.0,155.0,0.4498700237456719,1.161
P17,01,segment_0578,free_movement,4.25,5.0,0.496444050367362,1.389
P17,01,segment_0580,free_movement,3.0,0.0,0.5601104554283278,1.298
P17,01,segment_0582,free_movement,6.0,60.0,0.5388751717097354,1.0235
P17,01,segment_0583,carrying,6.0,175.0,0.30423663120582634,0.9795
P17,01,segment_0584,free_movement,2.25,250.0,0.39935867722678675,1.732
P17,01,segment_0586,free_movement,1.0,350.0,0.46787683714515343,0.969
P17,01,segment_0588,free_movement,2.0,160.0,0.3959389343043056,1.3205
P17,01,segment_0591,carrying,3.0,-50.0,0.4632672998479839,0.8165
P17,01,segment_0592,free_movement,0.75,85.0,0.5542007046014792,0.9345
P17,01,segment_0594,free_movement,4.25,0.0,0.7035323922695136,0.922
P17,01,segment_0596,free_movement,3.0,0.0,0.7154432044566131,1.0775
P17,01,segment_0600,free_movement,1.0,95.0,0.5195771658604761,0.997
P17,01,segment_0601,carrying,1.0,115.0,0.3277014877830106,0.861
P17,01,segment_0602,free_movement,2.0,-30.0,0.4994168206926439,0.9885
P17,01,segment_0604,free_movement,0.75,225.0,0.304186455739194,0.92
P17,01,segment_0606,free_movement,4.25,30.0,0.485552717299483,1.118
P17,01,segment_0608,free_movement,6.0,5.0,0.6294586414158247,0.823
P17,01,segment_0610,free_movement,3.0,45.0,0.5833119361371729,0.8595
P17,01,segment_0612,free_movement,2.0,140.0,0.589631493094591,1.0555
P17,01,segment_0613,carrying,2.0,235.0,0.38086586128054134,0.8245
P17,01,segment_0614,free_movement,2.25,275.0,0.3529598387187315,1.7545
P17,01,segment_0615,carrying,2.25,-50.0,0.3404296368296636,0.979
P17,01,segment_0616,free_movement,6.0,0.0,0.7392443927988871,1.089
P17,01,segment_0617,carrying,6.0,-35.0,0.34286953247484175,0.9755
P17,01,segment_0618,free_movement,1.0,160.0,0.589561101764484,1.126
P17,01,segment_0619,carrying,1.0,-50.0,0.30158760366848403,1.494
P17,01,segment_0620,free_movement,0.75,115.0,0.5574625398309903,0.7845
P17,01,segment_0621,carrying,0.75,15.0,0.3914789370044076,1.005
P17,01,segment_0622,free_movement,4.25,305.0,0.565496177381409,1.3755
P17,01,segment_0624,free_movement,2.25,310.0,0.5193779521005583,1.5785
P17,01,segment_0625,carrying,2.25,240.0,0.49600233437526386,0.791
P17,01,segment_0626,free_movement,3.0,70.0,0.4818392830680469,0.9
P17,01,segment_0628,free_movement,2.0,220.0,0.43740339572919035,1.0185
P17,01,segment_0630,free_movement,1.0,200.0,0.5098536173734942,0.8715
P17,01,segment_0631,carrying,1.0,-10.0,0.3988517792417474,0.7425
P17,01,segment_0632,free_movement,6.0,5.0,0.6517977712760398,1.319
P17,01,segment_0634,free_movement,4.25,345.0,0.5016230643346179,1.385
P17,01,segment_0637,carrying,0.75,300.0,0.6307125279263667,1.006
P17,01,segment_0638,free_movement,0.75,55.0,0.48571586677157463,1.0885
P17,01,segment_0641,carrying,2.0,260.0,0.47371259365454715,0.813
P17,01,segment_0643,carrying,2.25,200.0,0.45821834473337764,0.887
P17,01,segment_0644,free_movement,4.25,-10.0,0.42358407433082684,1.1505
P17,01,segment_0646,free_movement,1.0,100.0,0.6229993798675155,0.985
P17,01,segment_0647,carrying,1.0,260.0,0.3063241948176064,0.716
P17,01,segment_0648,free_movement,6.0,95.0,0.5539658044928426,1.015
P17,01,segment_0651,carrying,3.0,260.0,0.30694287045952445,0.741
P17,01,segment_0652,free_movement,0.75,135.0,0.4758053671236863,1.0005
P17,01,segment_0654,free_movement,6.0,0.0,0.4254994894739346,1.879
P17,01,segment_0655,carrying,6.0,-50.0,0.37146325951751674,1.1225
P17,01,segment_0656,free_movement,2.25,40.0,0.44942871146777674,1.4165
P17,01,segment_0658,free_movement,4.25,-35.0,0.44762908823210096,1.2985
P17,01,segment_0660,free_movement,1.0,5.0,0.6898235887998371,1.074
P17,01,segment_0661,carrying,1.0,230.0,0.47951220895539126,0.8395
P17,01,segment_0662,free_movement,2.0,275.0,0.42750096393148057,1.1955
P17,01,segment_0663,carrying,2.0,-45.0,0.5194108003086872,1.2635
P17,01,segment_0664,free_movement,3.0,295.0,0.5702995115684204,1.002
P17,01,segment_0666,free_movement,6.0,-15.0,0.6350572069145444,1.2475
P17,01,segment_0667,carrying,6.0,255.0,0.3068764508490191,0.9955
P17,01,segment_0668,free_movement,2.0,30.0,0.7084888707885444,1.234
P17,01,segment_0669,carrying,2.0,-50.0,0.33546558995931985,0.9
P17,01,segment_0670,free_movement,1.0,305.0,0.665631565267519,1.174
P17,01,segment_0671,carrying,1.0,45.0,0.43566083728303695,1.562
P17,01,segment_0672,free_movement,4.25,-5.0,0.6007935632572813,1.2825
P17,01,segment_0674,free_movement,2.25,150.0,0.4089519014731667,2.279
P17,01,segment_0675,carrying,2.25,-50.0,0.39341757352657586,1.1525
P17,01,segment_0678,free_movement,0.75,95.0,0.5167204925712948,1.0305
P17,01,segment_0679,carrying,0.75,-35.0,0.4500356619754263,0.842
P17,01,segment_0680,free_movement,2.0,155.0,0.48624004485871236,1.195
P17,01,segment_0681,carrying,2.0,325.0,0.3947166739410853,0.9565
P17,01,segment_0682,free_movement,1.0,45.0,0.44600267295620566,0.928
P17,01,segment_0684,free_movement,4.25,135.0,0.4543571448623677,1.3525
P17,01,segment_0687,carrying,0.75,275.0,0.5022455559973972,0.912
P17,01,segment_0688,free_movement,3.0,160.0,0.47643148526179696,1.12
P17,01,segment_0690,free_movement,2.25,160.0,0.46545291934200267,1.1995
P17,01,segment_0692,free_movement,6.0,0.0,0.7683855075305527,1.184
P17,01,segment_0693,carrying,6.0,-35.0,0.5203439869176485,1.1215
P17,01,segment_0694,free_movement,2.25,205.0,0.6092678552162477,1.4725
P17,01,segment_0698,free_movement,0.75,100.0,0.4262659922195717,1.1595
P17,01,segment_0699,carrying,0.75,20.0,0.6508212422194627,0.736
P17,01,segment_0700,free_movement,6.0,140.0,0.5819687708017667,1.606
P17,01,segment_0701,carrying,6.0,265.0,0.44050401421107244,1.078
P17,01,segment_0702,free_movement,2.0,-5.0,0.8019864246878308,1.096
P17,01,segment_0704,free_movement,1.0,340.0,0.47357524062399003,1.1415
P17,01,segment_0706,free_movement,4.25,30.0,0.5100083873943884,1.565
P17,01,segment_0707,carrying,4.25,95.0,0.4165522286102938,0.9765
P17,01,segment_0708,free_movement,4.25,0.0,0.6681593144484319,1.7
P17,01,segment_0709,carrying,4.25,-50.0,0.3936882311871783,0.7
P17,01,segment_0710,free_movement,2.25,245.0,0.37059864593222297,1.965
P17,01,segment_0712,free_movement,6.0,10.0,0.6256245169179631,1.3255
P17,01,segment_0714,free_movement,3.0,0.0,0.48813049289279065,1.284
P17,01,segment_0716,free_movement,2.0,-25.0,0.4658501320827912,0.8805
P17,01,segment_0717,carrying,2.0,-30.0,0.7316561762382934,0.7095
P17,01,segment_0718,free_movement,1.0,15.0,0.8410581252205444,1.025
P17,01,segment_0720,free_movement,0.75,175.0,0.7166949684690992,0.851
P17,01,segment_0722,free_movement,2.0,115.0,0.5532163442319205,1.208
P17,01,segment_0723,carrying,2.0,-40.0,0.5663661201869096,0.816
P17,01,segment_0724,free_movement,0.75,-20.0,0.45429992868121316,1.0615
P17,01,segment_0726,free_movement,3.0,5.0,0.5817769256687054,1.151
P17,01,segment_0727,carrying,3.0,255.0,0.3156451990633984,1.1595
P17,01,segment_0728,free_movement,2.25,-5.0,0.45843350788872,1.0405
P17,01,segment_0729,carrying,2.25,315.0,0.41456901159655823,1.849
P17,01,segment_0730,free_movement,6.0,175.0,0.521043937576029,1.0305
P17,01,segment_0732,free_movement,4.25,250.0,0.4492102113392594,1.536
P17,01,segment_0734,free_movement,1.0,25.0,0.5342849942304317,1.3675
P17,01,segment_0736,free_movement,1.0,10.0,0.6332409584788736,1.0475
P17,01,segment_0738,free_movement,6.0,25.0,0.3191894619778758,1.679
P17,01,segment_0740,free_movement,2.0,5.0,0.43155189148114625,1.489
P17,01,segment_0741,carrying,2.0,-30.0,0.5686722624863927,0.8325
P17,01,segment_0742,free_movement,0.75,-10.0,0.6200913940044902,0.813
P17,01,segment_0743,carrying,0.75,345.0,0.528230853681963,1.002
P17,01,segment_0744,free_movement,4.25,130.0,0.6455938173531665,1.4005
P17,01,segment_0745,carrying,4.25,250.0,0.6080113766524028,1.1925
P17,01,segment_0746,free_movement,3.0,50.0,0.7542727717788542,1.343
P17,01,segment_0750,free_movement,1.0,195.0,0.3457625246816101,1.0455
P17,01,segment_0751,carrying,1.0,190.0,0.37051281392557867,0.863
P17,01,segment_0752,free_movement,2.0,110.0,0.6011179666491212,1.074
P17,01,segment_0754,free_movement,4.25,0.0,0.49329603815355383,1.6085
P17,01,segment_0755,carrying,4.25,-50.0,0.48098063282663245,1.16
P17,01,segment_0756,free_movement,6.0,40.0,0.5466890100577984,1.6235
P17,01,segment_0758,free_movement,0.75,180.0,0.48079959713778275,1.1675
P17,01,segment_0760,free_movement,3.0,70.0,0.5187825477275458,1.429
P17,01,segment_0763,carrying,2.25,165.0,0.5002405203147757,0.844
P17,01,segment_0764,free_movement,3.0,10.0,0.4993174939432164,1.2325
P17,01,segment_0766,free_movement,6.0,330.0,0.7247485627581886,1.527
P17,01,segment_0768,free_movement,1.0,185.0,0.37063779536275676,1.364
P17,01,segment_0770,free_movement,4.25,15.0,0.4768809292015325,2.0685
P17,01,segment_0771,carrying,4.25,70.0,0.40610889948022916,0.8375
P17,01,segment_0772,free_movement,2.25,215.0,0.4252204223734756,1.699
P17,01,segment_0773,carrying,2.25,20.0,0.3922297782998598,0.874
P17,01,segment_0774,free_movement,0.75,55.0,0.44626167325205846,1.176
P17,01,segment_0776,free_movement,2.0,65.0,0.5054210954461815,0.979
P17,01,segment_0777,carrying,2.0,350.0,0.3559211505297039,1.12
P17,01,segment_0778,free_movement,2.0,140.0,0.4507404247302378,1.6055
P17,01,segment_0780,free_movement,3.0,65.0,0.38265494354968843,0.816
P17,01,segment_0782,free_movement,6.0,-20.0,0.5323251878718315,1.0495
P17,01,segment_0784,free_movement,1.0,70.0,0.5211111872869375,0.8725
P17,01,segment_0785,carrying,1.0,210.0,0.36580852022149063,0.79
P17,01,segment_0786,free_movement,0.75,15.0,0.3506408614028217,1.0955
P17,01,segment_0787,carrying,0.75,70.0,0.4813938265537348,1.4245
P17,01,segment_0788,free_movement,4.25,15.0,0.45265852810267476,1.286
P17,01,segment_0790,free_movement,2.25,235.0,0.4235545055289539,1.9115
P17,01,segment_0792,free_movement,2.25,115.0,0.5484443920125477,1.126
P17,01,segment_0794,free_movement,6.0,70.0,0.5126795272691382,1.3195
P17,01,segment_0796,free_movement,1.0,215.0,0.42234368101445074,1.214
P17,01,segment_0798,free_movement,4.25,335.0,0.3920284501187582,1.6795
P17,01,segment_0800,free_movement,2.0,5.0,0.5801300715173809,1.338
P17,01,segment_0802,free_movement,0.75,160.0,0.4365949940461129,1.1925
P17,01,segment_0806,free_movement,1.0,135.0,0.49727327293338314,1.442
P17,01,segment_0807,carrying,1.0,35.0,0.4766030838842756,0.8655
P17,01,segment_0808,free_movement,2.0,15.0,0.42323288907338935,1.117
P17,01,segment_0810,free_movement,2.25,350.0,0.46464447314537044,2.008
P17,01,segment_0811,carrying,2.25,-50.0,0.38857326113817015,1.0845
P17,01,segment_0812,free_movement,0.75,10.0,0.6166107638385719,1.6035
P17,01,segment_0814,free_movement,4.25,5.0,0.532024159959892,1.386
P17,01,segment_0815,carrying,4.25,315.0,0.5141548402168611,1.055
P17,01,segment_0816,free_movement,6.0,105.0,0.4225906713124039,1.2915
P17,01,segment_0817,carrying,6.0,-50.0,0.4007142948274237,0.739
P17,01,segment_0818,free_movement,3.0,0.0,0.7185431891414598,1.2135
P17,01,segment_0819,carrying,3.0,265.0,0.3227310258323782,0.8805
P17,01,segment_0820,free_movement,3.0,70.0,0.5002107698007725,1.299
P17,01,segment_0821,carrying,3.0,230.0,0.3055068622229163,2.3665
P17,01,segment_0822,free_movement,0.75,75.0,0.494583115381786,0.926
P17,01,segment_0823,carrying,0.75,-50.0,0.3858497885269844,0.88
P17,01,segment_0824,free_movement,2.0,135.0,0.6596010651300224,1.3525
P17,01,segment_0826,free_movement,1.0,-5.0,0.4765554993936659,1.2825
P17,01,segment_0828,free_movement,4.25,5.0,0.5269856827145819,1.51
P17,01,segment_0830,free_movement,2.25,255.0,0.38331223661731645,1.82
P17,01,segment_0831,carrying,2.25,-50.0,0.3825157101838312,1.279
P17,01,segment_0832,free_movement,6.0,10.0,0.4912333471125559,1.084
P17,01,segment_0834,free_movement,2.25,115.0,0.4093721743737908,1.6795
P17,01,segment_0836,free_movement,4.25,40.0,0.5658565751067242,1.6525
P17,01,segment_0838,free_movement,2.0,165.0,0.5670000864415354,1.247
P17,01,segment_0839,carrying,2.0,-50.0,0.3325567681034626,1.1415
P17,01,segment_0840,free_movement,3.0,5.0,0.36071526751474464,1.65
P17,01,segment_0841,carrying,3.0,250.0,0.37989497623063356,1.0535
P17,01,segment_0842,free_movement,0.75,0.0,0.8726048966405191,1.505
P17,01,segment_0844,free_movement,1.0,75.0,0.5167844277135474,1.254
P17,01,segment_0846,free_movement,6.0,10.0,0.6167201097026596,1.337
P17,01,segment_0848,free_movement,2.25,225.0,0.3508589824926501,2.144
P17,01,segment_0849,carrying,2.25,105.0,0.31512291670363013,0.725
P17,01,segment_0850,free_movement,6.0,5.0,0.6094485569318583,1.596
P17,01,segment_0851,carrying,6.0,275.0,0.32205619824597154,1.1345
P17,01,segment_0852,free_movement,0.75,10.0,0.44988282531499824,1.2435
P17,01,segment_0853,carrying,0.75,-25.0,0.49031385108485204,1.1735
P17,01,segment_0854,free_movement,4.25,130.0,0.45303249145416974,1.5575
P17,01,segment_0856,free_movement,1.0,350.0,0.525149823878489,1.0605
P17,01,segment_0857,carrying,1.0,-25.0,0.5587798498032021,1.2475
P17,01,segment_0858,free_movement,3.0,75.0,0.3744665670777307,1.6365
P17,01,segment_0860,free_movement,2.0,5.0,0.8284994113187004,1.2485
P17,01,segment_0861,carrying,2.0,350.0,0.4578729484364333,1.229
P17,01,segment_0862,free_movement,6.0,5.0,0.49225710559795544,1.2055
P17,01,segment_0863,carrying,6.0,295.0,0.3222174811752259,0.8715
P17,01,segment_0864,free_movement,4.25,0.0,0.5819831955202365,1.632
P17,01,segment_0866,free_movement,3.0,5.0,0.7005662905046177,1.329
P17,01,segment_0867,carrying,3.0,350.0,0.4038648757587643,0.962
P17,01,segment_0868,free_movement,2.0,115.0,0.6609506577756012,1.112
P17,01,segment_0869,carrying,2.0,-50.0,0.477108065983016,0.9575
P17,01,segment_0870,free_movement,0.75,5.0,0.5881104776204091,1.08
P17,01,segment_0871,carrying,0.75,290.0,0.3488393219920372,0.8245
P17,01,segment_0872,free_movement,2.25,305.0,0.6815261287902116,1.7525
P17,01,segment_0874,free_movement,1.0,85.0,0.40233613324905537,1.6985
P17,01,segment_0875,carrying,1.0,-50.0,0.5090887467259518,0.8565
P17,01,segment_0876,free_movement,1.0,25.0,0.5450404646643305,0.91
P17,01,segment_0878,free_movement,4.25,0.0,0.4828454535298454,1.6005
P17,01,segment_0879,carrying,4.25,-50.0,0.319197177936407,1.0725
P17,01,segment_0880,free_movement,0.75,40.0,0.6111289690227052,1.386
P17,01,segment_0882,free_movement,2.0,60.0,0.6087609938624576,1.379
P17,01,segment_0883,carrying,2.0,350.0,0.4952614970729303,0.9965
P17,01,segment_0886,free_movement,6.0,10.0,0.4732889910156987,1.2125
P17,01,segment_0888,free_movement,3.0,0.0,0.5415688903253714,1.3775
P17,01,segment_0889,carrying,3.0,350.0,0.35372911920071604,0.918
P17,01,segment_0892,free_movement,2.25,140.0,0.3906989722952119,1.2045
P17,01,segment_0893,carrying,2.25,325.0,0.382994543422133,0.893
P17,01,segment_0894,free_movement,0.75,0.0,0.4035450197638323,1.1625
P17,01,segment_0895,carrying,0.75,215.0,0.3585763834702962,1.0245
P17,01,segment_0896,free_movement,3.0,45.0,0.5010306047730104,1.0385
P17,01,segment_0898,free_movement,2.0,250.0,0.472674868866733,1.46
P17,01,segment_0900,free_movement,6.0,195.0,0.39227287667132715,1.0525
P17,01,segment_0901,carrying,6.0,-50.0,0.4351860477739163,0.7435
P17,01,segment_0902,free_movement,1.0,65.0,0.5841616045399843,1.342
P17,01,segment_0903,carrying,1.0,-35.0,0.3917051274828609,1.016
P17,01,segment_0904,free_movement,3.0,10.0,0.46070876360812335,1.1975
P17,01,segment_0906,free_movement,0.75,100.0,0.37103877961745035,1.374
P17,01,segment_0908,free_movement,4.25,-50.0,0.5432943912117144,1.4925
P17,01,segment_0910,free_movement,6.0,0.0,0.6990262687755957,1.2035
P17,01,segment_0912,free_movement,1.0,65.0,0.551485734848765,1.525
P17,01,segment_0914,free_movement,2.0,335.0,0.6095834307380517,1.2735
P17,01,segment_0915,carrying,2.0,-25.0,0.3121479899552714,1.0365
P17,01,segment_0916,free_movement,2.25,205.0,0.4820376208514031,2.0615
P17,01,segment_0918,free_movement,0.75,300.0,0.4699636376633463,1.292
P17,01,segment_0920,free_movement,2.25,175.0,0.5344619778640032,1.6045
P17,01,segment_0921,carrying,2.25,175.0,0.33478670459687937,0.83
P17,01,segment_0922,free_movement,4.25,-5.0,0.5541626925803855,1.237
P17,01,segment_0926,free_movement,1.0,85.0,0.6242419504405262,1.274
P17,01,segment_0928,free_movement,2.0,270.0,0.5496927421900494,1.1025
P17,01,segment_0929,carrying,2.0,-50.0,0.4223990133845434,1.0035
P17,01,segment_0930,free_movement,6.0,185.0,0.7021480648625937,0.8695
P17,01,segment_0931,carrying,6.0,305.0,0.35118220893272634,0.9635
P17,01,segment_0932,free_movement,0.75,-15.0,0.5257976433527906,0.8295
P17,01,segment_0933,carrying,0.75,255.0,0.3695769340107418,1.125
P17,01,segment_0934,free_movement,2.0,110.0,0.42726974843837556,1.081
P17,01,segment_0935,carrying,2.0,225.0,0.47432582966517195,0.71
P17,01,segment_0936,free_movement,1.0,0.0,0.6813199518757478,0.9995
P17,01,segment_0937,carrying,1.0,30.0,0.42687178993931296,0.9245
P17,01,segment_0938,free_movement,6.0,305.0,0.3561470931891495,1.3485
P17,01,segment_0940,free_movement,3.0,0.0,0.5229870568879331,2.9585
P17,01,segment_0941,carrying,3.0,345.0,0.36092075849470606,1.0905
P17,01,segment_0942,free_movement,2.25,180.0,0.5315097687282393,1.5695
P17,01,segment_0943,carrying,2.25,255.0,0.30120699641540843,0.7205
P17,01,segment_0944,free_movement,4.25,115.0,0.34183946099460244,1.298
P17,01,segment_0945,carrying,4.25,285.0,0.40782598004835247,1.163
P17,01,segment_0946,free_movement,2.25,290.0,0.46403019519929845,1.799
P17,01,segment_0948,free_movement,0.75,115.0,0.5644285181994797,1.116
P17,01,segment_0949,carrying,0.75,310.0,0.428686373830884,0.7555
P17,01,segment_0950,free_movement,2.0,15.0,0.5568411358576223,1.12
P17,01,segment_0951,carrying,2.0,265.0,0.46948085705732756,0.7305
P17,01,segment_0952,free_movement,4.25,10.0,0.4612359693073859,1.396
P17,01,segment_0954,free_movement,1.0,10.0,0.5892917847014473,1.1225
P17,01,segment_0956,free_movement,3.0,85.0,0.6482914456338433,0.93
P17,01,segment_0957,carrying,3.0,-50.0,0.37718300959043166,0.9715
P17,01,segment_0958,free_movement,6.0,-10.0,0.6188521914338164,1.1645
P17,01,segment_0962,free_movement,0.75,350.0,0.5894483890860108,1.198
P17,01,segment_0964,free_movement,6.0,5.0,0.6504855581946014,1.5215
P17,01,segment_0966,free_movement,4.25,0.0,0.5244783842485184,1.5145
P17,01,segment_0967,carrying,4.25,350.0,0.5412927521816403,1.3255
P17,01,segment_0968,free_movement,3.0,260.0,0.6784034192387021,1.0555
P17,01,segment_0969,carrying,3.0,320.0,0.3768984840113288,1.06
P17,01,segment_0970,free_movement,2.25,350.0,0.4775084019461892,1.553
P17,01,segment_0972,free_movement,2.0,10.0,0.34866947285989164,1.404
P17,01,segment_0974,free_movement,0.75,175.0,0.40308614844898344,1.033
P17,01,segment_0975,carrying,0.75,300.0,0.47689354772868275,0.912
P17,01,segment_0976,free_movement,3.0,10.0,0.42345070309003197,2.392
P17,01,segment_0978,free_movement,6.0,230.0,0.4063313077799205,1.534
P17,01,segment_0980,free_movement,4.25,115.0,0.45404180044120257,2.038
P17,01,segment_0982,free_movement,2.25,220.0,0.670808097843328,1.2965
P17,01,segment_0983,carrying,2.25,-50.0,0.4935587588167024,0.8415
P17,01,segment_0984,free_movement,2.0,195.0,0.5564107919783217,1.035
P17,01,segment_0985,carrying,2.0,-25.0,0.37760423468303317,0.7555
P17,01,segment_0986,free_movement,1.0,240.0,0.45330668212656705,1.4465
P17,01,segment_0987,carrying,1.0,-25.0,0.34142814456740656,1.1505
P17,01,segment_0988,free_movement,6.0,0.0,0.45028061121481094,1.273
P17,01,segment_0990,free_movement,2.25,210.0,0.5402237698244624,1.5155
P17,01,segment_0992,free_movement,1.0,5.0,0.5230223297043757,0.876
P17,01,segment_0993,carrying,1.0,340.0,0.6116341095427421,1.0645
P17,01,segment_0994,free_movement,2.0,110.0,0.588885110654444,0.992
P17,01,segment_0996,free_movement,4.25,0.0,0.4046844596180862,1.373
P18,01,segment_0000,free_movement,2.0,10.0,0.6236950809277262,18.046
P18,01,segment_0002,free_movement,1.0,0.0,0.570705238373359,2.379
P18,01,segment_0004,free_movement,3.0,0.0,0.6434545706917287,4.063
P18,01,segment_0005,carrying,3.0,-50.0,0.42704256123445905,1.123
P18,01,segment_0006,free_movement,4.25,45.0,0.360805679748142,4.3755
P18,01,segment_0007,carrying,4.25,340.0,0.4877317235127167,2.3705
P18,01,segment_0010,free_movement,0.75,165.0,0.6172360077076791,1.497
P18,01,segment_0012,free_movement,6.0,0.0,0.5396346023554093,2.2835
P18,01,segment_0014,free_movement,3.0,0.0,0.591866476121851,2.504
P18,01,segment_0016,free_movement,1.0,-5.0,0.6238757137811132,3.112
P18,01,segment_0018,free_movement,2.0,0.0,0.6767315737236743,2.19
P18,01,segment_0020,free_movement,0.75,0.0,0.7078602860008921,2.8755
P18,01,segment_0022,free_movement,2.25,295.0,0.44191296736828944,2.8985
P18,01,segment_0024,free_movement,4.25,15.0,0.5571411062182333,3.3135
P18,01,segment_0026,free_movement,6.0,0.0,0.7398480262601971,3.162
P18,01,segment_0027,carrying,6.0,-50.0,0.6195053882854523,1.9585
P18,01,segment_0028,free_movement,1.0,235.0,0.5921038010251011,1.9025
P18,01,segment_0030,free_movement,4.25,55.0,0.4940134250260684,3.3005
P18,01,segment_0032,free_movement,3.0,195.0,0.3048367637091331,2.428
P18,01,segment_0033,carrying,3.0,-30.0,0.4363983104042021,1.1215
P18,01,segment_0034,free_movement,0.75,-30.0,0.4250093938375371,2.87
P18,01,segment_0035,carrying,0.75,-50.0,0.3647432316530846,6.8175
P18,01,segment_0036,free_movement,2.25,-10.0,0.49572634067226584,3.8315
P18,01,segment_0038,free_movement,6.0,110.0,0.47587748389834766,2.702
P18,01,segment_0040,free_movement,2.0,40.0,0.681934296537821,1.9255
P18,01,segment_0041,carrying,2.0,-50.0,0.3257727752316681,1.2195
P18,01,segment_0042,free_movement,6.0,-50.0,0.3176107648820735,4.5685
P18,01,segment_0043,carrying,6.0,315.0,0.40155865193683604,1.272
P18,01,segment_0044,free_movement,2.0,0.0,0.4701717406260831,3.939
P18,01,segment_0048,free_movement,0.75,-5.0,0.6155839395036157,2.3745
P18,01,segment_0050,free_movement,1.0,-5.0,0.4577021155841149,1.8305
P18,01,segment_0052,free_movement,2.25,235.0,0.49371930074912185,2.9235
P18,01,segment_0054,free_movement,3.0,0.0,0.3768165698741402,2.408
P18,01,segment_0056,free_movement,0.75,240.0,0.4147935901033872,2.103
P18,01,segment_0057,carrying,0.75,-50.0,0.3133416206275216,6.257
P18,01,segment_0058,free_movement,1.0,350.0,0.4043713158505592,2.2115
P18,01,segment_0059,carrying,1.0,105.0,0.366135977386871,1.261
P18,01,segment_0060,free_movement,3.0,-5.0,0.5004749304152959,1.7235
P18,01,segment_0062,free_movement,2.0,5.0,0.6453986943454428,2.0315
P18,01,segment_0064,free_movement,4.25,5.0,0.359418314732294,2.4855
P18,01,segment_0065,carrying,4.25,-50.0,0.3143278557816319,1.3625
P18,01,segment_0066,free_movement,2.25,-5.0,0.4135130233835657,3.465
P18,01,segment_0067,carrying,2.25,-50.0,0.3096586151349554,7.48
P18,01,segment_0068,free_movement,6.0,125.0,0.3915084595472757,3.0245
P18,01,segment_0070,free_movement,2.0,-30.0,0.7142949721039502,2.1865
P18,01,segment_0072,free_movement,3.0,-10.0,0.5147240771886888,2.45
P18,01,segment_0074,free_movement,1.0,10.0,0.6739029347377169,2.382
P18,01,segment_0076,free_movement,4.25,5.0,0.37352757506097733,54.79
P18,01,segment_0080,free_movement,0.75,-10.0,0.4452202311063924,1.566
P18,01,segment_0082,free_movement,6.0,-5.0,0.5066668922510179,2.0505
P18,01,segment_0084,free_movement,0.75,-50.0,0.45743400346783686,2.102
P18,01,segment_0086,free_movement,3.0,150.0,0.5484617973258441,1.9235
P18,01,segment_0088,free_movement,2.0,0.0,0.5125646082322868,1.9735
P18,01,segment_0089,carrying,2.0,-30.0,0.4267990001668197,1.022
P18,01,segment_0090,free_movement,4.25,15.0,0.5397447883983937,2.0205
P18,01,segment_0092,free_movement,2.25,0.0,0.3172114560686904,4.085
P18,01,segment_0094,free_movement,1.0,160.0,0.4025499902792412,1.782
P18,01,segment_0096,free_movement,6.0,35.0,0.6623054319438907,2.325
P18,01,segment_0098,free_movement,2.0,-5.0,0.6472570142692331,1.8725
P18,01,segment_0100,free_movement,0.75,5.0,0.6419906108648477,1.66
P18,01,segment_0101,carrying,0.75,-50.0,0.43201215750451155,0.917
P18,01,segment_0102,free_movement,4.25,10.0,0.4548941136186245,2.021
P18,01,segment_0104,free_movement,3.0,-10.0,0.6242308930201352,2.317
P18,01,segment_0108,free_movement,6.0,110.0,0.5303520298991604,2.2605
P18,01,segment_0110,free_movement,1.0,-5.0,0.5229664806883229,2.0805
P18,01,segment_0111,carrying,1.0,-50.0,0.3406043075082053,1.505
P18,01,segment_0112,free_movement,2.0,185.0,0.5118946983715129,1.1255
P18,01,segment_0114,free_movement,0.75,0.0,0.7469216061585181,3.2115
P18,01,segment_0115,carrying,0.75,285.0,0.3986901854237898,0.806
P18,01,segment_0116,free_movement,6.0,0.0,0.5301691759922055,1.822
P18,01,segment_0118,free_movement,4.25,0.0,0.4723149774620678,1.9345
P18,01,segment_0120,free_movement,1.0,-10.0,0.5149044116393203,1.9635
P18,01,segment_0121,carrying,1.0,195.0,0.32276359230129753,1.367
P18,01,segment_0122,free_movement,2.25,320.0,0.3841305254282038,2.939
P18,01,segment_0124,free_movement,3.0,350.0,0.5278732443550717,1.4355
P18,01,segment_0125,carrying,3.0,350.0,0.3197229308311934,1.117
P18,01,segment_0126,free_movement,2.25,0.0,0.4922681078626208,4.472
P18,01,segment_0129,carrying,1.0,125.0,0.3039903175590169,1.0875
P18,01,segment_0130,free_movement,2.0,5.0,0.5336844058401318,2.306
P18,01,segment_0132,free_movement,0.75,-10.0,0.5376066383597937,2.2875
P18,01,segment_0134,free_movement,3.0,5.0,0.5220789943096174,2.3505
P18,01,segment_0135,carrying,3.0,-30.0,0.5459262203953874,1.291
P18,01,segment_0136,free_movement,4.25,5.0,0.6391963051166428,3.9705
P18,01,segment_0138,free_movement,6.0,45.0,0.38409070664494077,2.5895
P18,01,segment_0140,free_movement,3.0,0.0,0.7665051672475135,2.6665
P18,01,segment_0142,free_movement,2.0,-10.0,0.7655955578092546,2.039
P18,01,segment_0143,carrying,2.0,-15.0,0.40225180521272774,1.0185
P18,01,segment_0146,free_movement,1.0,30.0,0.5460830491989083,3.0175
P18,01,segment_0148,free_movement,6.0,15.0,0.40411526834847455,3.0405
P18,01,segment_0150,free_movement,4.25,0.0,0.4429711252710872,2.065
P18,01,segment_0151,carrying,4.25,350.0,0.3548125304247071,1.1975
P18,01,segment_0152,free_movement,0.75,-10.0,0.6386477856869786,1.732
P18,01,segment_0153,carrying,0.75,290.0,0.6603904132720417,0.761
P18,01,segment_0154,free_movement,2.0,350.0,0.5386724090788495,2.37
P18,01,segment_0156,free_movement,4.25,10.0,0.528838594518151,1.917
P18,01,segment_0158,free_movement,3.0,10.0,0.5466752682418462,2.152
P18,01,segment_0160,free_movement,1.0,-10.0,0.35145073983728636,2.6745
P18,01,segment_0162,free_movement,2.25,5.0,0.41815002270008245,3.838
P18,01,segment_0164,free_movement,0.75,-15.0,0.617226836254588,2.2305
P18,01,segment_0166,free_movement,6.0,5.0,0.47844833657582525,2.7905
P18,01,segment_0168,free_movement,3.0,0.0,0.6635513767707832,2.512
P18,01,segment_0170,free_movement,2.0,0.0,0.7079221592479559,2.3035
P18,01,segment_0172,free_movement,0.75,5.0,0.730731800020351,1.7905
P18,01,segment_0173,carrying,0.75,45.0,0.33109193496431394,1.3625
P18,01,segment_0174,free_movement,1.0,215.0,0.3358738832275633,2.6225
P18,01,segment_0176,free_movement,4.25,-5.0,0.7494702729435112,1.611
P18,01,segment_0178,free_movement,2.25,265.0,0.5917473224946809,1.44
P18,01,segment_0180,free_movement,6.0,-10.0,0.7423016207476145,1.3115
P18,01,segment_0182,free_movement,2.0,-20.0,0.47055102760567835,1.929
P18,01,segment_0183,carrying,2.0,-50.0,0.4445284271298268,0.744
P18,01,segment_0184,free_movement,4.25,280.0,0.6229565664265317,1.429
P18,01,segment_0186,free_movement,6.0,10.0,0.522948642659222,1.4985
P18,01,segment_0188,free_movement,3.0,195.0,0.5530076806659706,1.677
P18,01,segment_0190,free_movement,1.0,-10.0,0.49317055590262826,1.442
P18,01,segment_0191,carrying,1.0,300.0,0.3470443195617597,1.004
P18,01,segment_0192,free_movement,2.25,265.0,0.324862745064137,1.6495
P18,01,segment_0194,free_movement,0.75,-15.0,0.4498341257195787,1.152
P18,01,segment_0195,carrying,0.75,270.0,0.44162682216362026,0.965
P18,01,segment_0196,free_movement,1.0,-20.0,0.5243312991321192,1.488
P18,01,segment_0198,free_movement,2.25,220.0,0.3580814186567625,1.937
P18,01,segment_0200,free_movement,0.75,10.0,0.47582425672505413,1.4285
P18,01,segment_0202,free_movement,4.25,0.0,0.5812573278076647,1.7465
P18,01,segment_0203,carrying,4.25,-50.0,0.3787784763792634,0.847
P18,01,segment_0204,free_movement,6.0,25.0,0.43009068764499736,1.256
P18,01,segment_0206,free_movement,3.0,-10.0,0.3430716251061151,2.1775
P18,01,segment_0207,carrying,3.0,325.0,0.45264469264703117,1.1665
P18,01,segment_0208,free_movement,2.0,-30.0,0.5861006597403338,1.7575
P18,01,segment_0209,carrying,2.0,35.0,0.43703309381679556,0.846
P18,01,segment_0210,free_movement,2.25,180.0,0.4360180161097498,2.1675
P18,01,segment_0211,carrying,2.25,300.0,0.6003829159757237,1.233
P18,01,segment_0212,free_movement,2.0,0.0,0.6056614097748324,1.7895
P18,01,segment_0213,carrying,2.0,-10.0,0.36060079529251754,1.1495
P18,01,segment_0214,free_movement,6.0,-5.0,0.620921444094952,1.6765
P18,01,segment_0216,free_movement,3.0,130.0,0.3423923771148776,1.5065
P18,01,segment_0218,free_movement,0.75,305.0,0.5430405556399074,1.627
P18,01,segment_0219,carrying,0.75,-45.0,0.3634074495259361,1.1715
P18,01,segment_0222,free_movement,4.25,5.0,0.4545688904728366,1.763
P18,01,segment_0223,carrying,4.25,-50.0,0.42841658660720416,0.9145
P18,01,segment_0226,free_movement,0.75,-10.0,0.3657974098532584,2.4835
P18,01,segment_0227,carrying,0.75,275.0,0.59741499103455,1.181
P18,01,segment_0228,free_movement,2.0,140.0,0.4218787392217757,1.36
P18,01,segment_0230,free_movement,3.0,-5.0,0.3307148431180541,1.552
P18,01,segment_0232,free_movement,1.0,225.0,0.4903882497829327,1.406
P18,01,segment_0233,carrying,1.0,115.0,0.44930849013485147,1.0705
P18,01,segment_0234,free_movement,4.25,0.0,0.43786804897569354,2.382
P18,01,segment_0236,free_movement,6.0,5.0,0.6619046501586755,1.5425
P18,01,segment_0238,free_movement,2.0,325.0,0.4242146779205909,1.903
P18,01,segment_0240,free_movement,1.0,20.0,0.5686422719314251,1.595
P18,01,segment_0242,free_movement,6.0,30.0,0.6274689988243309,1.875
P18,01,segment_0244,free_movement,2.25,60.0,0.39691299542706093,3.0855
P18,01,segment_0246,free_movement,4.25,10.0,0.49673810216079317,2.3785
P18,01,segment_0248,free_movement,3.0,0.0,0.5939873513272431,1.769
P18,01,segment_0249,carrying,3.0,-15.0,0.3934469884982339,0.8385
P18,01,segment_0250,free_movement,0.75,35.0,0.5352812930287164,1.5865
P18,01,segment_0252,free_movement,0.75,-20.0,0.40478944067609834,2.8005
P18,01,segment_0254,free_movement,1.0,115.0,0.4432541293683119,1.908
P18,01,segment_0255,carrying,1.0,-50.0,0.41405810692961703,0.8245
P18,01,segment_0256,free_movement,2.25,165.0,0.36312744499004745,2.2655
P18,01,segment_0258,free_movement,3.0,35.0,0.6601964270322708,1.6115
P18,01,segment_0260,free_movement,4.25,70.0,0.5136120430775232,1.4625
P18,01,segment_0263,carrying,2.0,-40.0,0.5421034540603209,2.7
P18,01,segment_0264,free_movement,6.0,0.0,0.6405880883668577,2.552
P18,01,segment_0266,free_movement,4.25,120.0,0.421949827361917,2.1045
P18,01,segment_0268,free_movement,2.25,40.0,0.3648810810627125,2.7115
P18,01,segment_0270,free_movement,0.75,220.0,0.6675518780979609,1.426
P18,01,segment_0271,carrying,0.75,-50.0,0.559711908535425,0.851
P18,01,segment_0272,free_movement,3.0,5.0,0.3218183608765375,1.3065
P18,01,segment_0273,carrying,3.0,-50.0,0.36163469904433354,1.0355
P18,01,segment_0274,free_movement,1.0,40.0,0.552015037849867,0.9135
P18,01,segment_0276,free_movement,2.0,5.0,0.5199529539975041,1.572
P18,01,segment_0280,free_movement,2.25,10.0,0.5877083588141764,2.36
P18,01,segment_0282,free_movement,0.75,350.0,0.3834357552727304,1.6435
P18,01,segment_0283,carrying,0.75,305.0,0.4376870085900464,1.032
P18,01,segment_0284,free_movement,6.0,5.0,0.5455689312600479,1.856
P18,01,segment_0286,free_movement,3.0,20.0,0.6761802553237267,1.6635
P18,01,segment_0288,free_movement,1.0,215.0,0.38491218478021283,1.7205
P18,01,segment_0290,free_movement,4.25,5.0,0.39784259860060484,1.903
P18,01,segment_0292,free_movement,2.0,5.0,0.5513249826357558,1.906
P18,01,segment_0294,free_movement,2.25,25.0,0.46786237113278684,2.454
P18,01,segment_0295,carrying,2.25,-50.0,0.3447551131865181,1.4325
P18,01,segment_0296,free_movement,0.75,105.0,0.33107860116766147,2.258
P18,01,segment_0298,free_movement,3.0,115.0,0.4585185602575715,2.1855
P18,01,segment_0300,free_movement,2.0,55.0,0.42219172046758957,2.181
P18,01,segment_0302,free_movement,6.0,10.0,0.5171885234510927,2.561
P18,01,segment_0304,free_movement,4.25,5.0,0.6588268743615346,1.3495
P18,01,segment_0305,carrying,4.25,-45.0,0.34142937991662964,0.808
P18,01,segment_0307,carrying,1.0,235.0,0.3067282477070634,0.806
P18,01,segment_0308,free_movement,2.0,5.0,0.64408063933146,1.4055
P18,01,segment_0309,carrying,2.0,-50.0,0.4820526371062295,0.952
P18,01,segment_0310,free_movement,4.25,5.0,0.42967380896449425,2.016
P18,01,segment_0311,carrying,4.25,-20.0,0.40302632971943503,1.047
P18,01,segment_0312,free_movement,0.75,-5.0,0.6046456606452202,2.5425
P18,01,segment_0314,free_movement,6.0,5.0,0.48801401485375134,2.553
P18,01,segment_0318,free_movement,3.0,-10.0,0.42436837277537004,1.455
P18,01,segment_0320,free_movement,1.0,260.0,0.4679483194558803,1.314
P18,01,segment_0321,carrying,1.0,-50.0,0.3589443949155862,1.385
P18,01,segment_0322,free_movement,4.25,0.0,0.5978385772813153,1.679
P18,01,segment_0323,carrying,4.25,230.0,0.3850169672986676,0.9155
P18,01,segment_0324,free_movement,6.0,0.0,0.6756869228766866,1.869
P18,01,segment_0326,free_movement,0.75,20.0,0.6288948427806994,1.1525
P18,01,segment_0328,free_movement,2.0,195.0,0.6743706220027108,1.0775
P18,01,segment_0330,free_movement,2.25,-5.0,0.4970915192818187,2.245
P18,01,segment_0331,carrying,2.25,330.0,0.39299209270782726,1.115
P18,01,segment_0332,free_movement,1.0,295.0,0.4054978161558707,1.251
P18,01,segment_0334,free_movement,3.0,5.0,0.7378070417678033,0.999
P18,01,segment_0335,carrying,3.0,-5.0,0.564970465698094,2.5355
P18,01,segment_0336,free_movement,1.0,0.0,0.6906790178721106,1.5185
P18,01,segment_0337,carrying,1.0,-50.0,0.41195315847490643,1.247
P18,01,segment_0338,free_movement,3.0,5.0,0.37917487154661894,1.19
P18,01,segment_0340,free_movement,2.25,290.0,0.4734476792538411,2.5505
P18,01,segment_0343,carrying,0.75,145.0,0.37064984354325003,1.0625
P18,01,segment_0344,free_movement,2.0,70.0,0.4707332077251378,1.2375
P18,01,segment_0346,free_movement,4.25,10.0,0.6935586518270709,1.561
P18,01,segment_0348,free_movement,6.0,0.0,0.5751463662101746,1.356
P18,01,segment_0350,free_movement,6.0,0.0,0.6908899037666402,1.903
P18,01,segment_0352,free_movement,2.25,120.0,0.3864447447968468,1.561
P18,01,segment_0355,carrying,1.0,340.0,0.37397564008120954,1.0885
P18,01,segment_0356,free_movement,2.0,120.0,0.6204542476425245,1.6415
P18,01,segment_0358,free_movement,4.25,5.0,0.39633856619970176,2.0285
P18,01,segment_0360,free_movement,3.0,0.0,0.5075596990757738,15.2415
P18,01,segment_0364,free_movement,4.25,235.0,0.621835116184787,1.277
P18,01,segment_0366,free_movement,2.25,70.0,0.3014817926376153,1.702
P18,01,segment_0368,free_movement,6.0,-5.0,0.587245184431403,1.648
P18,01,segment_0370,free_movement,1.0,-5.0,0.42381494818184606,1.96
P18,01,segment_0372,free_movement,2.0,60.0,0.43268477626627155,1.658
P18,01,segment_0373,carrying,2.0,245.0,0.4312765528958458,0.9235
P18,01,segment_0374,free_movement,3.0,10.0,0.32116267011748145,1.792
P18,01,segment_0376,free_movement,0.75,25.0,0.39110538588056976,1.488
P18,01,segment_0377,carrying,0.75,-50.0,0.36164267703230857,1.0535
P18,01,segment_0378,free_movement,3.0,220.0,0.3998269801310326,1.357
P18,01,segment_0379,carrying,3.0,-35.0,0.4821320781711029,1.043
P18,01,segment_0380,free_movement,1.0,195.0,0.4487350758709729,1.5225
P18,01,segment_0382,free_movement,4.25,10.0,0.47103409120066614,2.096
P18,01,segment_0384,free_movement,0.75,0.0,0.6391652283648718,1.161
P18,01,segment_0385,carrying,0.75,260.0,0.6381408914842375,0.7605
P18,01,segment_0386,free_movement,6.0,5.0,0.613979911558567,1.865
P18,01,segment_0388,free_movement,2.0,0.0,0.41721816727288347,1.8865
P18,01,segment_0390,free_movement,2.25,5.0,0.39633355088533867,2.304
P18,01,segment_0391,carrying,2.25,330.0,0.43141871195949144,0.9385
P18,01,segment_0392,free_movement,4.25,-5.0,0.5992523625514639,1.681
P18,01,segment_0394,free_movement,3.0,-5.0,0.3359490518018964,1.505
P18,01,segment_0395,carrying,3.0,-35.0,0.5444333649388985,1.0395
P18,01,segment_0396,free_movement,0.75,-5.0,0.5371644135760206,2.0885
P18,01,segment_0397,carrying,0.75,-40.0,0.4391733851748156,0.9275
P18,01,segment_0399,carrying,6.0,350.0,0.33158638501200743,3.943
P18,01,segment_0403,carrying,2.25,350.0,0.440556051047396,1.455
P18,01,segment_0404,free_movement,2.0,0.0,0.6050459926308552,1.8395
P18,01,segment_0406,free_movement,0.75,-35.0,0.3677556421268693,2.0835
P18,01,segment_0408,free_movement,6.0,10.0,0.5289479963402457,2.1855
P18,01,segment_0410,free_movement,3.0,-50.0,0.3936575185149312,1.866
P18,01,segment_0412,free_movement,1.0,-5.0,0.48578621601480276,1.601
P18,01,segment_0413,carrying,1.0,-50.0,0.6071294718713982,0.9245
P18,01,segment_0414,free_movement,4.25,0.0,0.44849470780066336,1.5975
P18,01,segment_0416,free_movement,2.25,270.0,0.4430067007301923,1.8325
P18,01,segment_0418,free_movement,2.0,145.0,0.5292590600258559,1.319
P18,01,segment_0419,carrying,2.0,330.0,0.348817456967672,0.8245
P18,01,segment_0420,free_movement,2.0,-10.0,0.3512611726926453,1.547
P18,01,segment_0422,free_movement,0.75,30.0,0.46620682793885276,1.896
P18,01,segment_0424,free_movement,6.0,0.0,0.6238939078551919,2.679
P18,01,segment_0425,carrying,6.0,290.0,0.43584406707024304,0.9265
P18,01,segment_0426,free_movement,3.0,-15.0,0.7320346982382724,1.5025
P18,01,segment_0428,free_movement,4.25,20.0,0.6919821319959516,1.819
P18,01,segment_0430,free_movement,1.0,5.0,0.4300941633673813,1.694
P18,01,segment_0432,free_movement,2.25,210.0,0.4021029816808741,1.758
P18,01,segment_0440,free_movement,2.0,0.0,0.4243148228442513,1.879
P18,01,segment_0441,carrying,2.0,-15.0,0.3812150831189188,0.815
P18,01,segment_0442,free_movement,3.0,-40.0,0.7123114482175301,1.375
P18,01,segment_0444,free_movement,1.0,90.0,0.3367152266013454,1.529
P18,01,segment_0445,carrying,1.0,-10.0,0.3916251511424123,0.825
P18,01,segment_0446,free_movement,6.0,195.0,0.43976461420678825,1.455
P18,01,segment_0448,free_movement,4.25,-5.0,0.6563823340076522,2.198
P18,01,segment_0450,free_movement,2.0,5.0,0.46651750554570715,1.8015
P18,01,segment_0452,free_movement,0.75,330.0,0.31679394521501864,1.2365
P18,01,segment_0454,free_movement,2.25,140.0,0.31511010799935246,2.56
P18,01,segment_0456,free_movement,1.0,20.0,0.41102150516215336,1.2215
P18,01,segment_0458,free_movement,6.0,40.0,0.6068530331908096,1.755
P18,01,segment_0460,free_movement,3.0,-5.0,0.43477540141590126,1.4985
P18,01,segment_0462,free_movement,3.0,0.0,0.4993323703387907,1.584
P18,01,segment_0463,carrying,3.0,-25.0,0.42648268355168756,0.8955
P18,01,segment_0464,free_movement,0.75,-5.0,0.5388338189554072,1.6705
P18,01,segment_0468,free_movement,1.0,-25.0,0.44401698505082643,1.5695
P18,01,segment_0470,free_movement,6.0,55.0,0.5288639615083657,1.211
P18,01,segment_0472,free_movement,4.25,5.0,0.41374499468376774,2.112
P18,01,segment_0474,free_movement,2.25,0.0,0.6256374278542346,2.486
P18,01,segment_0476,free_movement,0.75,5.0,0.6387815974991079,1.91
P18,01,segment_0478,free_movement,2.0,45.0,0.34433395581041837,1.5105
P18,01,segment_0480,free_movement,2.25,110.0,0.5161571417421578,2.7245
P18,01,segment_0482,free_movement,1.0,35.0,0.3419848659478996,1.6585
P18,01,segment_0483,carrying,1.0,-50.0,0.3696882623897379,0.9145
P18,01,segment_0484,free_movement,4.25,0.0,0.3319335753420333,1.6975
P18,01,segment_0486,free_movement,3.0,180.0,0.37474098653017246,1.493
P18,01,segment_0488,free_movement,6.0,-15.0,0.5320017923586087,1.362
P18,01,segment_0490,free_movement,4.25,-5.0,0.7133132030037251,1.654
P18,01,segment_0491,carrying,4.25,-50.0,0.3302124601368306,1.2425
P18,01,segment_0492,free_movement,6.0,10.0,0.6286230877041217,1.8785
P18,01,segment_0494,free_movement,3.0,-10.0,0.39419514720334314,1.2475
P18,01,segment_0495,carrying,3.0,350.0,0.3346791090977187,1.0695
P18,01,segment_0498,free_movement,1.0,-10.0,0.7683642525191883,1.0825
