Database found at /scratch/bwingen/thesis/database
Using Python: /scratch/bwingen/thesis_env/bin/python
Python 3.10.20
[DataLoader] Weight filter active (applied at training time) — excluding calibrated weights: [0.9, 2.24]
[DataLoader] Loaded blacklist: 545 segments will be skipped.

--- GRID SEARCH ENABLED ---
Launching hyperparameter sweep for SPATIO_TEMPORAL_TRANSFORMER3...
[DataLoader] Weight filter active (applied at training time) — excluding calibrated weights: [0.9, 2.24]
[DataLoader] Loaded blacklist: 545 segments will be skipped.
=================================================================
  SPATIO-TEMPORAL TRANSFORMER 3 SWEEP (ARCHITECTURE)
  (Modality-Grouped Temporal Attention)
=================================================================
  DEV_MODE             : False
  Configurations       : 150
  Epochs per config    : 200
  Early-stop patience  : 20
  Test participants    : 4
  Results directory    : /home/bwingen/thesis/Thesis/model/model_results/sweep_spatio_temporal_transformer3_20260521_090644
=================================================================

Loading precomputed features (sequence mode)…
[DataLoader] Filtered 20 files down to 18 based on PARTICIPANT_CONFIG['include']=['P01', 'P02', 'P03', 'P04', 'P05', 'P06', 'P07', 'P09', 'P10', 'P11', 'P12', 'P14', 'P15', 'P16', 'P17', 'P18']
[DataLoader] Skipped 9 blacklisted segments in participant_P01_session_01_segments.h5
[DataLoader] Skipped 10 blacklisted segments in participant_P01_session_02_segments.h5
[DataLoader] Skipped 3 blacklisted segments in participant_P01_session_03_segments.h5
[DataLoader] Skipped 5 blacklisted segments in participant_P02_session_01_segments.h5
[DataLoader] Skipped 42 blacklisted segments in participant_P03_session_01_segments.h5
[DataLoader] Skipped 25 blacklisted segments in participant_P04_session_01_segments.h5
[DataLoader] Skipped 50 blacklisted segments in participant_P05_session_01_segments.h5
[DataLoader] Skipped 35 blacklisted segments in participant_P06_session_01_segments.h5
[DataLoader] Skipped 28 blacklisted segments in participant_P07_session_01_segments.h5
[DataLoader] Skipped 15 blacklisted segments in participant_P09_session_01_segments.h5
[DataLoader] Skipped 16 blacklisted segments in participant_P10_session_01_segments.h5
[DataLoader] Skipped 5 blacklisted segments in participant_P11_session_01_segments.h5
[DataLoader] Skipped 4 blacklisted segments in participant_P12_session_01_segments.h5
[DataLoader] Skipped 20 blacklisted segments in participant_P14_session_01_segments.h5
[DataLoader] Skipped 125 blacklisted segments in participant_P15_session_01_segments.h5
[DataLoader] Skipped 25 blacklisted segments in participant_P16_session_01_segments.h5
[DataLoader] Skipped 19 blacklisted segments in participant_P17_session_01_segments.h5
[DataLoader] Skipped 28 blacklisted segments in participant_P18_session_01_segments.h5
[DataLoader] Channel filter: removed 72 features from disabled channels.
[Sweep] Dropped 2454 segments with excluded weight classes.
Total segments: 14898

Participant split:
  Training   (12 subjects, 8233 segs): P03, P04, P05, P07, P09, P10, P11, P12, P14, P15, P16, P18
  Validation (4 subjects, 6665 segs): P01, P02, P06, P17

=================================================================
--- Iteration 1/150 [Elapsed: 0.0m] ---
  d_model=64, nhead_s=8, nhead_t=4, layers_s=3, layers_t=3
  ff=1024, dropout=0.25, wd=0.005
  lr=0.0003, bs=64, scheduler=ReduceLROnPlateau
[SpatioTemporalTransformerRegressor3] Using device: cuda
[SpatioTemporalTransformerRegressor3] Using explicitly provided validation set (6665 samples).
[SpatioTemporalTransformerRegressor3] Capping sequence length at 25 based on sample distribution (min_count=41).
[SpatioTemporalTransformerRegressor3] Grouped features into 20 spatial channels.
[Augmenter] Balanced 6 weight classes to 2000 samples each. Total: 12000
[SpatioTemporalTransformerNetwork3] Modality groups: {'EMG': 8, 'IMU_Accel': 6, 'IMU_Orient': 6}

Early stopping triggered at epoch 34. Best Val Loss: 0.2755
  MAE: 0.2992 | RMSE: 0.5198 | R²: 0.9274 | Params: 621,122
  Epochs: 34 | Best Train/Val gap: 2.3x | Time: 312s
  >>> NEW BEST MODEL! RMSE: 0.5198

=================================================================
--- Iteration 2/150 [Elapsed: 5.2m] ---
  d_model=160, nhead_s=4, nhead_t=2, layers_s=2, layers_t=1
  ff=512, dropout=0.25, wd=0.005
  lr=0.0003, bs=64, scheduler=ReduceLROnPlateau
[SpatioTemporalTransformerRegressor3] Using device: cuda
[SpatioTemporalTransformerRegressor3] Using explicitly provided validation set (6665 samples).
[SpatioTemporalTransformerRegressor3] Capping sequence length at 25 based on sample distribution (min_count=41).
[SpatioTemporalTransformerRegressor3] Grouped features into 20 spatial channels.
[Augmenter] Balanced 6 weight classes to 2000 samples each. Total: 12000
[SpatioTemporalTransformerNetwork3] Modality groups: {'EMG': 8, 'IMU_Accel': 6, 'IMU_Orient': 6}

Early stopping triggered at epoch 22. Best Val Loss: 0.3236
  MAE: 0.3259 | RMSE: 0.5499 | R²: 0.9187 | Params: 1,222,786
  Epochs: 22 | Best Train/Val gap: 1.0x | Time: 102s

=================================================================
--- Iteration 3/150 [Elapsed: 6.9m] ---
  d_model=128, nhead_s=8, nhead_t=4, layers_s=4, layers_t=4
  ff=1024, dropout=0.25, wd=0.005
  lr=0.0003, bs=64, scheduler=ReduceLROnPlateau
[SpatioTemporalTransformerRegressor3] Using device: cuda
[SpatioTemporalTransformerRegressor3] Using explicitly provided validation set (6665 samples).
[SpatioTemporalTransformerRegressor3] Capping sequence length at 25 based on sample distribution (min_count=41).
[SpatioTemporalTransformerRegressor3] Grouped features into 20 spatial channels.
[Augmenter] Balanced 6 weight classes to 2000 samples each. Total: 12000
[SpatioTemporalTransformerNetwork3] Modality groups: {'EMG': 8, 'IMU_Accel': 6, 'IMU_Orient': 6}

Early stopping triggered at epoch 21. Best Val Loss: 0.2911
  MAE: 0.3086 | RMSE: 0.5279 | R²: 0.9250 | Params: 2,164,482
  Epochs: 21 | Best Train/Val gap: 0.2x | Time: 152s

=================================================================
--- Iteration 4/150 [Elapsed: 9.4m] ---
  d_model=96, nhead_s=4, nhead_t=4, layers_s=4, layers_t=2
  ff=512, dropout=0.25, wd=0.005
  lr=0.0003, bs=64, scheduler=ReduceLROnPlateau
[SpatioTemporalTransformerRegressor3] Using device: cuda
[SpatioTemporalTransformerRegressor3] Using explicitly provided validation set (6665 samples).
[SpatioTemporalTransformerRegressor3] Capping sequence length at 25 based on sample distribution (min_count=41).
[SpatioTemporalTransformerRegressor3] Grouped features into 20 spatial channels.
[Augmenter] Balanced 6 weight classes to 2000 samples each. Total: 12000
[SpatioTemporalTransformerNetwork3] Modality groups: {'EMG': 8, 'IMU_Accel': 6, 'IMU_Orient': 6}

Early stopping triggered at epoch 21. Best Val Loss: 0.2840
  MAE: 0.2701 | RMSE: 0.4937 | R²: 0.9345 | Params: 1,030,978
  Epochs: 21 | Best Train/Val gap: 0.2x | Time: 134s
  >>> NEW BEST MODEL! RMSE: 0.4937

=================================================================
--- Iteration 5/150 [Elapsed: 11.7m] ---
  d_model=64, nhead_s=4, nhead_t=4, layers_s=4, layers_t=4
  ff=256, dropout=0.25, wd=0.005
  lr=0.0003, bs=64, scheduler=ReduceLROnPlateau
[SpatioTemporalTransformerRegressor3] Using device: cuda
[SpatioTemporalTransformerRegressor3] Using explicitly provided validation set (6665 samples).
[SpatioTemporalTransformerRegressor3] Capping sequence length at 25 based on sample distribution (min_count=41).
[SpatioTemporalTransformerRegressor3] Grouped features into 20 spatial channels.
[Augmenter] Balanced 6 weight classes to 2000 samples each. Total: 12000
[SpatioTemporalTransformerNetwork3] Modality groups: {'EMG': 8, 'IMU_Accel': 6, 'IMU_Orient': 6}

Early stopping triggered at epoch 23. Best Val Loss: 0.2623
  MAE: 0.3176 | RMSE: 0.5099 | R²: 0.9301 | Params: 423,810
  Epochs: 23 | Best Train/Val gap: 0.8x | Time: 133s

=================================================================
--- Iteration 6/150 [Elapsed: 13.9m] ---
  d_model=96, nhead_s=4, nhead_t=2, layers_s=4, layers_t=4
  ff=512, dropout=0.25, wd=0.005
  lr=0.0003, bs=64, scheduler=ReduceLROnPlateau
[SpatioTemporalTransformerRegressor3] Using device: cuda
[SpatioTemporalTransformerRegressor3] Using explicitly provided validation set (6665 samples).
[SpatioTemporalTransformerRegressor3] Capping sequence length at 25 based on sample distribution (min_count=41).
[SpatioTemporalTransformerRegressor3] Grouped features into 20 spatial channels.
[Augmenter] Balanced 6 weight classes to 2000 samples each. Total: 12000
[SpatioTemporalTransformerNetwork3] Modality groups: {'EMG': 8, 'IMU_Accel': 6, 'IMU_Orient': 6}

Early stopping triggered at epoch 30. Best Val Loss: 0.3124
  MAE: 0.2912 | RMSE: 0.5462 | R²: 0.9198 | Params: 1,030,978
  Epochs: 30 | Best Train/Val gap: 2.5x | Time: 187s

=================================================================
--- Iteration 7/150 [Elapsed: 17.0m] ---
  d_model=128, nhead_s=4, nhead_t=4, layers_s=3, layers_t=2
  ff=1024, dropout=0.25, wd=0.005
  lr=0.0003, bs=64, scheduler=ReduceLROnPlateau
[SpatioTemporalTransformerRegressor3] Using device: cuda
[SpatioTemporalTransformerRegressor3] Using explicitly provided validation set (6665 samples).
[SpatioTemporalTransformerRegressor3] Capping sequence length at 25 based on sample distribution (min_count=41).
[SpatioTemporalTransformerRegressor3] Grouped features into 20 spatial channels.
[Augmenter] Balanced 6 weight classes to 2000 samples each. Total: 12000
[SpatioTemporalTransformerNetwork3] Modality groups: {'EMG': 8, 'IMU_Accel': 6, 'IMU_Orient': 6}

Early stopping triggered at epoch 33. Best Val Loss: 0.3370
  MAE: 0.2995 | RMSE: 0.5656 | R²: 0.9140 | Params: 1,636,482
  Epochs: 33 | Best Train/Val gap: 3.7x | Time: 182s

=================================================================
--- Iteration 8/150 [Elapsed: 20.0m] ---
  d_model=96, nhead_s=4, nhead_t=2, layers_s=4, layers_t=3
  ff=512, dropout=0.25, wd=0.005
  lr=0.0003, bs=64, scheduler=ReduceLROnPlateau
[SpatioTemporalTransformerRegressor3] Using device: cuda
[SpatioTemporalTransformerRegressor3] Using explicitly provided validation set (6665 samples).
[SpatioTemporalTransformerRegressor3] Capping sequence length at 25 based on sample distribution (min_count=41).
[SpatioTemporalTransformerRegressor3] Grouped features into 20 spatial channels.
[Augmenter] Balanced 6 weight classes to 2000 samples each. Total: 12000
[SpatioTemporalTransformerNetwork3] Modality groups: {'EMG': 8, 'IMU_Accel': 6, 'IMU_Orient': 6}

Early stopping triggered at epoch 22. Best Val Loss: 0.2980
  MAE: 0.3008 | RMSE: 0.5285 | R²: 0.9249 | Params: 1,030,978
  Epochs: 22 | Best Train/Val gap: 0.8x | Time: 141s

=================================================================
--- Iteration 9/150 [Elapsed: 22.4m] ---
  d_model=128, nhead_s=8, nhead_t=4, layers_s=3, layers_t=2
  ff=256, dropout=0.25, wd=0.005
  lr=0.0003, bs=64, scheduler=ReduceLROnPlateau
[SpatioTemporalTransformerRegressor3] Using device: cuda
[SpatioTemporalTransformerRegressor3] Using explicitly provided validation set (6665 samples).
[SpatioTemporalTransformerRegressor3] Capping sequence length at 25 based on sample distribution (min_count=41).
[SpatioTemporalTransformerRegressor3] Grouped features into 20 spatial channels.
[Augmenter] Balanced 6 weight classes to 2000 samples each. Total: 12000
[SpatioTemporalTransformerNetwork3] Modality groups: {'EMG': 8, 'IMU_Accel': 6, 'IMU_Orient': 6}

Early stopping triggered at epoch 26. Best Val Loss: 0.2717
  MAE: 0.2984 | RMSE: 0.5157 | R²: 0.9285 | Params: 1,044,354
  Epochs: 26 | Best Train/Val gap: 1.6x | Time: 140s

=================================================================
--- Iteration 10/150 [Elapsed: 24.7m] ---
  d_model=128, nhead_s=8, nhead_t=4, layers_s=2, layers_t=2
  ff=1024, dropout=0.25, wd=0.005
  lr=0.0003, bs=64, scheduler=ReduceLROnPlateau
[SpatioTemporalTransformerRegressor3] Using device: cuda
[SpatioTemporalTransformerRegressor3] Using explicitly provided validation set (6665 samples).
[SpatioTemporalTransformerRegressor3] Capping sequence length at 25 based on sample distribution (min_count=41).
[SpatioTemporalTransformerRegressor3] Grouped features into 20 spatial channels.
[Augmenter] Balanced 6 weight classes to 2000 samples each. Total: 12000
[SpatioTemporalTransformerNetwork3] Modality groups: {'EMG': 8, 'IMU_Accel': 6, 'IMU_Orient': 6}

Early stopping triggered at epoch 47. Best Val Loss: 0.3282
  MAE: 0.3103 | RMSE: 0.5658 | R²: 0.9139 | Params: 1,108,482
  Epochs: 47 | Best Train/Val gap: 7.9x | Time: 196s

=================================================================
--- Iteration 11/150 [Elapsed: 28.0m] ---
  d_model=96, nhead_s=4, nhead_t=8, layers_s=4, layers_t=2
  ff=1024, dropout=0.25, wd=0.005
  lr=0.0003, bs=64, scheduler=ReduceLROnPlateau
[SpatioTemporalTransformerRegressor3] Using device: cuda
[SpatioTemporalTransformerRegressor3] Using explicitly provided validation set (6665 samples).
[SpatioTemporalTransformerRegressor3] Capping sequence length at 25 based on sample distribution (min_count=41).
[SpatioTemporalTransformerRegressor3] Grouped features into 20 spatial channels.
[Augmenter] Balanced 6 weight classes to 2000 samples each. Total: 12000
[SpatioTemporalTransformerNetwork3] Modality groups: {'EMG': 8, 'IMU_Accel': 6, 'IMU_Orient': 6}

Early stopping triggered at epoch 29. Best Val Loss: 0.2640
  MAE: 0.2652 | RMSE: 0.4948 | R²: 0.9342 | Params: 1,426,242
  Epochs: 29 | Best Train/Val gap: 1.9x | Time: 202s

=================================================================
--- Iteration 12/150 [Elapsed: 31.4m] ---
  d_model=160, nhead_s=8, nhead_t=4, layers_s=4, layers_t=3
  ff=512, dropout=0.25, wd=0.005
  lr=0.0003, bs=64, scheduler=ReduceLROnPlateau
[SpatioTemporalTransformerRegressor3] Using device: cuda
[SpatioTemporalTransformerRegressor3] Using explicitly provided validation set (6665 samples).
[SpatioTemporalTransformerRegressor3] Capping sequence length at 25 based on sample distribution (min_count=41).
[SpatioTemporalTransformerRegressor3] Grouped features into 20 spatial channels.
[Augmenter] Balanced 6 weight classes to 2000 samples each. Total: 12000
[SpatioTemporalTransformerNetwork3] Modality groups: {'EMG': 8, 'IMU_Accel': 6, 'IMU_Orient': 6}

Early stopping triggered at epoch 23. Best Val Loss: 0.2953
  MAE: 0.3396 | RMSE: 0.5408 | R²: 0.9214 | Params: 2,377,410
  Epochs: 23 | Best Train/Val gap: 1.0x | Time: 183s

=================================================================
--- Iteration 13/150 [Elapsed: 34.4m] ---
  d_model=128, nhead_s=8, nhead_t=4, layers_s=3, layers_t=4
  ff=1024, dropout=0.25, wd=0.005
  lr=0.0003, bs=64, scheduler=ReduceLROnPlateau
[SpatioTemporalTransformerRegressor3] Using device: cuda
[SpatioTemporalTransformerRegressor3] Using explicitly provided validation set (6665 samples).
[SpatioTemporalTransformerRegressor3] Capping sequence length at 25 based on sample distribution (min_count=41).
[SpatioTemporalTransformerRegressor3] Grouped features into 20 spatial channels.
[Augmenter] Balanced 6 weight classes to 2000 samples each. Total: 12000
[SpatioTemporalTransformerNetwork3] Modality groups: {'EMG': 8, 'IMU_Accel': 6, 'IMU_Orient': 6}

Early stopping triggered at epoch 24. Best Val Loss: 0.2874
  MAE: 0.3065 | RMSE: 0.5274 | R²: 0.9252 | Params: 2,164,482
  Epochs: 24 | Best Train/Val gap: 1.2x | Time: 180s

=================================================================
--- Iteration 14/150 [Elapsed: 37.4m] ---
  d_model=128, nhead_s=4, nhead_t=8, layers_s=4, layers_t=1
  ff=256, dropout=0.25, wd=0.005
  lr=0.0003, bs=64, scheduler=ReduceLROnPlateau
[SpatioTemporalTransformerRegressor3] Using device: cuda
[SpatioTemporalTransformerRegressor3] Using explicitly provided validation set (6665 samples).
[SpatioTemporalTransformerRegressor3] Capping sequence length at 25 based on sample distribution (min_count=41).
[SpatioTemporalTransformerRegressor3] Grouped features into 20 spatial channels.
[Augmenter] Balanced 6 weight classes to 2000 samples each. Total: 12000
[SpatioTemporalTransformerNetwork3] Modality groups: {'EMG': 8, 'IMU_Accel': 6, 'IMU_Orient': 6}

Early stopping triggered at epoch 24. Best Val Loss: 0.3066
  MAE: 0.3625 | RMSE: 0.5531 | R²: 0.9177 | Params: 1,374,978
  Epochs: 24 | Best Train/Val gap: 1.3x | Time: 162s

=================================================================
--- Iteration 15/150 [Elapsed: 40.1m] ---
  d_model=160, nhead_s=4, nhead_t=8, layers_s=4, layers_t=3
  ff=256, dropout=0.25, wd=0.005
  lr=0.0003, bs=64, scheduler=ReduceLROnPlateau
[SpatioTemporalTransformerRegressor3] Using device: cuda
[SpatioTemporalTransformerRegressor3] Using explicitly provided validation set (6665 samples).
[SpatioTemporalTransformerRegressor3] Capping sequence length at 25 based on sample distribution (min_count=41).
[SpatioTemporalTransformerRegressor3] Grouped features into 20 spatial channels.
[Augmenter] Balanced 6 weight classes to 2000 samples each. Total: 12000
[SpatioTemporalTransformerNetwork3] Modality groups: {'EMG': 8, 'IMU_Accel': 6, 'IMU_Orient': 6}

Early stopping triggered at epoch 22. Best Val Loss: 0.2636
  MAE: 0.2865 | RMSE: 0.4996 | R²: 0.9329 | Params: 2,048,706
  Epochs: 22 | Best Train/Val gap: 0.7x | Time: 164s

=================================================================
--- Iteration 16/150 [Elapsed: 42.9m] ---
  d_model=160, nhead_s=4, nhead_t=8, layers_s=2, layers_t=2
  ff=512, dropout=0.25, wd=0.005
  lr=0.0003, bs=64, scheduler=ReduceLROnPlateau
[SpatioTemporalTransformerRegressor3] Using device: cuda
[SpatioTemporalTransformerRegressor3] Using explicitly provided validation set (6665 samples).
[SpatioTemporalTransformerRegressor3] Capping sequence length at 25 based on sample distribution (min_count=41).
[SpatioTemporalTransformerRegressor3] Grouped features into 20 spatial channels.
[Augmenter] Balanced 6 weight classes to 2000 samples each. Total: 12000
[SpatioTemporalTransformerNetwork3] Modality groups: {'EMG': 8, 'IMU_Accel': 6, 'IMU_Orient': 6}

Early stopping triggered at epoch 29. Best Val Loss: 0.3287
  MAE: 0.3435 | RMSE: 0.5673 | R²: 0.9135 | Params: 1,222,786
  Epochs: 29 | Best Train/Val gap: 2.8x | Time: 134s

=================================================================
--- Iteration 17/150 [Elapsed: 45.1m] ---
  d_model=64, nhead_s=8, nhead_t=8, layers_s=3, layers_t=4
  ff=256, dropout=0.25, wd=0.005
  lr=0.0003, bs=64, scheduler=ReduceLROnPlateau
[SpatioTemporalTransformerRegressor3] Using device: cuda
[SpatioTemporalTransformerRegressor3] Using explicitly provided validation set (6665 samples).
[SpatioTemporalTransformerRegressor3] Capping sequence length at 25 based on sample distribution (min_count=41).
[SpatioTemporalTransformerRegressor3] Grouped features into 20 spatial channels.
[Augmenter] Balanced 6 weight classes to 2000 samples each. Total: 12000
[SpatioTemporalTransformerNetwork3] Modality groups: {'EMG': 8, 'IMU_Accel': 6, 'IMU_Orient': 6}

Early stopping triggered at epoch 24. Best Val Loss: 0.2652
  MAE: 0.2587 | RMSE: 0.4791 | R²: 0.9383 | Params: 423,810
  Epochs: 24 | Best Train/Val gap: 0.9x | Time: 149s
  >>> NEW BEST MODEL! RMSE: 0.4791

=================================================================
--- Iteration 18/150 [Elapsed: 47.6m] ---
  d_model=160, nhead_s=8, nhead_t=4, layers_s=4, layers_t=2
  ff=1024, dropout=0.25, wd=0.005
  lr=0.0003, bs=64, scheduler=ReduceLROnPlateau
[SpatioTemporalTransformerRegressor3] Using device: cuda
[SpatioTemporalTransformerRegressor3] Using explicitly provided validation set (6665 samples).
[SpatioTemporalTransformerRegressor3] Capping sequence length at 25 based on sample distribution (min_count=41).
[SpatioTemporalTransformerRegressor3] Grouped features into 20 spatial channels.
[Augmenter] Balanced 6 weight classes to 2000 samples each. Total: 12000
[SpatioTemporalTransformerNetwork3] Modality groups: {'EMG': 8, 'IMU_Accel': 6, 'IMU_Orient': 6}

Early stopping triggered at epoch 37. Best Val Loss: 0.3012
  MAE: 0.2976 | RMSE: 0.5479 | R²: 0.9193 | Params: 3,034,818
  Epochs: 37 | Best Train/Val gap: 5.1x | Time: 282s

=================================================================
--- Iteration 19/150 [Elapsed: 52.3m] ---
  d_model=160, nhead_s=8, nhead_t=8, layers_s=4, layers_t=1
  ff=256, dropout=0.25, wd=0.005
  lr=0.0003, bs=64, scheduler=ReduceLROnPlateau
[SpatioTemporalTransformerRegressor3] Using device: cuda
[SpatioTemporalTransformerRegressor3] Using explicitly provided validation set (6665 samples).
[SpatioTemporalTransformerRegressor3] Capping sequence length at 25 based on sample distribution (min_count=41).
[SpatioTemporalTransformerRegressor3] Grouped features into 20 spatial channels.
[Augmenter] Balanced 6 weight classes to 2000 samples each. Total: 12000
[SpatioTemporalTransformerNetwork3] Modality groups: {'EMG': 8, 'IMU_Accel': 6, 'IMU_Orient': 6}

Early stopping triggered at epoch 21. Best Val Loss: 0.2674
  MAE: 0.3187 | RMSE: 0.5119 | R²: 0.9295 | Params: 2,048,706
  Epochs: 21 | Best Train/Val gap: 0.3x | Time: 159s

=================================================================
--- Iteration 20/150 [Elapsed: 54.9m] ---
  d_model=64, nhead_s=4, nhead_t=8, layers_s=2, layers_t=1
  ff=512, dropout=0.25, wd=0.005
  lr=0.0003, bs=64, scheduler=ReduceLROnPlateau
[SpatioTemporalTransformerRegressor3] Using device: cuda
[SpatioTemporalTransformerRegressor3] Using explicitly provided validation set (6665 samples).
[SpatioTemporalTransformerRegressor3] Capping sequence length at 25 based on sample distribution (min_count=41).
[SpatioTemporalTransformerRegressor3] Grouped features into 20 spatial channels.
[Augmenter] Balanced 6 weight classes to 2000 samples each. Total: 12000
[SpatioTemporalTransformerNetwork3] Modality groups: {'EMG': 8, 'IMU_Accel': 6, 'IMU_Orient': 6}

Early stopping triggered at epoch 25. Best Val Loss: 0.3002
  MAE: 0.2797 | RMSE: 0.5171 | R²: 0.9281 | Params: 290,050
  Epochs: 25 | Best Train/Val gap: 1.1x | Time: 99s

=================================================================
--- Iteration 21/150 [Elapsed: 56.6m] ---
  d_model=160, nhead_s=4, nhead_t=4, layers_s=3, layers_t=1
  ff=256, dropout=0.25, wd=0.005
  lr=0.0003, bs=64, scheduler=ReduceLROnPlateau
[SpatioTemporalTransformerRegressor3] Using device: cuda
[SpatioTemporalTransformerRegressor3] Using explicitly provided validation set (6665 samples).
[SpatioTemporalTransformerRegressor3] Capping sequence length at 25 based on sample distribution (min_count=41).
[SpatioTemporalTransformerRegressor3] Grouped features into 20 spatial channels.
[Augmenter] Balanced 6 weight classes to 2000 samples each. Total: 12000
[SpatioTemporalTransformerNetwork3] Modality groups: {'EMG': 8, 'IMU_Accel': 6, 'IMU_Orient': 6}

Early stopping triggered at epoch 27. Best Val Loss: 0.3121
  MAE: 0.3073 | RMSE: 0.5455 | R²: 0.9200 | Params: 1,553,570
  Epochs: 27 | Best Train/Val gap: nanx | Time: 157s

=================================================================
--- Iteration 22/150 [Elapsed: 59.2m] ---
  d_model=160, nhead_s=4, nhead_t=2, layers_s=4, layers_t=4
  ff=256, dropout=0.25, wd=0.005
  lr=0.0003, bs=64, scheduler=ReduceLROnPlateau
[SpatioTemporalTransformerRegressor3] Using device: cuda
[SpatioTemporalTransformerRegressor3] Using explicitly provided validation set (6665 samples).
[SpatioTemporalTransformerRegressor3] Capping sequence length at 25 based on sample distribution (min_count=41).
[SpatioTemporalTransformerRegressor3] Grouped features into 20 spatial channels.
[Augmenter] Balanced 6 weight classes to 2000 samples each. Total: 12000
[SpatioTemporalTransformerNetwork3] Modality groups: {'EMG': 8, 'IMU_Accel': 6, 'IMU_Orient': 6}

Early stopping triggered at epoch 24. Best Val Loss: 0.2800
  MAE: 0.3117 | RMSE: 0.5215 | R²: 0.9269 | Params: 2,048,706
  Epochs: 24 | Best Train/Val gap: 1.3x | Time: 171s

=================================================================
--- Iteration 23/150 [Elapsed: 62.0m] ---
  d_model=128, nhead_s=8, nhead_t=8, layers_s=4, layers_t=1
  ff=256, dropout=0.25, wd=0.005
  lr=0.0003, bs=64, scheduler=ReduceLROnPlateau
[SpatioTemporalTransformerRegressor3] Using device: cuda
[SpatioTemporalTransformerRegressor3] Using explicitly provided validation set (6665 samples).
[SpatioTemporalTransformerRegressor3] Capping sequence length at 25 based on sample distribution (min_count=41).
[SpatioTemporalTransformerRegressor3] Grouped features into 20 spatial channels.
[Augmenter] Balanced 6 weight classes to 2000 samples each. Total: 12000
[SpatioTemporalTransformerNetwork3] Modality groups: {'EMG': 8, 'IMU_Accel': 6, 'IMU_Orient': 6}

Early stopping triggered at epoch 22. Best Val Loss: 0.2840
  MAE: 0.2835 | RMSE: 0.5106 | R²: 0.9299 | Params: 1,374,978
  Epochs: 22 | Best Train/Val gap: 0.8x | Time: 152s

=================================================================
--- Iteration 24/150 [Elapsed: 64.6m] ---
  d_model=128, nhead_s=4, nhead_t=2, layers_s=3, layers_t=2
  ff=1024, dropout=0.25, wd=0.005
  lr=0.0003, bs=64, scheduler=ReduceLROnPlateau
[SpatioTemporalTransformerRegressor3] Using device: cuda
[SpatioTemporalTransformerRegressor3] Using explicitly provided validation set (6665 samples).
[SpatioTemporalTransformerRegressor3] Capping sequence length at 25 based on sample distribution (min_count=41).
[SpatioTemporalTransformerRegressor3] Grouped features into 20 spatial channels.
[Augmenter] Balanced 6 weight classes to 2000 samples each. Total: 12000
[SpatioTemporalTransformerNetwork3] Modality groups: {'EMG': 8, 'IMU_Accel': 6, 'IMU_Orient': 6}

Early stopping triggered at epoch 27. Best Val Loss: 0.3010
  MAE: 0.3474 | RMSE: 0.5485 | R²: 0.9191 | Params: 1,636,482
  Epochs: 27 | Best Train/Val gap: 1.9x | Time: 154s

=================================================================
--- Iteration 25/150 [Elapsed: 67.1m] ---
  d_model=64, nhead_s=4, nhead_t=4, layers_s=2, layers_t=3
  ff=512, dropout=0.25, wd=0.005
  lr=0.0003, bs=64, scheduler=ReduceLROnPlateau
[SpatioTemporalTransformerRegressor3] Using device: cuda
[SpatioTemporalTransformerRegressor3] Using explicitly provided validation set (6665 samples).
[SpatioTemporalTransformerRegressor3] Capping sequence length at 25 based on sample distribution (min_count=41).
[SpatioTemporalTransformerRegressor3] Grouped features into 20 spatial channels.
[Augmenter] Balanced 6 weight classes to 2000 samples each. Total: 12000
[SpatioTemporalTransformerNetwork3] Modality groups: {'EMG': 8, 'IMU_Accel': 6, 'IMU_Orient': 6}

Early stopping triggered at epoch 25. Best Val Loss: 0.2823
  MAE: 0.2840 | RMSE: 0.5135 | R²: 0.9291 | Params: 422,978
  Epochs: 25 | Best Train/Val gap: 1.2x | Time: 128s

=================================================================
--- Iteration 26/150 [Elapsed: 69.3m] ---
  d_model=128, nhead_s=4, nhead_t=8, layers_s=2, layers_t=2
  ff=256, dropout=0.25, wd=0.005
  lr=0.0003, bs=64, scheduler=ReduceLROnPlateau
[SpatioTemporalTransformerRegressor3] Using device: cuda
[SpatioTemporalTransformerRegressor3] Using explicitly provided validation set (6665 samples).
[SpatioTemporalTransformerRegressor3] Capping sequence length at 25 based on sample distribution (min_count=41).
[SpatioTemporalTransformerRegressor3] Grouped features into 20 spatial channels.
[Augmenter] Balanced 6 weight classes to 2000 samples each. Total: 12000
[SpatioTemporalTransformerNetwork3] Modality groups: {'EMG': 8, 'IMU_Accel': 6, 'IMU_Orient': 6}

Early stopping triggered at epoch 49. Best Val Loss: 0.3248
  MAE: 0.3064 | RMSE: 0.5622 | R²: 0.9150 | Params: 713,730
  Epochs: 49 | Best Train/Val gap: 7.9x | Time: 190s

=================================================================
--- Iteration 27/150 [Elapsed: 72.4m] ---
  d_model=64, nhead_s=8, nhead_t=8, layers_s=3, layers_t=2
  ff=512, dropout=0.25, wd=0.005
  lr=0.0003, bs=64, scheduler=ReduceLROnPlateau
[SpatioTemporalTransformerRegressor3] Using device: cuda
[SpatioTemporalTransformerRegressor3] Using explicitly provided validation set (6665 samples).
[SpatioTemporalTransformerRegressor3] Capping sequence length at 25 based on sample distribution (min_count=41).
[SpatioTemporalTransformerRegressor3] Grouped features into 20 spatial channels.
[Augmenter] Balanced 6 weight classes to 2000 samples each. Total: 12000
[SpatioTemporalTransformerNetwork3] Modality groups: {'EMG': 8, 'IMU_Accel': 6, 'IMU_Orient': 6}

Early stopping triggered at epoch 24. Best Val Loss: 0.3070
  MAE: 0.2661 | RMSE: 0.5073 | R²: 0.9308 | Params: 422,978
  Epochs: 24 | Best Train/Val gap: 1.0x | Time: 123s

=================================================================
--- Iteration 28/150 [Elapsed: 74.5m] ---
  d_model=96, nhead_s=8, nhead_t=4, layers_s=2, layers_t=4
  ff=1024, dropout=0.25, wd=0.005
  lr=0.0003, bs=64, scheduler=ReduceLROnPlateau
[SpatioTemporalTransformerRegressor3] Using device: cuda
[SpatioTemporalTransformerRegressor3] Using explicitly provided validation set (6665 samples).
[SpatioTemporalTransformerRegressor3] Capping sequence length at 25 based on sample distribution (min_count=41).
[SpatioTemporalTransformerRegressor3] Grouped features into 20 spatial channels.
[Augmenter] Balanced 6 weight classes to 2000 samples each. Total: 12000
[SpatioTemporalTransformerNetwork3] Modality groups: {'EMG': 8, 'IMU_Accel': 6, 'IMU_Orient': 6}

Early stopping triggered at epoch 23. Best Val Loss: 0.2717
  MAE: 0.2836 | RMSE: 0.4897 | R²: 0.9355 | Params: 1,426,242
  Epochs: 23 | Best Train/Val gap: 0.9x | Time: 157s

=================================================================
--- Iteration 29/150 [Elapsed: 77.1m] ---
  d_model=96, nhead_s=4, nhead_t=8, layers_s=4, layers_t=3
  ff=256, dropout=0.25, wd=0.005
  lr=0.0003, bs=64, scheduler=ReduceLROnPlateau
[SpatioTemporalTransformerRegressor3] Using device: cuda
[SpatioTemporalTransformerRegressor3] Using explicitly provided validation set (6665 samples).
[SpatioTemporalTransformerRegressor3] Capping sequence length at 25 based on sample distribution (min_count=41).
[SpatioTemporalTransformerRegressor3] Grouped features into 20 spatial channels.
[Augmenter] Balanced 6 weight classes to 2000 samples each. Total: 12000
[SpatioTemporalTransformerNetwork3] Modality groups: {'EMG': 8, 'IMU_Accel': 6, 'IMU_Orient': 6}

Early stopping triggered at epoch 23. Best Val Loss: 0.2496
  MAE: 0.3013 | RMSE: 0.4935 | R²: 0.9345 | Params: 833,346
  Epochs: 23 | Best Train/Val gap: 0.8x | Time: 144s

=================================================================
--- Iteration 30/150 [Elapsed: 79.5m] ---
  d_model=96, nhead_s=4, nhead_t=2, layers_s=2, layers_t=2
  ff=1024, dropout=0.25, wd=0.005
  lr=0.0003, bs=64, scheduler=ReduceLROnPlateau
[SpatioTemporalTransformerRegressor3] Using device: cuda
[SpatioTemporalTransformerRegressor3] Using explicitly provided validation set (6665 samples).
[SpatioTemporalTransformerRegressor3] Capping sequence length at 25 based on sample distribution (min_count=41).
[SpatioTemporalTransformerRegressor3] Grouped features into 20 spatial channels.
[Augmenter] Balanced 6 weight classes to 2000 samples each. Total: 12000
[SpatioTemporalTransformerNetwork3] Modality groups: {'EMG': 8, 'IMU_Accel': 6, 'IMU_Orient': 6}

Early stopping triggered at epoch 29. Best Val Loss: 0.3293
  MAE: 0.3212 | RMSE: 0.5511 | R²: 0.9183 | Params: 732,034
  Epochs: 29 | Best Train/Val gap: 2.1x | Time: 117s

=================================================================
--- Iteration 31/150 [Elapsed: 81.5m] ---
  d_model=96, nhead_s=8, nhead_t=2, layers_s=2, layers_t=3
  ff=512, dropout=0.25, wd=0.005
  lr=0.0003, bs=64, scheduler=ReduceLROnPlateau
[SpatioTemporalTransformerRegressor3] Using device: cuda
[SpatioTemporalTransformerRegressor3] Using explicitly provided validation set (6665 samples).
[SpatioTemporalTransformerRegressor3] Capping sequence length at 25 based on sample distribution (min_count=41).
[SpatioTemporalTransformerRegressor3] Grouped features into 20 spatial channels.
[Augmenter] Balanced 6 weight classes to 2000 samples each. Total: 12000
[SpatioTemporalTransformerNetwork3] Modality groups: {'EMG': 8, 'IMU_Accel': 6, 'IMU_Orient': 6}

Early stopping triggered at epoch 23. Best Val Loss: 0.3118
  MAE: 0.3025 | RMSE: 0.5279 | R²: 0.9251 | Params: 782,690
  Epochs: 23 | Best Train/Val gap: 1.1x | Time: 122s

=================================================================
--- Iteration 32/150 [Elapsed: 83.5m] ---
  d_model=96, nhead_s=8, nhead_t=4, layers_s=4, layers_t=3
  ff=512, dropout=0.25, wd=0.005
  lr=0.0003, bs=64, scheduler=ReduceLROnPlateau
[SpatioTemporalTransformerRegressor3] Using device: cuda
[SpatioTemporalTransformerRegressor3] Using explicitly provided validation set (6665 samples).
[SpatioTemporalTransformerRegressor3] Capping sequence length at 25 based on sample distribution (min_count=41).
[SpatioTemporalTransformerRegressor3] Grouped features into 20 spatial channels.
[Augmenter] Balanced 6 weight classes to 2000 samples each. Total: 12000
[SpatioTemporalTransformerNetwork3] Modality groups: {'EMG': 8, 'IMU_Accel': 6, 'IMU_Orient': 6}

Early stopping triggered at epoch 24. Best Val Loss: 0.2870
  MAE: 0.3574 | RMSE: 0.5328 | R²: 0.9237 | Params: 1,030,978
  Epochs: 24 | Best Train/Val gap: 1.1x | Time: 157s

=================================================================
--- Iteration 33/150 [Elapsed: 86.1m] ---
  d_model=160, nhead_s=4, nhead_t=8, layers_s=2, layers_t=3
  ff=1024, dropout=0.25, wd=0.005
  lr=0.0003, bs=64, scheduler=ReduceLROnPlateau
[SpatioTemporalTransformerRegressor3] Using device: cuda
[SpatioTemporalTransformerRegressor3] Using explicitly provided validation set (6665 samples).
[SpatioTemporalTransformerRegressor3] Capping sequence length at 25 based on sample distribution (min_count=41).
[SpatioTemporalTransformerRegressor3] Grouped features into 20 spatial channels.
[Augmenter] Balanced 6 weight classes to 2000 samples each. Total: 12000
[SpatioTemporalTransformerNetwork3] Modality groups: {'EMG': 8, 'IMU_Accel': 6, 'IMU_Orient': 6}

Early stopping triggered at epoch 29. Best Val Loss: 0.3032
  MAE: 0.3047 | RMSE: 0.5434 | R²: 0.9206 | Params: 2,293,154
  Epochs: 29 | Best Train/Val gap: 2.6x | Time: 184s

=================================================================
--- Iteration 34/150 [Elapsed: 89.2m] ---
  d_model=96, nhead_s=4, nhead_t=2, layers_s=2, layers_t=4
  ff=1024, dropout=0.25, wd=0.005
  lr=0.0003, bs=64, scheduler=ReduceLROnPlateau
[SpatioTemporalTransformerRegressor3] Using device: cuda
[SpatioTemporalTransformerRegressor3] Using explicitly provided validation set (6665 samples).
[SpatioTemporalTransformerRegressor3] Capping sequence length at 25 based on sample distribution (min_count=41).
[SpatioTemporalTransformerRegressor3] Grouped features into 20 spatial channels.
[Augmenter] Balanced 6 weight classes to 2000 samples each. Total: 12000
[SpatioTemporalTransformerNetwork3] Modality groups: {'EMG': 8, 'IMU_Accel': 6, 'IMU_Orient': 6}

Early stopping triggered at epoch 31. Best Val Loss: 0.2577
  MAE: 0.2784 | RMSE: 0.4954 | R²: 0.9340 | Params: 1,426,242
  Epochs: 31 | Best Train/Val gap: 1.9x | Time: 204s

=================================================================
--- Iteration 35/150 [Elapsed: 92.6m] ---
  d_model=128, nhead_s=4, nhead_t=4, layers_s=3, layers_t=3
  ff=512, dropout=0.25, wd=0.005
  lr=0.0003, bs=64, scheduler=ReduceLROnPlateau
[SpatioTemporalTransformerRegressor3] Using device: cuda
[SpatioTemporalTransformerRegressor3] Using explicitly provided validation set (6665 samples).
[SpatioTemporalTransformerRegressor3] Capping sequence length at 25 based on sample distribution (min_count=41).
[SpatioTemporalTransformerRegressor3] Grouped features into 20 spatial channels.
[Augmenter] Balanced 6 weight classes to 2000 samples each. Total: 12000
[SpatioTemporalTransformerNetwork3] Modality groups: {'EMG': 8, 'IMU_Accel': 6, 'IMU_Orient': 6}

Early stopping triggered at epoch 23. Best Val Loss: 0.2929
  MAE: 0.2753 | RMSE: 0.4976 | R²: 0.9334 | Params: 1,241,730
  Epochs: 23 | Best Train/Val gap: 1.0x | Time: 123s

=================================================================
--- Iteration 36/150 [Elapsed: 94.6m] ---
  d_model=64, nhead_s=8, nhead_t=8, layers_s=3, layers_t=1
  ff=512, dropout=0.25, wd=0.005
  lr=0.0003, bs=64, scheduler=ReduceLROnPlateau
[SpatioTemporalTransformerRegressor3] Using device: cuda
[SpatioTemporalTransformerRegressor3] Using explicitly provided validation set (6665 samples).
[SpatioTemporalTransformerRegressor3] Capping sequence length at 25 based on sample distribution (min_count=41).
[SpatioTemporalTransformerRegressor3] Grouped features into 20 spatial channels.
[Augmenter] Balanced 6 weight classes to 2000 samples each. Total: 12000
[SpatioTemporalTransformerNetwork3] Modality groups: {'EMG': 8, 'IMU_Accel': 6, 'IMU_Orient': 6}

Early stopping triggered at epoch 23. Best Val Loss: 0.3110
  MAE: 0.2757 | RMSE: 0.5268 | R²: 0.9254 | Params: 422,978
  Epochs: 23 | Best Train/Val gap: 0.9x | Time: 125s

=================================================================
--- Iteration 37/150 [Elapsed: 96.7m] ---
  d_model=160, nhead_s=4, nhead_t=4, layers_s=3, layers_t=4
  ff=1024, dropout=0.25, wd=0.005
  lr=0.0003, bs=64, scheduler=ReduceLROnPlateau
[SpatioTemporalTransformerRegressor3] Using device: cuda
[SpatioTemporalTransformerRegressor3] Using explicitly provided validation set (6665 samples).
[SpatioTemporalTransformerRegressor3] Capping sequence length at 25 based on sample distribution (min_count=41).
[SpatioTemporalTransformerRegressor3] Grouped features into 20 spatial channels.
[Augmenter] Balanced 6 weight classes to 2000 samples each. Total: 12000
[SpatioTemporalTransformerNetwork3] Modality groups: {'EMG': 8, 'IMU_Accel': 6, 'IMU_Orient': 6}

Early stopping triggered at epoch 24. Best Val Loss: 0.2973
  MAE: 0.2793 | RMSE: 0.5114 | R²: 0.9297 | Params: 3,034,818
  Epochs: 24 | Best Train/Val gap: nanx | Time: 192s

=================================================================
--- Iteration 38/150 [Elapsed: 99.9m] ---
  d_model=96, nhead_s=4, nhead_t=4, layers_s=4, layers_t=4
  ff=256, dropout=0.25, wd=0.005
  lr=0.0003, bs=64, scheduler=ReduceLROnPlateau
[SpatioTemporalTransformerRegressor3] Using device: cuda
[SpatioTemporalTransformerRegressor3] Using explicitly provided validation set (6665 samples).
[SpatioTemporalTransformerRegressor3] Capping sequence length at 25 based on sample distribution (min_count=41).
[SpatioTemporalTransformerRegressor3] Grouped features into 20 spatial channels.
[Augmenter] Balanced 6 weight classes to 2000 samples each. Total: 12000
[SpatioTemporalTransformerNetwork3] Modality groups: {'EMG': 8, 'IMU_Accel': 6, 'IMU_Orient': 6}

Early stopping triggered at epoch 28. Best Val Loss: 0.2740
  MAE: 0.3039 | RMSE: 0.5169 | R²: 0.9281 | Params: 833,346
  Epochs: 28 | Best Train/Val gap: 1.7x | Time: 183s

=================================================================
--- Iteration 39/150 [Elapsed: 102.9m] ---
  d_model=64, nhead_s=8, nhead_t=8, layers_s=3, layers_t=4
  ff=512, dropout=0.25, wd=0.005
  lr=0.0003, bs=64, scheduler=ReduceLROnPlateau
[SpatioTemporalTransformerRegressor3] Using device: cuda
[SpatioTemporalTransformerRegressor3] Using explicitly provided validation set (6665 samples).
[SpatioTemporalTransformerRegressor3] Capping sequence length at 25 based on sample distribution (min_count=41).
[SpatioTemporalTransformerRegressor3] Grouped features into 20 spatial channels.
[Augmenter] Balanced 6 weight classes to 2000 samples each. Total: 12000
[SpatioTemporalTransformerNetwork3] Modality groups: {'EMG': 8, 'IMU_Accel': 6, 'IMU_Orient': 6}

Early stopping triggered at epoch 27. Best Val Loss: 0.2975
  MAE: 0.2836 | RMSE: 0.5254 | R²: 0.9258 | Params: 555,906
  Epochs: 27 | Best Train/Val gap: 1.4x | Time: 173s

=================================================================
--- Iteration 40/150 [Elapsed: 105.8m] ---
  d_model=128, nhead_s=4, nhead_t=4, layers_s=4, layers_t=2
  ff=512, dropout=0.25, wd=0.005
  lr=0.0003, bs=64, scheduler=ReduceLROnPlateau
[SpatioTemporalTransformerRegressor3] Using device: cuda
[SpatioTemporalTransformerRegressor3] Using explicitly provided validation set (6665 samples).
[SpatioTemporalTransformerRegressor3] Capping sequence length at 25 based on sample distribution (min_count=41).
[SpatioTemporalTransformerRegressor3] Grouped features into 20 spatial channels.
[Augmenter] Balanced 6 weight classes to 2000 samples each. Total: 12000
[SpatioTemporalTransformerNetwork3] Modality groups: {'EMG': 8, 'IMU_Accel': 6, 'IMU_Orient': 6}

Early stopping triggered at epoch 33. Best Val Loss: 0.3131
  MAE: 0.3060 | RMSE: 0.5565 | R²: 0.9167 | Params: 1,638,146
  Epochs: 33 | Best Train/Val gap: nanx | Time: 214s

=================================================================
--- Iteration 41/150 [Elapsed: 109.4m] ---
  d_model=160, nhead_s=4, nhead_t=8, layers_s=3, layers_t=2
  ff=512, dropout=0.25, wd=0.005
  lr=0.0003, bs=64, scheduler=ReduceLROnPlateau
[SpatioTemporalTransformerRegressor3] Using device: cuda
[SpatioTemporalTransformerRegressor3] Using explicitly provided validation set (6665 samples).
[SpatioTemporalTransformerRegressor3] Capping sequence length at 25 based on sample distribution (min_count=41).
[SpatioTemporalTransformerRegressor3] Grouped features into 20 spatial channels.
[Augmenter] Balanced 6 weight classes to 2000 samples each. Total: 12000
[SpatioTemporalTransformerNetwork3] Modality groups: {'EMG': 8, 'IMU_Accel': 6, 'IMU_Orient': 6}

Early stopping triggered at epoch 30. Best Val Loss: 0.3424
  MAE: 0.3296 | RMSE: 0.5792 | R²: 0.9098 | Params: 1,800,098
  Epochs: 30 | Best Train/Val gap: 3.4x | Time: 178s

=================================================================
--- Iteration 42/150 [Elapsed: 112.4m] ---
  d_model=64, nhead_s=8, nhead_t=8, layers_s=3, layers_t=2
  ff=1024, dropout=0.25, wd=0.005
  lr=0.0003, bs=64, scheduler=ReduceLROnPlateau
[SpatioTemporalTransformerRegressor3] Using device: cuda
[SpatioTemporalTransformerRegressor3] Using explicitly provided validation set (6665 samples).
[SpatioTemporalTransformerRegressor3] Capping sequence length at 25 based on sample distribution (min_count=41).
[SpatioTemporalTransformerRegressor3] Grouped features into 20 spatial channels.
[Augmenter] Balanced 6 weight classes to 2000 samples each. Total: 12000
[SpatioTemporalTransformerNetwork3] Modality groups: {'EMG': 8, 'IMU_Accel': 6, 'IMU_Orient': 6}

Early stopping triggered at epoch 23. Best Val Loss: 0.2823
  MAE: 0.3634 | RMSE: 0.5305 | R²: 0.9243 | Params: 621,122
  Epochs: 23 | Best Train/Val gap: 0.8x | Time: 128s

=================================================================
--- Iteration 43/150 [Elapsed: 114.5m] ---
  d_model=96, nhead_s=4, nhead_t=4, layers_s=3, layers_t=2
  ff=1024, dropout=0.25, wd=0.005
  lr=0.0003, bs=64, scheduler=ReduceLROnPlateau
[SpatioTemporalTransformerRegressor3] Using device: cuda
[SpatioTemporalTransformerRegressor3] Using explicitly provided validation set (6665 samples).
[SpatioTemporalTransformerRegressor3] Capping sequence length at 25 based on sample distribution (min_count=41).
[SpatioTemporalTransformerRegressor3] Grouped features into 20 spatial channels.
[Augmenter] Balanced 6 weight classes to 2000 samples each. Total: 12000
[SpatioTemporalTransformerNetwork3] Modality groups: {'EMG': 8, 'IMU_Accel': 6, 'IMU_Orient': 6}

Early stopping triggered at epoch 29. Best Val Loss: 0.2675
  MAE: 0.2900 | RMSE: 0.5112 | R²: 0.9297 | Params: 1,079,138
  Epochs: 29 | Best Train/Val gap: nanx | Time: 167s

=================================================================
--- Iteration 44/150 [Elapsed: 117.3m] ---
  d_model=96, nhead_s=4, nhead_t=4, layers_s=2, layers_t=3
  ff=512, dropout=0.25, wd=0.005
  lr=0.0003, bs=64, scheduler=ReduceLROnPlateau
[SpatioTemporalTransformerRegressor3] Using device: cuda
[SpatioTemporalTransformerRegressor3] Using explicitly provided validation set (6665 samples).
[SpatioTemporalTransformerRegressor3] Capping sequence length at 25 based on sample distribution (min_count=41).
[SpatioTemporalTransformerRegressor3] Grouped features into 20 spatial channels.
[Augmenter] Balanced 6 weight classes to 2000 samples each. Total: 12000
[SpatioTemporalTransformerNetwork3] Modality groups: {'EMG': 8, 'IMU_Accel': 6, 'IMU_Orient': 6}

Early stopping triggered at epoch 22. Best Val Loss: 0.2925
  MAE: 0.3186 | RMSE: 0.5336 | R²: 0.9234 | Params: 782,690
  Epochs: 22 | Best Train/Val gap: 0.8x | Time: 124s

=================================================================
--- Iteration 45/150 [Elapsed: 119.3m] ---
  d_model=96, nhead_s=4, nhead_t=2, layers_s=2, layers_t=4
  ff=512, dropout=0.25, wd=0.005
  lr=0.0003, bs=64, scheduler=ReduceLROnPlateau
[SpatioTemporalTransformerRegressor3] Using device: cuda
[SpatioTemporalTransformerRegressor3] Using explicitly provided validation set (6665 samples).
[SpatioTemporalTransformerRegressor3] Capping sequence length at 25 based on sample distribution (min_count=41).
[SpatioTemporalTransformerRegressor3] Grouped features into 20 spatial channels.
[Augmenter] Balanced 6 weight classes to 2000 samples each. Total: 12000
[SpatioTemporalTransformerNetwork3] Modality groups: {'EMG': 8, 'IMU_Accel': 6, 'IMU_Orient': 6}

Early stopping triggered at epoch 23. Best Val Loss: 0.2452
  MAE: 0.3081 | RMSE: 0.4908 | R²: 0.9352 | Params: 1,030,978
  Epochs: 23 | Best Train/Val gap: 0.8x | Time: 149s

=================================================================
--- Iteration 46/150 [Elapsed: 121.8m] ---
  d_model=64, nhead_s=8, nhead_t=8, layers_s=3, layers_t=3
  ff=1024, dropout=0.25, wd=0.005
  lr=0.0003, bs=64, scheduler=ReduceLROnPlateau
[SpatioTemporalTransformerRegressor3] Using device: cuda
[SpatioTemporalTransformerRegressor3] Using explicitly provided validation set (6665 samples).
[SpatioTemporalTransformerRegressor3] Capping sequence length at 25 based on sample distribution (min_count=41).
[SpatioTemporalTransformerRegressor3] Grouped features into 20 spatial channels.
[Augmenter] Balanced 6 weight classes to 2000 samples each. Total: 12000
[SpatioTemporalTransformerNetwork3] Modality groups: {'EMG': 8, 'IMU_Accel': 6, 'IMU_Orient': 6}

Early stopping triggered at epoch 26. Best Val Loss: 0.2916
  MAE: 0.2791 | RMSE: 0.5119 | R²: 0.9295 | Params: 621,122
  Epochs: 26 | Best Train/Val gap: 1.2x | Time: 143s

=================================================================
--- Iteration 47/150 [Elapsed: 124.2m] ---
  d_model=64, nhead_s=8, nhead_t=2, layers_s=2, layers_t=4
  ff=256, dropout=0.25, wd=0.005
  lr=0.0003, bs=64, scheduler=ReduceLROnPlateau
[SpatioTemporalTransformerRegressor3] Using device: cuda
[SpatioTemporalTransformerRegressor3] Using explicitly provided validation set (6665 samples).
[SpatioTemporalTransformerRegressor3] Capping sequence length at 25 based on sample distribution (min_count=41).
[SpatioTemporalTransformerRegressor3] Grouped features into 20 spatial channels.
[Augmenter] Balanced 6 weight classes to 2000 samples each. Total: 12000
[SpatioTemporalTransformerNetwork3] Modality groups: {'EMG': 8, 'IMU_Accel': 6, 'IMU_Orient': 6}

Early stopping triggered at epoch 23. Best Val Loss: 0.2788
  MAE: 0.3051 | RMSE: 0.5171 | R²: 0.9281 | Params: 423,810
  Epochs: 23 | Best Train/Val gap: 0.8x | Time: 140s

=================================================================
--- Iteration 48/150 [Elapsed: 126.5m] ---
  d_model=96, nhead_s=4, nhead_t=4, layers_s=2, layers_t=4
  ff=1024, dropout=0.25, wd=0.005
  lr=0.0003, bs=64, scheduler=ReduceLROnPlateau
[SpatioTemporalTransformerRegressor3] Using device: cuda
[SpatioTemporalTransformerRegressor3] Using explicitly provided validation set (6665 samples).
[SpatioTemporalTransformerRegressor3] Capping sequence length at 25 based on sample distribution (min_count=41).
[SpatioTemporalTransformerRegressor3] Grouped features into 20 spatial channels.
[Augmenter] Balanced 6 weight classes to 2000 samples each. Total: 12000
[SpatioTemporalTransformerNetwork3] Modality groups: {'EMG': 8, 'IMU_Accel': 6, 'IMU_Orient': 6}

Early stopping triggered at epoch 25. Best Val Loss: 0.2648
  MAE: 0.2908 | RMSE: 0.5051 | R²: 0.9314 | Params: 1,426,242
  Epochs: 25 | Best Train/Val gap: 1.1x | Time: 174s

=================================================================
--- Iteration 49/150 [Elapsed: 129.4m] ---
  d_model=128, nhead_s=4, nhead_t=8, layers_s=2, layers_t=2
  ff=1024, dropout=0.25, wd=0.005
  lr=0.0003, bs=64, scheduler=ReduceLROnPlateau
[SpatioTemporalTransformerRegressor3] Using device: cuda
[SpatioTemporalTransformerRegressor3] Using explicitly provided validation set (6665 samples).
[SpatioTemporalTransformerRegressor3] Capping sequence length at 25 based on sample distribution (min_count=41).
[SpatioTemporalTransformerRegressor3] Grouped features into 20 spatial channels.
[Augmenter] Balanced 6 weight classes to 2000 samples each. Total: 12000
[SpatioTemporalTransformerNetwork3] Modality groups: {'EMG': 8, 'IMU_Accel': 6, 'IMU_Orient': 6}

Early stopping triggered at epoch 50. Best Val Loss: 0.3213
  MAE: 0.3175 | RMSE: 0.5618 | R²: 0.9151 | Params: 1,108,482
  Epochs: 50 | Best Train/Val gap: 8.3x | Time: 203s

=================================================================
--- Iteration 50/150 [Elapsed: 132.8m] ---
  d_model=96, nhead_s=8, nhead_t=2, layers_s=4, layers_t=1
  ff=512, dropout=0.25, wd=0.005
  lr=0.0003, bs=64, scheduler=ReduceLROnPlateau
[SpatioTemporalTransformerRegressor3] Using device: cuda
[SpatioTemporalTransformerRegressor3] Using explicitly provided validation set (6665 samples).
[SpatioTemporalTransformerRegressor3] Capping sequence length at 25 based on sample distribution (min_count=41).
[SpatioTemporalTransformerRegressor3] Grouped features into 20 spatial channels.
[Augmenter] Balanced 6 weight classes to 2000 samples each. Total: 12000
[SpatioTemporalTransformerNetwork3] Modality groups: {'EMG': 8, 'IMU_Accel': 6, 'IMU_Orient': 6}

Early stopping triggered at epoch 21. Best Val Loss: 0.3273
  MAE: 0.3323 | RMSE: 0.5568 | R²: 0.9166 | Params: 1,030,978
  Epochs: 21 | Best Train/Val gap: 0.2x | Time: 141s

=================================================================
--- Iteration 51/150 [Elapsed: 135.2m] ---
  d_model=96, nhead_s=8, nhead_t=4, layers_s=2, layers_t=3
  ff=512, dropout=0.25, wd=0.005
  lr=0.0003, bs=64, scheduler=ReduceLROnPlateau
[SpatioTemporalTransformerRegressor3] Using device: cuda
[SpatioTemporalTransformerRegressor3] Using explicitly provided validation set (6665 samples).
[SpatioTemporalTransformerRegressor3] Capping sequence length at 25 based on sample distribution (min_count=41).
[SpatioTemporalTransformerRegressor3] Grouped features into 20 spatial channels.
[Augmenter] Balanced 6 weight classes to 2000 samples each. Total: 12000
[SpatioTemporalTransformerNetwork3] Modality groups: {'EMG': 8, 'IMU_Accel': 6, 'IMU_Orient': 6}

Early stopping triggered at epoch 22. Best Val Loss: 0.2922
  MAE: 0.3819 | RMSE: 0.5401 | R²: 0.9216 | Params: 782,690
  Epochs: 22 | Best Train/Val gap: 0.8x | Time: 120s

=================================================================
--- Iteration 52/150 [Elapsed: 137.2m] ---
  d_model=64, nhead_s=4, nhead_t=8, layers_s=3, layers_t=3
  ff=256, dropout=0.25, wd=0.005
  lr=0.0003, bs=64, scheduler=ReduceLROnPlateau
[SpatioTemporalTransformerRegressor3] Using device: cuda
[SpatioTemporalTransformerRegressor3] Using explicitly provided validation set (6665 samples).
[SpatioTemporalTransformerRegressor3] Capping sequence length at 25 based on sample distribution (min_count=41).
[SpatioTemporalTransformerRegressor3] Grouped features into 20 spatial channels.
[Augmenter] Balanced 6 weight classes to 2000 samples each. Total: 12000
[SpatioTemporalTransformerNetwork3] Modality groups: {'EMG': 8, 'IMU_Accel': 6, 'IMU_Orient': 6}

Early stopping triggered at epoch 27. Best Val Loss: 0.2879
  MAE: 0.2933 | RMSE: 0.5236 | R²: 0.9263 | Params: 323,906
  Epochs: 27 | Best Train/Val gap: 1.3x | Time: 138s

=================================================================
--- Iteration 53/150 [Elapsed: 139.5m] ---
  d_model=96, nhead_s=4, nhead_t=8, layers_s=3, layers_t=1
  ff=256, dropout=0.25, wd=0.005
  lr=0.0003, bs=64, scheduler=ReduceLROnPlateau
[SpatioTemporalTransformerRegressor3] Using device: cuda
[SpatioTemporalTransformerRegressor3] Using explicitly provided validation set (6665 samples).
[SpatioTemporalTransformerRegressor3] Capping sequence length at 25 based on sample distribution (min_count=41).
[SpatioTemporalTransformerRegressor3] Grouped features into 20 spatial channels.
[Augmenter] Balanced 6 weight classes to 2000 samples each. Total: 12000
[SpatioTemporalTransformerNetwork3] Modality groups: {'EMG': 8, 'IMU_Accel': 6, 'IMU_Orient': 6}

Early stopping triggered at epoch 22. Best Val Loss: 0.2167
  MAE: 0.2756 | RMSE: 0.4550 | R²: 0.9443 | Params: 634,466
  Epochs: 22 | Best Train/Val gap: 0.5x | Time: 115s
  >>> NEW BEST MODEL! RMSE: 0.4550

=================================================================
--- Iteration 54/150 [Elapsed: 141.4m] ---
  d_model=160, nhead_s=8, nhead_t=8, layers_s=4, layers_t=2
  ff=256, dropout=0.25, wd=0.005
  lr=0.0003, bs=64, scheduler=ReduceLROnPlateau
[SpatioTemporalTransformerRegressor3] Using device: cuda
[SpatioTemporalTransformerRegressor3] Using explicitly provided validation set (6665 samples).
[SpatioTemporalTransformerRegressor3] Capping sequence length at 25 based on sample distribution (min_count=41).
[SpatioTemporalTransformerRegressor3] Grouped features into 20 spatial channels.
[Augmenter] Balanced 6 weight classes to 2000 samples each. Total: 12000
[SpatioTemporalTransformerNetwork3] Modality groups: {'EMG': 8, 'IMU_Accel': 6, 'IMU_Orient': 6}

Early stopping triggered at epoch 22. Best Val Loss: 0.2860
  MAE: 0.3132 | RMSE: 0.5261 | R²: 0.9256 | Params: 2,048,706
  Epochs: 22 | Best Train/Val gap: nanx | Time: 175s

=================================================================
--- Iteration 55/150 [Elapsed: 144.3m] ---
  d_model=160, nhead_s=4, nhead_t=8, layers_s=3, layers_t=3
  ff=1024, dropout=0.25, wd=0.005
  lr=0.0003, bs=64, scheduler=ReduceLROnPlateau
[SpatioTemporalTransformerRegressor3] Using device: cuda
[SpatioTemporalTransformerRegressor3] Using explicitly provided validation set (6665 samples).
[SpatioTemporalTransformerRegressor3] Capping sequence length at 25 based on sample distribution (min_count=41).
[SpatioTemporalTransformerRegressor3] Grouped features into 20 spatial channels.
[Augmenter] Balanced 6 weight classes to 2000 samples each. Total: 12000
[SpatioTemporalTransformerNetwork3] Modality groups: {'EMG': 8, 'IMU_Accel': 6, 'IMU_Orient': 6}

Early stopping triggered at epoch 22. Best Val Loss: 0.3037
  MAE: 0.3019 | RMSE: 0.5288 | R²: 0.9248 | Params: 2,293,154
  Epochs: 22 | Best Train/Val gap: 0.9x | Time: 150s

=================================================================
--- Iteration 56/150 [Elapsed: 146.8m] ---
  d_model=160, nhead_s=4, nhead_t=8, layers_s=4, layers_t=4
  ff=1024, dropout=0.25, wd=0.005
  lr=0.0003, bs=64, scheduler=ReduceLROnPlateau
[SpatioTemporalTransformerRegressor3] Using device: cuda
[SpatioTemporalTransformerRegressor3] Using explicitly provided validation set (6665 samples).
[SpatioTemporalTransformerRegressor3] Capping sequence length at 25 based on sample distribution (min_count=41).
[SpatioTemporalTransformerRegressor3] Grouped features into 20 spatial channels.
[Augmenter] Balanced 6 weight classes to 2000 samples each. Total: 12000
[SpatioTemporalTransformerNetwork3] Modality groups: {'EMG': 8, 'IMU_Accel': 6, 'IMU_Orient': 6}

Early stopping triggered at epoch 42. Best Val Loss: 0.3015
  MAE: 0.2846 | RMSE: 0.5489 | R²: 0.9190 | Params: 3,034,818
  Epochs: 42 | Best Train/Val gap: 7.9x | Time: 324s

=================================================================
--- Iteration 57/150 [Elapsed: 152.2m] ---
  d_model=64, nhead_s=8, nhead_t=8, layers_s=4, layers_t=2
  ff=1024, dropout=0.25, wd=0.005
  lr=0.0003, bs=64, scheduler=ReduceLROnPlateau
[SpatioTemporalTransformerRegressor3] Using device: cuda
[SpatioTemporalTransformerRegressor3] Using explicitly provided validation set (6665 samples).
[SpatioTemporalTransformerRegressor3] Capping sequence length at 25 based on sample distribution (min_count=41).
[SpatioTemporalTransformerRegressor3] Grouped features into 20 spatial channels.
[Augmenter] Balanced 6 weight classes to 2000 samples each. Total: 12000
[SpatioTemporalTransformerNetwork3] Modality groups: {'EMG': 8, 'IMU_Accel': 6, 'IMU_Orient': 6}

Early stopping triggered at epoch 23. Best Val Loss: 0.2578
  MAE: 0.3123 | RMSE: 0.5058 | R²: 0.9312 | Params: 820,098
  Epochs: 23 | Best Train/Val gap: 0.7x | Time: 152s

=================================================================
--- Iteration 58/150 [Elapsed: 154.7m] ---
  d_model=96, nhead_s=8, nhead_t=4, layers_s=4, layers_t=1
  ff=1024, dropout=0.25, wd=0.005
  lr=0.0003, bs=64, scheduler=ReduceLROnPlateau
[SpatioTemporalTransformerRegressor3] Using device: cuda
[SpatioTemporalTransformerRegressor3] Using explicitly provided validation set (6665 samples).
[SpatioTemporalTransformerRegressor3] Capping sequence length at 25 based on sample distribution (min_count=41).
[SpatioTemporalTransformerRegressor3] Grouped features into 20 spatial channels.
[Augmenter] Balanced 6 weight classes to 2000 samples each. Total: 12000
[SpatioTemporalTransformerNetwork3] Modality groups: {'EMG': 8, 'IMU_Accel': 6, 'IMU_Orient': 6}

Early stopping triggered at epoch 29. Best Val Loss: 0.2901
  MAE: 0.3075 | RMSE: 0.5353 | R²: 0.9229 | Params: 1,426,242
  Epochs: 29 | Best Train/Val gap: 2.0x | Time: 199s

=================================================================
--- Iteration 59/150 [Elapsed: 158.0m] ---
  d_model=160, nhead_s=8, nhead_t=4, layers_s=4, layers_t=1
  ff=256, dropout=0.25, wd=0.005
  lr=0.0003, bs=64, scheduler=ReduceLROnPlateau
[SpatioTemporalTransformerRegressor3] Using device: cuda
[SpatioTemporalTransformerRegressor3] Using explicitly provided validation set (6665 samples).
[SpatioTemporalTransformerRegressor3] Capping sequence length at 25 based on sample distribution (min_count=41).
[SpatioTemporalTransformerRegressor3] Grouped features into 20 spatial channels.
[Augmenter] Balanced 6 weight classes to 2000 samples each. Total: 12000
[SpatioTemporalTransformerNetwork3] Modality groups: {'EMG': 8, 'IMU_Accel': 6, 'IMU_Orient': 6}

Early stopping triggered at epoch 25. Best Val Loss: 0.3022
  MAE: 0.3075 | RMSE: 0.5453 | R²: 0.9200 | Params: 2,048,706
  Epochs: 25 | Best Train/Val gap: nanx | Time: 187s

=================================================================
--- Iteration 60/150 [Elapsed: 161.1m] ---
  d_model=96, nhead_s=8, nhead_t=8, layers_s=2, layers_t=4
  ff=512, dropout=0.25, wd=0.005
  lr=0.0003, bs=64, scheduler=ReduceLROnPlateau
[SpatioTemporalTransformerRegressor3] Using device: cuda
[SpatioTemporalTransformerRegressor3] Using explicitly provided validation set (6665 samples).
[SpatioTemporalTransformerRegressor3] Capping sequence length at 25 based on sample distribution (min_count=41).
[SpatioTemporalTransformerRegressor3] Grouped features into 20 spatial channels.
[Augmenter] Balanced 6 weight classes to 2000 samples each. Total: 12000
[SpatioTemporalTransformerNetwork3] Modality groups: {'EMG': 8, 'IMU_Accel': 6, 'IMU_Orient': 6}

Early stopping triggered at epoch 24. Best Val Loss: 0.2546
  MAE: 0.3048 | RMSE: 0.4977 | R²: 0.9334 | Params: 1,030,978
  Epochs: 24 | Best Train/Val gap: 1.0x | Time: 162s

=================================================================
--- Iteration 61/150 [Elapsed: 163.8m] ---
  d_model=96, nhead_s=8, nhead_t=2, layers_s=4, layers_t=2
  ff=512, dropout=0.25, wd=0.005
  lr=0.0003, bs=64, scheduler=ReduceLROnPlateau
[SpatioTemporalTransformerRegressor3] Using device: cuda
[SpatioTemporalTransformerRegressor3] Using explicitly provided validation set (6665 samples).
[SpatioTemporalTransformerRegressor3] Capping sequence length at 25 based on sample distribution (min_count=41).
[SpatioTemporalTransformerRegressor3] Grouped features into 20 spatial channels.
[Augmenter] Balanced 6 weight classes to 2000 samples each. Total: 12000
[SpatioTemporalTransformerNetwork3] Modality groups: {'EMG': 8, 'IMU_Accel': 6, 'IMU_Orient': 6}

Early stopping triggered at epoch 24. Best Val Loss: 0.2855
  MAE: 0.3062 | RMSE: 0.5225 | R²: 0.9266 | Params: 1,030,978
  Epochs: 24 | Best Train/Val gap: 1.1x | Time: 159s

=================================================================
--- Iteration 62/150 [Elapsed: 166.5m] ---
  d_model=128, nhead_s=4, nhead_t=8, layers_s=2, layers_t=3
  ff=1024, dropout=0.25, wd=0.005
  lr=0.0003, bs=64, scheduler=ReduceLROnPlateau
[SpatioTemporalTransformerRegressor3] Using device: cuda
[SpatioTemporalTransformerRegressor3] Using explicitly provided validation set (6665 samples).
[SpatioTemporalTransformerRegressor3] Capping sequence length at 25 based on sample distribution (min_count=41).
[SpatioTemporalTransformerRegressor3] Grouped features into 20 spatial channels.
[Augmenter] Balanced 6 weight classes to 2000 samples each. Total: 12000
[SpatioTemporalTransformerNetwork3] Modality groups: {'EMG': 8, 'IMU_Accel': 6, 'IMU_Orient': 6}

Early stopping triggered at epoch 88. Best Val Loss: 0.3239
  MAE: 0.2838 | RMSE: 0.5624 | R²: 0.9150 | Params: 1,636,482
  Epochs: 88 | Best Train/Val gap: 29.7x | Time: 489s

=================================================================
--- Iteration 63/150 [Elapsed: 174.6m] ---
  d_model=128, nhead_s=4, nhead_t=8, layers_s=4, layers_t=4
  ff=256, dropout=0.25, wd=0.005
  lr=0.0003, bs=64, scheduler=ReduceLROnPlateau
[SpatioTemporalTransformerRegressor3] Using device: cuda
[SpatioTemporalTransformerRegressor3] Using explicitly provided validation set (6665 samples).
[SpatioTemporalTransformerRegressor3] Capping sequence length at 25 based on sample distribution (min_count=41).
[SpatioTemporalTransformerRegressor3] Grouped features into 20 spatial channels.
[Augmenter] Balanced 6 weight classes to 2000 samples each. Total: 12000
[SpatioTemporalTransformerNetwork3] Modality groups: {'EMG': 8, 'IMU_Accel': 6, 'IMU_Orient': 6}

Early stopping triggered at epoch 24. Best Val Loss: 0.3009
  MAE: 0.3145 | RMSE: 0.5415 | R²: 0.9212 | Params: 1,374,978
  Epochs: 24 | Best Train/Val gap: 1.3x | Time: 161s

=================================================================
--- Iteration 64/150 [Elapsed: 177.3m] ---
  d_model=96, nhead_s=4, nhead_t=2, layers_s=4, layers_t=1
  ff=1024, dropout=0.25, wd=0.005
  lr=0.0003, bs=64, scheduler=ReduceLROnPlateau
[SpatioTemporalTransformerRegressor3] Using device: cuda
[SpatioTemporalTransformerRegressor3] Using explicitly provided validation set (6665 samples).
[SpatioTemporalTransformerRegressor3] Capping sequence length at 25 based on sample distribution (min_count=41).
[SpatioTemporalTransformerRegressor3] Grouped features into 20 spatial channels.
[Augmenter] Balanced 6 weight classes to 2000 samples each. Total: 12000
[SpatioTemporalTransformerNetwork3] Modality groups: {'EMG': 8, 'IMU_Accel': 6, 'IMU_Orient': 6}

Early stopping triggered at epoch 37. Best Val Loss: 0.2716
  MAE: 0.2748 | RMSE: 0.5119 | R²: 0.9295 | Params: 1,426,242
  Epochs: 37 | Best Train/Val gap: 3.2x | Time: 245s

=================================================================
--- Iteration 65/150 [Elapsed: 181.4m] ---
  d_model=96, nhead_s=8, nhead_t=8, layers_s=3, layers_t=2
  ff=256, dropout=0.25, wd=0.005
  lr=0.0003, bs=64, scheduler=ReduceLROnPlateau
[SpatioTemporalTransformerRegressor3] Using device: cuda
[SpatioTemporalTransformerRegressor3] Using explicitly provided validation set (6665 samples).
[SpatioTemporalTransformerRegressor3] Capping sequence length at 25 based on sample distribution (min_count=41).
[SpatioTemporalTransformerRegressor3] Grouped features into 20 spatial channels.
[Augmenter] Balanced 6 weight classes to 2000 samples each. Total: 12000
[SpatioTemporalTransformerNetwork3] Modality groups: {'EMG': 8, 'IMU_Accel': 6, 'IMU_Orient': 6}

Early stopping triggered at epoch 23. Best Val Loss: 0.2703
  MAE: 0.3134 | RMSE: 0.5130 | R²: 0.9292 | Params: 634,466
  Epochs: 23 | Best Train/Val gap: 0.9x | Time: 125s

=================================================================
--- Iteration 66/150 [Elapsed: 183.5m] ---
  d_model=64, nhead_s=8, nhead_t=8, layers_s=3, layers_t=3
  ff=256, dropout=0.25, wd=0.005
  lr=0.0003, bs=64, scheduler=ReduceLROnPlateau
[SpatioTemporalTransformerRegressor3] Using device: cuda
[SpatioTemporalTransformerRegressor3] Using explicitly provided validation set (6665 samples).
[SpatioTemporalTransformerRegressor3] Capping sequence length at 25 based on sample distribution (min_count=41).
[SpatioTemporalTransformerRegressor3] Grouped features into 20 spatial channels.
[Augmenter] Balanced 6 weight classes to 2000 samples each. Total: 12000
[SpatioTemporalTransformerNetwork3] Modality groups: {'EMG': 8, 'IMU_Accel': 6, 'IMU_Orient': 6}

Early stopping triggered at epoch 25. Best Val Loss: 0.3018
  MAE: 0.3038 | RMSE: 0.5317 | R²: 0.9240 | Params: 323,906
  Epochs: 25 | Best Train/Val gap: 1.2x | Time: 131s

=================================================================
--- Iteration 67/150 [Elapsed: 185.7m] ---
  d_model=160, nhead_s=8, nhead_t=8, layers_s=3, layers_t=4
  ff=1024, dropout=0.25, wd=0.005
  lr=0.0003, bs=64, scheduler=ReduceLROnPlateau
[SpatioTemporalTransformerRegressor3] Using device: cuda
[SpatioTemporalTransformerRegressor3] Using explicitly provided validation set (6665 samples).
[SpatioTemporalTransformerRegressor3] Capping sequence length at 25 based on sample distribution (min_count=41).
[SpatioTemporalTransformerRegressor3] Grouped features into 20 spatial channels.
[Augmenter] Balanced 6 weight classes to 2000 samples each. Total: 12000
[SpatioTemporalTransformerNetwork3] Modality groups: {'EMG': 8, 'IMU_Accel': 6, 'IMU_Orient': 6}

Early stopping triggered at epoch 22. Best Val Loss: 0.2790
  MAE: 0.2946 | RMSE: 0.5148 | R²: 0.9287 | Params: 3,034,818
  Epochs: 22 | Best Train/Val gap: 0.8x | Time: 186s

=================================================================
--- Iteration 68/150 [Elapsed: 188.8m] ---
  d_model=128, nhead_s=4, nhead_t=4, layers_s=2, layers_t=4
  ff=1024, dropout=0.25, wd=0.005
  lr=0.0003, bs=64, scheduler=ReduceLROnPlateau
[SpatioTemporalTransformerRegressor3] Using device: cuda
[SpatioTemporalTransformerRegressor3] Using explicitly provided validation set (6665 samples).
[SpatioTemporalTransformerRegressor3] Capping sequence length at 25 based on sample distribution (min_count=41).
[SpatioTemporalTransformerRegressor3] Grouped features into 20 spatial channels.
[Augmenter] Balanced 6 weight classes to 2000 samples each. Total: 12000
[SpatioTemporalTransformerNetwork3] Modality groups: {'EMG': 8, 'IMU_Accel': 6, 'IMU_Orient': 6}

Early stopping triggered at epoch 38. Best Val Loss: 0.3321
  MAE: 0.3191 | RMSE: 0.5761 | R²: 0.9108 | Params: 2,164,482
  Epochs: 38 | Best Train/Val gap: 5.3x | Time: 272s

=================================================================
--- Iteration 69/150 [Elapsed: 193.3m] ---
  d_model=128, nhead_s=8, nhead_t=8, layers_s=4, layers_t=1
  ff=1024, dropout=0.25, wd=0.005
  lr=0.0003, bs=64, scheduler=ReduceLROnPlateau
[SpatioTemporalTransformerRegressor3] Using device: cuda
[SpatioTemporalTransformerRegressor3] Using explicitly provided validation set (6665 samples).
[SpatioTemporalTransformerRegressor3] Capping sequence length at 25 based on sample distribution (min_count=41).
[SpatioTemporalTransformerRegressor3] Grouped features into 20 spatial channels.
[Augmenter] Balanced 6 weight classes to 2000 samples each. Total: 12000
[SpatioTemporalTransformerNetwork3] Modality groups: {'EMG': 8, 'IMU_Accel': 6, 'IMU_Orient': 6}

Early stopping triggered at epoch 21. Best Val Loss: 0.2970
  MAE: 0.3466 | RMSE: 0.5432 | R²: 0.9207 | Params: 2,164,482
  Epochs: 21 | Best Train/Val gap: 0.2x | Time: 162s

=================================================================
--- Iteration 70/150 [Elapsed: 196.0m] ---
  d_model=160, nhead_s=4, nhead_t=2, layers_s=3, layers_t=1
  ff=1024, dropout=0.25, wd=0.005
  lr=0.0003, bs=64, scheduler=ReduceLROnPlateau
[SpatioTemporalTransformerRegressor3] Using device: cuda
[SpatioTemporalTransformerRegressor3] Using explicitly provided validation set (6665 samples).
[SpatioTemporalTransformerRegressor3] Capping sequence length at 25 based on sample distribution (min_count=41).
[SpatioTemporalTransformerRegressor3] Grouped features into 20 spatial channels.
[Augmenter] Balanced 6 weight classes to 2000 samples each. Total: 12000
[SpatioTemporalTransformerNetwork3] Modality groups: {'EMG': 8, 'IMU_Accel': 6, 'IMU_Orient': 6}

Early stopping triggered at epoch 24. Best Val Loss: 0.3110
  MAE: 0.3070 | RMSE: 0.5346 | R²: 0.9231 | Params: 2,293,154
  Epochs: 24 | Best Train/Val gap: 1.4x | Time: 162s

=================================================================
--- Iteration 71/150 [Elapsed: 198.7m] ---
  d_model=96, nhead_s=8, nhead_t=2, layers_s=3, layers_t=4
  ff=256, dropout=0.25, wd=0.005
  lr=0.0003, bs=64, scheduler=ReduceLROnPlateau
[SpatioTemporalTransformerRegressor3] Using device: cuda
[SpatioTemporalTransformerRegressor3] Using explicitly provided validation set (6665 samples).
[SpatioTemporalTransformerRegressor3] Capping sequence length at 25 based on sample distribution (min_count=41).
[SpatioTemporalTransformerRegressor3] Grouped features into 20 spatial channels.
[Augmenter] Balanced 6 weight classes to 2000 samples each. Total: 12000
[SpatioTemporalTransformerNetwork3] Modality groups: {'EMG': 8, 'IMU_Accel': 6, 'IMU_Orient': 6}

Early stopping triggered at epoch 37. Best Val Loss: 0.2872
  MAE: 0.3028 | RMSE: 0.5335 | R²: 0.9235 | Params: 833,346
  Epochs: 37 | Best Train/Val gap: 3.7x | Time: 235s

=================================================================
--- Iteration 72/150 [Elapsed: 202.6m] ---
  d_model=128, nhead_s=4, nhead_t=2, layers_s=4, layers_t=3
  ff=256, dropout=0.25, wd=0.005
  lr=0.0003, bs=64, scheduler=ReduceLROnPlateau
[SpatioTemporalTransformerRegressor3] Using device: cuda
[SpatioTemporalTransformerRegressor3] Using explicitly provided validation set (6665 samples).
[SpatioTemporalTransformerRegressor3] Capping sequence length at 25 based on sample distribution (min_count=41).
[SpatioTemporalTransformerRegressor3] Grouped features into 20 spatial channels.
[Augmenter] Balanced 6 weight classes to 2000 samples each. Total: 12000
[SpatioTemporalTransformerNetwork3] Modality groups: {'EMG': 8, 'IMU_Accel': 6, 'IMU_Orient': 6}

Early stopping triggered at epoch 24. Best Val Loss: 0.2633
  MAE: 0.2762 | RMSE: 0.4978 | R²: 0.9334 | Params: 1,374,978
  Epochs: 24 | Best Train/Val gap: 1.2x | Time: 157s

=================================================================
--- Iteration 73/150 [Elapsed: 205.3m] ---
  d_model=128, nhead_s=8, nhead_t=8, layers_s=2, layers_t=1
  ff=1024, dropout=0.25, wd=0.005
  lr=0.0003, bs=64, scheduler=ReduceLROnPlateau
[SpatioTemporalTransformerRegressor3] Using device: cuda
[SpatioTemporalTransformerRegressor3] Using explicitly provided validation set (6665 samples).
[SpatioTemporalTransformerRegressor3] Capping sequence length at 25 based on sample distribution (min_count=41).
[SpatioTemporalTransformerRegressor3] Grouped features into 20 spatial channels.
[Augmenter] Balanced 6 weight classes to 2000 samples each. Total: 12000
[SpatioTemporalTransformerNetwork3] Modality groups: {'EMG': 8, 'IMU_Accel': 6, 'IMU_Orient': 6}

Early stopping triggered at epoch 21. Best Val Loss: 0.3003
  MAE: 0.2941 | RMSE: 0.5121 | R²: 0.9295 | Params: 1,108,482
  Epochs: 21 | Best Train/Val gap: 0.3x | Time: 101s

=================================================================
--- Iteration 74/150 [Elapsed: 206.9m] ---
  d_model=128, nhead_s=8, nhead_t=8, layers_s=2, layers_t=3
  ff=1024, dropout=0.25, wd=0.005
  lr=0.0003, bs=64, scheduler=ReduceLROnPlateau
[SpatioTemporalTransformerRegressor3] Using device: cuda
[SpatioTemporalTransformerRegressor3] Using explicitly provided validation set (6665 samples).
[SpatioTemporalTransformerRegressor3] Capping sequence length at 25 based on sample distribution (min_count=41).
[SpatioTemporalTransformerRegressor3] Grouped features into 20 spatial channels.
[Augmenter] Balanced 6 weight classes to 2000 samples each. Total: 12000
[SpatioTemporalTransformerNetwork3] Modality groups: {'EMG': 8, 'IMU_Accel': 6, 'IMU_Orient': 6}

Early stopping triggered at epoch 25. Best Val Loss: 0.2927
  MAE: 0.3264 | RMSE: 0.5388 | R²: 0.9219 | Params: 1,636,482
  Epochs: 25 | Best Train/Val gap: 1.4x | Time: 152s

=================================================================
--- Iteration 75/150 [Elapsed: 209.5m] ---
  d_model=160, nhead_s=4, nhead_t=2, layers_s=2, layers_t=3
  ff=256, dropout=0.25, wd=0.005
  lr=0.0003, bs=64, scheduler=ReduceLROnPlateau
[SpatioTemporalTransformerRegressor3] Using device: cuda
[SpatioTemporalTransformerRegressor3] Using explicitly provided validation set (6665 samples).
[SpatioTemporalTransformerRegressor3] Capping sequence length at 25 based on sample distribution (min_count=41).
[SpatioTemporalTransformerRegressor3] Grouped features into 20 spatial channels.
[Augmenter] Balanced 6 weight classes to 2000 samples each. Total: 12000
[SpatioTemporalTransformerNetwork3] Modality groups: {'EMG': 8, 'IMU_Accel': 6, 'IMU_Orient': 6}

Early stopping triggered at epoch 29. Best Val Loss: 0.2803
  MAE: 0.3001 | RMSE: 0.5250 | R²: 0.9259 | Params: 1,553,570
  Epochs: 29 | Best Train/Val gap: nanx | Time: 169s

=================================================================
--- Iteration 76/150 [Elapsed: 212.3m] ---
  d_model=160, nhead_s=8, nhead_t=4, layers_s=2, layers_t=3
  ff=1024, dropout=0.25, wd=0.005
  lr=0.0003, bs=64, scheduler=ReduceLROnPlateau
[SpatioTemporalTransformerRegressor3] Using device: cuda
[SpatioTemporalTransformerRegressor3] Using explicitly provided validation set (6665 samples).
[SpatioTemporalTransformerRegressor3] Capping sequence length at 25 based on sample distribution (min_count=41).
[SpatioTemporalTransformerRegressor3] Grouped features into 20 spatial channels.
[Augmenter] Balanced 6 weight classes to 2000 samples each. Total: 12000
[SpatioTemporalTransformerNetwork3] Modality groups: {'EMG': 8, 'IMU_Accel': 6, 'IMU_Orient': 6}

Early stopping triggered at epoch 28. Best Val Loss: 0.2902
  MAE: 0.2847 | RMSE: 0.5190 | R²: 0.9276 | Params: 2,293,154
  Epochs: 28 | Best Train/Val gap: 2.3x | Time: 180s

=================================================================
--- Iteration 77/150 [Elapsed: 215.3m] ---
  d_model=160, nhead_s=8, nhead_t=2, layers_s=3, layers_t=1
  ff=512, dropout=0.25, wd=0.005
  lr=0.0003, bs=64, scheduler=ReduceLROnPlateau
[SpatioTemporalTransformerRegressor3] Using device: cuda
[SpatioTemporalTransformerRegressor3] Using explicitly provided validation set (6665 samples).
[SpatioTemporalTransformerRegressor3] Capping sequence length at 25 based on sample distribution (min_count=41).
[SpatioTemporalTransformerRegressor3] Grouped features into 20 spatial channels.
[Augmenter] Balanced 6 weight classes to 2000 samples each. Total: 12000
[SpatioTemporalTransformerNetwork3] Modality groups: {'EMG': 8, 'IMU_Accel': 6, 'IMU_Orient': 6}

Early stopping triggered at epoch 34. Best Val Loss: 0.2705
  MAE: 0.2753 | RMSE: 0.5076 | R²: 0.9307 | Params: 1,800,098
  Epochs: 34 | Best Train/Val gap: 3.5x | Time: 210s

=================================================================
--- Iteration 78/150 [Elapsed: 218.8m] ---
  d_model=128, nhead_s=4, nhead_t=4, layers_s=2, layers_t=4
  ff=256, dropout=0.25, wd=0.005
  lr=0.0003, bs=64, scheduler=ReduceLROnPlateau
[SpatioTemporalTransformerRegressor3] Using device: cuda
[SpatioTemporalTransformerRegressor3] Using explicitly provided validation set (6665 samples).
[SpatioTemporalTransformerRegressor3] Capping sequence length at 25 based on sample distribution (min_count=41).
[SpatioTemporalTransformerRegressor3] Grouped features into 20 spatial channels.
[Augmenter] Balanced 6 weight classes to 2000 samples each. Total: 12000
[SpatioTemporalTransformerNetwork3] Modality groups: {'EMG': 8, 'IMU_Accel': 6, 'IMU_Orient': 6}

Early stopping triggered at epoch 21. Best Val Loss: 0.3204
  MAE: 0.2920 | RMSE: 0.5284 | R²: 0.9249 | Params: 1,374,978
  Epochs: 21 | Best Train/Val gap: 0.3x | Time: 138s

=================================================================
--- Iteration 79/150 [Elapsed: 221.1m] ---
  d_model=160, nhead_s=4, nhead_t=8, layers_s=2, layers_t=2
  ff=256, dropout=0.25, wd=0.005
  lr=0.0003, bs=64, scheduler=ReduceLROnPlateau
[SpatioTemporalTransformerRegressor3] Using device: cuda
[SpatioTemporalTransformerRegressor3] Using explicitly provided validation set (6665 samples).
[SpatioTemporalTransformerRegressor3] Capping sequence length at 25 based on sample distribution (min_count=41).
[SpatioTemporalTransformerRegressor3] Grouped features into 20 spatial channels.
[Augmenter] Balanced 6 weight classes to 2000 samples each. Total: 12000
[SpatioTemporalTransformerNetwork3] Modality groups: {'EMG': 8, 'IMU_Accel': 6, 'IMU_Orient': 6}

Early stopping triggered at epoch 29. Best Val Loss: 0.3024
  MAE: 0.3016 | RMSE: 0.5363 | R²: 0.9226 | Params: 1,058,434
  Epochs: 29 | Best Train/Val gap: 2.3x | Time: 133s

=================================================================
--- Iteration 80/150 [Elapsed: 223.3m] ---
  d_model=128, nhead_s=8, nhead_t=2, layers_s=3, layers_t=1
  ff=512, dropout=0.25, wd=0.005
  lr=0.0003, bs=64, scheduler=ReduceLROnPlateau
[SpatioTemporalTransformerRegressor3] Using device: cuda
[SpatioTemporalTransformerRegressor3] Using explicitly provided validation set (6665 samples).
[SpatioTemporalTransformerRegressor3] Capping sequence length at 25 based on sample distribution (min_count=41).
[SpatioTemporalTransformerRegressor3] Grouped features into 20 spatial channels.
[Augmenter] Balanced 6 weight classes to 2000 samples each. Total: 12000
[SpatioTemporalTransformerNetwork3] Modality groups: {'EMG': 8, 'IMU_Accel': 6, 'IMU_Orient': 6}

Early stopping triggered at epoch 22. Best Val Loss: 0.2984
  MAE: 0.2859 | RMSE: 0.5113 | R²: 0.9297 | Params: 1,241,730
  Epochs: 22 | Best Train/Val gap: 0.9x | Time: 126s

=================================================================
--- Iteration 81/150 [Elapsed: 225.4m] ---
  d_model=128, nhead_s=8, nhead_t=4, layers_s=4, layers_t=2
  ff=1024, dropout=0.25, wd=0.005
  lr=0.0003, bs=64, scheduler=ReduceLROnPlateau
[SpatioTemporalTransformerRegressor3] Using device: cuda
[SpatioTemporalTransformerRegressor3] Using explicitly provided validation set (6665 samples).
[SpatioTemporalTransformerRegressor3] Capping sequence length at 25 based on sample distribution (min_count=41).
[SpatioTemporalTransformerRegressor3] Grouped features into 20 spatial channels.
[Augmenter] Balanced 6 weight classes to 2000 samples each. Total: 12000
[SpatioTemporalTransformerNetwork3] Modality groups: {'EMG': 8, 'IMU_Accel': 6, 'IMU_Orient': 6}

Early stopping triggered at epoch 21. Best Val Loss: 0.3072
  MAE: 0.3157 | RMSE: 0.5456 | R²: 0.9200 | Params: 2,164,482
  Epochs: 21 | Best Train/Val gap: 0.2x | Time: 155s

=================================================================
--- Iteration 82/150 [Elapsed: 228.0m] ---
  d_model=64, nhead_s=8, nhead_t=8, layers_s=2, layers_t=4
  ff=256, dropout=0.25, wd=0.005
  lr=0.0003, bs=64, scheduler=ReduceLROnPlateau
[SpatioTemporalTransformerRegressor3] Using device: cuda
[SpatioTemporalTransformerRegressor3] Using explicitly provided validation set (6665 samples).
[SpatioTemporalTransformerRegressor3] Capping sequence length at 25 based on sample distribution (min_count=41).
[SpatioTemporalTransformerRegressor3] Grouped features into 20 spatial channels.
[Augmenter] Balanced 6 weight classes to 2000 samples each. Total: 12000
[SpatioTemporalTransformerNetwork3] Modality groups: {'EMG': 8, 'IMU_Accel': 6, 'IMU_Orient': 6}

Early stopping triggered at epoch 23. Best Val Loss: 0.2498
  MAE: 0.2902 | RMSE: 0.4916 | R²: 0.9350 | Params: 423,810
  Epochs: 23 | Best Train/Val gap: 0.7x | Time: 146s

=================================================================
--- Iteration 83/150 [Elapsed: 230.4m] ---
  d_model=160, nhead_s=8, nhead_t=8, layers_s=4, layers_t=3
  ff=512, dropout=0.25, wd=0.005
  lr=0.0003, bs=64, scheduler=ReduceLROnPlateau
[SpatioTemporalTransformerRegressor3] Using device: cuda
[SpatioTemporalTransformerRegressor3] Using explicitly provided validation set (6665 samples).
[SpatioTemporalTransformerRegressor3] Capping sequence length at 25 based on sample distribution (min_count=41).
[SpatioTemporalTransformerRegressor3] Grouped features into 20 spatial channels.
[Augmenter] Balanced 6 weight classes to 2000 samples each. Total: 12000
[SpatioTemporalTransformerNetwork3] Modality groups: {'EMG': 8, 'IMU_Accel': 6, 'IMU_Orient': 6}

Early stopping triggered at epoch 26. Best Val Loss: 0.3198
  MAE: 0.3133 | RMSE: 0.5498 | R²: 0.9187 | Params: 2,377,410
  Epochs: 26 | Best Train/Val gap: 2.1x | Time: 199s

=================================================================
--- Iteration 84/150 [Elapsed: 233.7m] ---
  d_model=128, nhead_s=4, nhead_t=8, layers_s=2, layers_t=2
  ff=512, dropout=0.25, wd=0.005
  lr=0.0003, bs=64, scheduler=ReduceLROnPlateau
[SpatioTemporalTransformerRegressor3] Using device: cuda
[SpatioTemporalTransformerRegressor3] Using explicitly provided validation set (6665 samples).
[SpatioTemporalTransformerRegressor3] Capping sequence length at 25 based on sample distribution (min_count=41).
[SpatioTemporalTransformerRegressor3] Grouped features into 20 spatial channels.
[Augmenter] Balanced 6 weight classes to 2000 samples each. Total: 12000
[SpatioTemporalTransformerNetwork3] Modality groups: {'EMG': 8, 'IMU_Accel': 6, 'IMU_Orient': 6}

Early stopping triggered at epoch 22. Best Val Loss: 0.3229
  MAE: 0.3753 | RMSE: 0.5635 | R²: 0.9146 | Params: 845,314
  Epochs: 22 | Best Train/Val gap: 0.9x | Time: 94s

=================================================================
--- Iteration 85/150 [Elapsed: 235.3m] ---
  d_model=96, nhead_s=8, nhead_t=2, layers_s=3, layers_t=4
  ff=512, dropout=0.25, wd=0.005
  lr=0.0003, bs=64, scheduler=ReduceLROnPlateau
[SpatioTemporalTransformerRegressor3] Using device: cuda
[SpatioTemporalTransformerRegressor3] Using explicitly provided validation set (6665 samples).
[SpatioTemporalTransformerRegressor3] Capping sequence length at 25 based on sample distribution (min_count=41).
[SpatioTemporalTransformerRegressor3] Grouped features into 20 spatial channels.
[Augmenter] Balanced 6 weight classes to 2000 samples each. Total: 12000
[SpatioTemporalTransformerNetwork3] Modality groups: {'EMG': 8, 'IMU_Accel': 6, 'IMU_Orient': 6}

Early stopping triggered at epoch 25. Best Val Loss: 0.2844
  MAE: 0.2816 | RMSE: 0.5045 | R²: 0.9316 | Params: 1,030,978
  Epochs: 25 | Best Train/Val gap: 1.3x | Time: 167s

=================================================================
--- Iteration 86/150 [Elapsed: 238.1m] ---
  d_model=64, nhead_s=8, nhead_t=8, layers_s=3, layers_t=2
  ff=256, dropout=0.25, wd=0.005
  lr=0.0003, bs=64, scheduler=ReduceLROnPlateau
[SpatioTemporalTransformerRegressor3] Using device: cuda
[SpatioTemporalTransformerRegressor3] Using explicitly provided validation set (6665 samples).
[SpatioTemporalTransformerRegressor3] Capping sequence length at 25 based on sample distribution (min_count=41).
[SpatioTemporalTransformerRegressor3] Grouped features into 20 spatial channels.
[Augmenter] Balanced 6 weight classes to 2000 samples each. Total: 12000
[SpatioTemporalTransformerNetwork3] Modality groups: {'EMG': 8, 'IMU_Accel': 6, 'IMU_Orient': 6}

Early stopping triggered at epoch 25. Best Val Loss: 0.2523
  MAE: 0.3055 | RMSE: 0.4951 | R²: 0.9341 | Params: 323,906
  Epochs: 25 | Best Train/Val gap: 1.0x | Time: 128s

=================================================================
--- Iteration 87/150 [Elapsed: 240.2m] ---
  d_model=160, nhead_s=4, nhead_t=8, layers_s=2, layers_t=1
  ff=256, dropout=0.25, wd=0.005
  lr=0.0003, bs=64, scheduler=ReduceLROnPlateau
[SpatioTemporalTransformerRegressor3] Using device: cuda
[SpatioTemporalTransformerRegressor3] Using explicitly provided validation set (6665 samples).
[SpatioTemporalTransformerRegressor3] Capping sequence length at 25 based on sample distribution (min_count=41).
[SpatioTemporalTransformerRegressor3] Grouped features into 20 spatial channels.
[Augmenter] Balanced 6 weight classes to 2000 samples each. Total: 12000
[SpatioTemporalTransformerNetwork3] Modality groups: {'EMG': 8, 'IMU_Accel': 6, 'IMU_Orient': 6}

Early stopping triggered at epoch 23. Best Val Loss: 0.3173
  MAE: 0.3477 | RMSE: 0.5580 | R²: 0.9163 | Params: 1,058,434
  Epochs: 23 | Best Train/Val gap: 1.2x | Time: 106s

=================================================================
--- Iteration 88/150 [Elapsed: 242.0m] ---
  d_model=64, nhead_s=8, nhead_t=4, layers_s=2, layers_t=1
  ff=512, dropout=0.25, wd=0.005
  lr=0.0003, bs=64, scheduler=ReduceLROnPlateau
[SpatioTemporalTransformerRegressor3] Using device: cuda
[SpatioTemporalTransformerRegressor3] Using explicitly provided validation set (6665 samples).
[SpatioTemporalTransformerRegressor3] Capping sequence length at 25 based on sample distribution (min_count=41).
[SpatioTemporalTransformerRegressor3] Grouped features into 20 spatial channels.
[Augmenter] Balanced 6 weight classes to 2000 samples each. Total: 12000
[SpatioTemporalTransformerNetwork3] Modality groups: {'EMG': 8, 'IMU_Accel': 6, 'IMU_Orient': 6}

Early stopping triggered at epoch 25. Best Val Loss: 0.2701
  MAE: 0.3024 | RMSE: 0.5084 | R²: 0.9305 | Params: 290,050
  Epochs: 25 | Best Train/Val gap: 1.0x | Time: 99s

=================================================================
--- Iteration 89/150 [Elapsed: 243.6m] ---
  d_model=64, nhead_s=4, nhead_t=2, layers_s=3, layers_t=3
  ff=512, dropout=0.25, wd=0.005
  lr=0.0003, bs=64, scheduler=ReduceLROnPlateau
[SpatioTemporalTransformerRegressor3] Using device: cuda
[SpatioTemporalTransformerRegressor3] Using explicitly provided validation set (6665 samples).
[SpatioTemporalTransformerRegressor3] Capping sequence length at 25 based on sample distribution (min_count=41).
[SpatioTemporalTransformerRegressor3] Grouped features into 20 spatial channels.
[Augmenter] Balanced 6 weight classes to 2000 samples each. Total: 12000
[SpatioTemporalTransformerNetwork3] Modality groups: {'EMG': 8, 'IMU_Accel': 6, 'IMU_Orient': 6}

Early stopping triggered at epoch 29. Best Val Loss: 0.2915
  MAE: 0.3334 | RMSE: 0.5379 | R²: 0.9222 | Params: 422,978
  Epochs: 29 | Best Train/Val gap: 1.5x | Time: 139s

=================================================================
--- Iteration 90/150 [Elapsed: 245.9m] ---
  d_model=128, nhead_s=8, nhead_t=8, layers_s=3, layers_t=2
  ff=512, dropout=0.25, wd=0.005
  lr=0.0003, bs=64, scheduler=ReduceLROnPlateau
[SpatioTemporalTransformerRegressor3] Using device: cuda
[SpatioTemporalTransformerRegressor3] Using explicitly provided validation set (6665 samples).
[SpatioTemporalTransformerRegressor3] Capping sequence length at 25 based on sample distribution (min_count=41).
[SpatioTemporalTransformerRegressor3] Grouped features into 20 spatial channels.
[Augmenter] Balanced 6 weight classes to 2000 samples each. Total: 12000
[SpatioTemporalTransformerNetwork3] Modality groups: {'EMG': 8, 'IMU_Accel': 6, 'IMU_Orient': 6}

Early stopping triggered at epoch 27. Best Val Loss: 0.2954
  MAE: 0.2755 | RMSE: 0.5098 | R²: 0.9301 | Params: 1,241,730
  Epochs: 27 | Best Train/Val gap: nanx | Time: 151s

=================================================================
--- Iteration 91/150 [Elapsed: 248.4m] ---
  d_model=96, nhead_s=8, nhead_t=4, layers_s=2, layers_t=3
  ff=256, dropout=0.25, wd=0.005
  lr=0.0003, bs=64, scheduler=ReduceLROnPlateau
[SpatioTemporalTransformerRegressor3] Using device: cuda
[SpatioTemporalTransformerRegressor3] Using explicitly provided validation set (6665 samples).
[SpatioTemporalTransformerRegressor3] Capping sequence length at 25 based on sample distribution (min_count=41).
[SpatioTemporalTransformerRegressor3] Grouped features into 20 spatial channels.
[Augmenter] Balanced 6 weight classes to 2000 samples each. Total: 12000
[SpatioTemporalTransformerNetwork3] Modality groups: {'EMG': 8, 'IMU_Accel': 6, 'IMU_Orient': 6}

Early stopping triggered at epoch 22. Best Val Loss: 0.2640
  MAE: 0.3513 | RMSE: 0.5113 | R²: 0.9297 | Params: 634,466
  Epochs: 22 | Best Train/Val gap: 0.6x | Time: 114s

=================================================================
--- Iteration 92/150 [Elapsed: 250.4m] ---
  d_model=128, nhead_s=4, nhead_t=2, layers_s=4, layers_t=2
  ff=512, dropout=0.25, wd=0.005
  lr=0.0003, bs=64, scheduler=ReduceLROnPlateau
[SpatioTemporalTransformerRegressor3] Using device: cuda
[SpatioTemporalTransformerRegressor3] Using explicitly provided validation set (6665 samples).
[SpatioTemporalTransformerRegressor3] Capping sequence length at 25 based on sample distribution (min_count=41).
[SpatioTemporalTransformerRegressor3] Grouped features into 20 spatial channels.
[Augmenter] Balanced 6 weight classes to 2000 samples each. Total: 12000
[SpatioTemporalTransformerNetwork3] Modality groups: {'EMG': 8, 'IMU_Accel': 6, 'IMU_Orient': 6}

Early stopping triggered at epoch 21. Best Val Loss: 0.2726
  MAE: 0.3019 | RMSE: 0.5115 | R²: 0.9297 | Params: 1,638,146
  Epochs: 21 | Best Train/Val gap: 0.2x | Time: 140s

=================================================================
--- Iteration 93/150 [Elapsed: 252.7m] ---
  d_model=160, nhead_s=8, nhead_t=8, layers_s=2, layers_t=1
  ff=256, dropout=0.25, wd=0.005
  lr=0.0003, bs=64, scheduler=ReduceLROnPlateau
[SpatioTemporalTransformerRegressor3] Using device: cuda
[SpatioTemporalTransformerRegressor3] Using explicitly provided validation set (6665 samples).
[SpatioTemporalTransformerRegressor3] Capping sequence length at 25 based on sample distribution (min_count=41).
[SpatioTemporalTransformerRegressor3] Grouped features into 20 spatial channels.
[Augmenter] Balanced 6 weight classes to 2000 samples each. Total: 12000
[SpatioTemporalTransformerNetwork3] Modality groups: {'EMG': 8, 'IMU_Accel': 6, 'IMU_Orient': 6}

Early stopping triggered at epoch 22. Best Val Loss: 0.2768
  MAE: 0.3027 | RMSE: 0.5153 | R²: 0.9286 | Params: 1,058,434
  Epochs: 22 | Best Train/Val gap: 0.8x | Time: 104s

=================================================================
--- Iteration 94/150 [Elapsed: 254.4m] ---
  d_model=96, nhead_s=8, nhead_t=8, layers_s=3, layers_t=3
  ff=1024, dropout=0.25, wd=0.005
  lr=0.0003, bs=64, scheduler=ReduceLROnPlateau
[SpatioTemporalTransformerRegressor3] Using device: cuda
[SpatioTemporalTransformerRegressor3] Using explicitly provided validation set (6665 samples).
[SpatioTemporalTransformerRegressor3] Capping sequence length at 25 based on sample distribution (min_count=41).
[SpatioTemporalTransformerRegressor3] Grouped features into 20 spatial channels.
[Augmenter] Balanced 6 weight classes to 2000 samples each. Total: 12000
[SpatioTemporalTransformerNetwork3] Modality groups: {'EMG': 8, 'IMU_Accel': 6, 'IMU_Orient': 6}

Early stopping triggered at epoch 29. Best Val Loss: 0.2977
  MAE: 0.2955 | RMSE: 0.5350 | R²: 0.9230 | Params: 1,079,138
  Epochs: 29 | Best Train/Val gap: 2.1x | Time: 161s

=================================================================
--- Iteration 95/150 [Elapsed: 257.1m] ---
  d_model=160, nhead_s=4, nhead_t=4, layers_s=4, layers_t=3
  ff=512, dropout=0.25, wd=0.005
  lr=0.0003, bs=64, scheduler=ReduceLROnPlateau
[SpatioTemporalTransformerRegressor3] Using device: cuda
[SpatioTemporalTransformerRegressor3] Using explicitly provided validation set (6665 samples).
[SpatioTemporalTransformerRegressor3] Capping sequence length at 25 based on sample distribution (min_count=41).
[SpatioTemporalTransformerRegressor3] Grouped features into 20 spatial channels.
[Augmenter] Balanced 6 weight classes to 2000 samples each. Total: 12000
[SpatioTemporalTransformerNetwork3] Modality groups: {'EMG': 8, 'IMU_Accel': 6, 'IMU_Orient': 6}

Early stopping triggered at epoch 34. Best Val Loss: 0.3008
  MAE: 0.2976 | RMSE: 0.5450 | R²: 0.9201 | Params: 2,377,410
  Epochs: 34 | Best Train/Val gap: 4.2x | Time: 246s

=================================================================
--- Iteration 96/150 [Elapsed: 261.2m] ---
  d_model=128, nhead_s=4, nhead_t=4, layers_s=3, layers_t=4
  ff=512, dropout=0.25, wd=0.005
  lr=0.0003, bs=64, scheduler=ReduceLROnPlateau
[SpatioTemporalTransformerRegressor3] Using device: cuda
[SpatioTemporalTransformerRegressor3] Using explicitly provided validation set (6665 samples).
[SpatioTemporalTransformerRegressor3] Capping sequence length at 25 based on sample distribution (min_count=41).
[SpatioTemporalTransformerRegressor3] Grouped features into 20 spatial channels.
[Augmenter] Balanced 6 weight classes to 2000 samples each. Total: 12000
[SpatioTemporalTransformerNetwork3] Modality groups: {'EMG': 8, 'IMU_Accel': 6, 'IMU_Orient': 6}

Early stopping triggered at epoch 22. Best Val Loss: 0.3207
  MAE: 0.2937 | RMSE: 0.5430 | R²: 0.9207 | Params: 1,638,146
  Epochs: 22 | Best Train/Val gap: 0.9x | Time: 144s

=================================================================
--- Iteration 97/150 [Elapsed: 263.6m] ---
  d_model=64, nhead_s=8, nhead_t=2, layers_s=2, layers_t=3
  ff=512, dropout=0.25, wd=0.005
  lr=0.0003, bs=64, scheduler=ReduceLROnPlateau
[SpatioTemporalTransformerRegressor3] Using device: cuda
[SpatioTemporalTransformerRegressor3] Using explicitly provided validation set (6665 samples).
[SpatioTemporalTransformerRegressor3] Capping sequence length at 25 based on sample distribution (min_count=41).
[SpatioTemporalTransformerRegressor3] Grouped features into 20 spatial channels.
[Augmenter] Balanced 6 weight classes to 2000 samples each. Total: 12000
[SpatioTemporalTransformerNetwork3] Modality groups: {'EMG': 8, 'IMU_Accel': 6, 'IMU_Orient': 6}

Early stopping triggered at epoch 38. Best Val Loss: 0.3442
  MAE: 0.3093 | RMSE: 0.5669 | R²: 0.9136 | Params: 422,978
  Epochs: 38 | Best Train/Val gap: 3.4x | Time: 179s

=================================================================
--- Iteration 98/150 [Elapsed: 266.6m] ---
  d_model=128, nhead_s=8, nhead_t=4, layers_s=4, layers_t=3
  ff=1024, dropout=0.25, wd=0.005
  lr=0.0003, bs=64, scheduler=ReduceLROnPlateau
[SpatioTemporalTransformerRegressor3] Using device: cuda
[SpatioTemporalTransformerRegressor3] Using explicitly provided validation set (6665 samples).
[SpatioTemporalTransformerRegressor3] Capping sequence length at 25 based on sample distribution (min_count=41).
[SpatioTemporalTransformerRegressor3] Grouped features into 20 spatial channels.
[Augmenter] Balanced 6 weight classes to 2000 samples each. Total: 12000
[SpatioTemporalTransformerNetwork3] Modality groups: {'EMG': 8, 'IMU_Accel': 6, 'IMU_Orient': 6}

Early stopping triggered at epoch 24. Best Val Loss: 0.3212
  MAE: 0.3108 | RMSE: 0.5351 | R²: 0.9230 | Params: 2,164,482
  Epochs: 24 | Best Train/Val gap: 1.4x | Time: 174s

=================================================================
--- Iteration 99/150 [Elapsed: 269.5m] ---
  d_model=64, nhead_s=8, nhead_t=4, layers_s=2, layers_t=2
  ff=256, dropout=0.25, wd=0.005
  lr=0.0003, bs=64, scheduler=ReduceLROnPlateau
[SpatioTemporalTransformerRegressor3] Using device: cuda
[SpatioTemporalTransformerRegressor3] Using explicitly provided validation set (6665 samples).
[SpatioTemporalTransformerRegressor3] Capping sequence length at 25 based on sample distribution (min_count=41).
[SpatioTemporalTransformerRegressor3] Grouped features into 20 spatial channels.
[Augmenter] Balanced 6 weight classes to 2000 samples each. Total: 12000
[SpatioTemporalTransformerNetwork3] Modality groups: {'EMG': 8, 'IMU_Accel': 6, 'IMU_Orient': 6}

Early stopping triggered at epoch 27. Best Val Loss: 0.3276
  MAE: 0.3137 | RMSE: 0.5498 | R²: 0.9187 | Params: 224,002
  Epochs: 27 | Best Train/Val gap: 1.6x | Time: 105s

=================================================================
--- Iteration 100/150 [Elapsed: 271.3m] ---
  d_model=128, nhead_s=8, nhead_t=8, layers_s=3, layers_t=1
  ff=1024, dropout=0.25, wd=0.005
  lr=0.0003, bs=64, scheduler=ReduceLROnPlateau
[SpatioTemporalTransformerRegressor3] Using device: cuda
[SpatioTemporalTransformerRegressor3] Using explicitly provided validation set (6665 samples).
[SpatioTemporalTransformerRegressor3] Capping sequence length at 25 based on sample distribution (min_count=41).
[SpatioTemporalTransformerRegressor3] Grouped features into 20 spatial channels.
[Augmenter] Balanced 6 weight classes to 2000 samples each. Total: 12000
[SpatioTemporalTransformerNetwork3] Modality groups: {'EMG': 8, 'IMU_Accel': 6, 'IMU_Orient': 6}

Early stopping triggered at epoch 23. Best Val Loss: 0.2987
  MAE: 0.3091 | RMSE: 0.5289 | R²: 0.9248 | Params: 1,636,482
  Epochs: 23 | Best Train/Val gap: 1.1x | Time: 139s

=================================================================
--- Iteration 101/150 [Elapsed: 273.6m] ---
  d_model=160, nhead_s=4, nhead_t=2, layers_s=3, layers_t=3
  ff=1024, dropout=0.25, wd=0.005
  lr=0.0003, bs=64, scheduler=ReduceLROnPlateau
[SpatioTemporalTransformerRegressor3] Using device: cuda
[SpatioTemporalTransformerRegressor3] Using explicitly provided validation set (6665 samples).
[SpatioTemporalTransformerRegressor3] Capping sequence length at 25 based on sample distribution (min_count=41).
[SpatioTemporalTransformerRegressor3] Grouped features into 20 spatial channels.
[Augmenter] Balanced 6 weight classes to 2000 samples each. Total: 12000
[SpatioTemporalTransformerNetwork3] Modality groups: {'EMG': 8, 'IMU_Accel': 6, 'IMU_Orient': 6}

Early stopping triggered at epoch 22. Best Val Loss: 0.2886
  MAE: 0.2863 | RMSE: 0.5115 | R²: 0.9297 | Params: 2,293,154
  Epochs: 22 | Best Train/Val gap: 0.9x | Time: 141s

=================================================================
--- Iteration 102/150 [Elapsed: 275.9m] ---
  d_model=96, nhead_s=4, nhead_t=4, layers_s=4, layers_t=2
  ff=1024, dropout=0.25, wd=0.005
  lr=0.0003, bs=64, scheduler=ReduceLROnPlateau
[SpatioTemporalTransformerRegressor3] Using device: cuda
[SpatioTemporalTransformerRegressor3] Using explicitly provided validation set (6665 samples).
[SpatioTemporalTransformerRegressor3] Capping sequence length at 25 based on sample distribution (min_count=41).
[SpatioTemporalTransformerRegressor3] Grouped features into 20 spatial channels.
[Augmenter] Balanced 6 weight classes to 2000 samples each. Total: 12000
[SpatioTemporalTransformerNetwork3] Modality groups: {'EMG': 8, 'IMU_Accel': 6, 'IMU_Orient': 6}

Early stopping triggered at epoch 34. Best Val Loss: 0.2759
  MAE: 0.2673 | RMSE: 0.5150 | R²: 0.9287 | Params: 1,426,242
  Epochs: 34 | Best Train/Val gap: 2.8x | Time: 225s

=================================================================
--- Iteration 103/150 [Elapsed: 279.7m] ---
  d_model=64, nhead_s=8, nhead_t=4, layers_s=2, layers_t=1
  ff=1024, dropout=0.25, wd=0.005
  lr=0.0003, bs=64, scheduler=ReduceLROnPlateau
[SpatioTemporalTransformerRegressor3] Using device: cuda
[SpatioTemporalTransformerRegressor3] Using explicitly provided validation set (6665 samples).
[SpatioTemporalTransformerRegressor3] Capping sequence length at 25 based on sample distribution (min_count=41).
[SpatioTemporalTransformerRegressor3] Grouped features into 20 spatial channels.
[Augmenter] Balanced 6 weight classes to 2000 samples each. Total: 12000
[SpatioTemporalTransformerNetwork3] Modality groups: {'EMG': 8, 'IMU_Accel': 6, 'IMU_Orient': 6}

Early stopping triggered at epoch 26. Best Val Loss: 0.3055
  MAE: 0.2887 | RMSE: 0.5247 | R²: 0.9260 | Params: 422,146
  Epochs: 26 | Best Train/Val gap: 1.2x | Time: 105s

=================================================================
--- Iteration 104/150 [Elapsed: 281.4m] ---
  d_model=160, nhead_s=4, nhead_t=4, layers_s=3, layers_t=2
  ff=1024, dropout=0.25, wd=0.005
  lr=0.0003, bs=64, scheduler=ReduceLROnPlateau
[SpatioTemporalTransformerRegressor3] Using device: cuda
[SpatioTemporalTransformerRegressor3] Using explicitly provided validation set (6665 samples).
[SpatioTemporalTransformerRegressor3] Capping sequence length at 25 based on sample distribution (min_count=41).
[SpatioTemporalTransformerRegressor3] Grouped features into 20 spatial channels.
[Augmenter] Balanced 6 weight classes to 2000 samples each. Total: 12000
[SpatioTemporalTransformerNetwork3] Modality groups: {'EMG': 8, 'IMU_Accel': 6, 'IMU_Orient': 6}

Early stopping triggered at epoch 23. Best Val Loss: 0.3118
  MAE: 0.3077 | RMSE: 0.5452 | R²: 0.9201 | Params: 2,293,154
  Epochs: 23 | Best Train/Val gap: 1.1x | Time: 143s

=================================================================
--- Iteration 105/150 [Elapsed: 283.8m] ---
  d_model=160, nhead_s=8, nhead_t=8, layers_s=3, layers_t=3
  ff=1024, dropout=0.25, wd=0.005
  lr=0.0003, bs=64, scheduler=ReduceLROnPlateau
[SpatioTemporalTransformerRegressor3] Using device: cuda
[SpatioTemporalTransformerRegressor3] Using explicitly provided validation set (6665 samples).
[SpatioTemporalTransformerRegressor3] Capping sequence length at 25 based on sample distribution (min_count=41).
[SpatioTemporalTransformerRegressor3] Grouped features into 20 spatial channels.
[Augmenter] Balanced 6 weight classes to 2000 samples each. Total: 12000
[SpatioTemporalTransformerNetwork3] Modality groups: {'EMG': 8, 'IMU_Accel': 6, 'IMU_Orient': 6}

Early stopping triggered at epoch 21. Best Val Loss: 0.2967
  MAE: 0.2884 | RMSE: 0.5125 | R²: 0.9294 | Params: 2,293,154
  Epochs: 21 | Best Train/Val gap: 0.3x | Time: 136s

=================================================================
--- Iteration 106/150 [Elapsed: 286.1m] ---
  d_model=160, nhead_s=8, nhead_t=8, layers_s=3, layers_t=1
  ff=512, dropout=0.25, wd=0.005
  lr=0.0003, bs=64, scheduler=ReduceLROnPlateau
[SpatioTemporalTransformerRegressor3] Using device: cuda
[SpatioTemporalTransformerRegressor3] Using explicitly provided validation set (6665 samples).
[SpatioTemporalTransformerRegressor3] Capping sequence length at 25 based on sample distribution (min_count=41).
[SpatioTemporalTransformerRegressor3] Grouped features into 20 spatial channels.
[Augmenter] Balanced 6 weight classes to 2000 samples each. Total: 12000
[SpatioTemporalTransformerNetwork3] Modality groups: {'EMG': 8, 'IMU_Accel': 6, 'IMU_Orient': 6}

Early stopping triggered at epoch 27. Best Val Loss: 0.3221
  MAE: 0.3261 | RMSE: 0.5613 | R²: 0.9153 | Params: 1,800,098
  Epochs: 27 | Best Train/Val gap: nanx | Time: 164s

=================================================================
--- Iteration 107/150 [Elapsed: 288.8m] ---
  d_model=64, nhead_s=4, nhead_t=8, layers_s=3, layers_t=3
  ff=1024, dropout=0.25, wd=0.005
  lr=0.0003, bs=64, scheduler=ReduceLROnPlateau
[SpatioTemporalTransformerRegressor3] Using device: cuda
[SpatioTemporalTransformerRegressor3] Using explicitly provided validation set (6665 samples).
[SpatioTemporalTransformerRegressor3] Capping sequence length at 25 based on sample distribution (min_count=41).
[SpatioTemporalTransformerRegressor3] Grouped features into 20 spatial channels.
[Augmenter] Balanced 6 weight classes to 2000 samples each. Total: 12000
[SpatioTemporalTransformerNetwork3] Modality groups: {'EMG': 8, 'IMU_Accel': 6, 'IMU_Orient': 6}

Early stopping triggered at epoch 26. Best Val Loss: 0.2530
  MAE: 0.2958 | RMSE: 0.4954 | R²: 0.9340 | Params: 621,122
  Epochs: 26 | Best Train/Val gap: 1.1x | Time: 134s

=================================================================
--- Iteration 108/150 [Elapsed: 291.0m] ---
  d_model=64, nhead_s=4, nhead_t=8, layers_s=4, layers_t=2
  ff=256, dropout=0.25, wd=0.005
  lr=0.0003, bs=64, scheduler=ReduceLROnPlateau
[SpatioTemporalTransformerRegressor3] Using device: cuda
[SpatioTemporalTransformerRegressor3] Using explicitly provided validation set (6665 samples).
[SpatioTemporalTransformerRegressor3] Capping sequence length at 25 based on sample distribution (min_count=41).
[SpatioTemporalTransformerRegressor3] Grouped features into 20 spatial channels.
[Augmenter] Balanced 6 weight classes to 2000 samples each. Total: 12000
[SpatioTemporalTransformerNetwork3] Modality groups: {'EMG': 8, 'IMU_Accel': 6, 'IMU_Orient': 6}

Early stopping triggered at epoch 22. Best Val Loss: 0.2945
  MAE: 0.2838 | RMSE: 0.5226 | R²: 0.9266 | Params: 423,810
  Epochs: 22 | Best Train/Val gap: 0.7x | Time: 132s

=================================================================
--- Iteration 109/150 [Elapsed: 293.2m] ---
  d_model=64, nhead_s=4, nhead_t=8, layers_s=3, layers_t=4
  ff=256, dropout=0.25, wd=0.005
  lr=0.0003, bs=64, scheduler=ReduceLROnPlateau
[SpatioTemporalTransformerRegressor3] Using device: cuda
[SpatioTemporalTransformerRegressor3] Using explicitly provided validation set (6665 samples).
[SpatioTemporalTransformerRegressor3] Capping sequence length at 25 based on sample distribution (min_count=41).
[SpatioTemporalTransformerRegressor3] Grouped features into 20 spatial channels.
[Augmenter] Balanced 6 weight classes to 2000 samples each. Total: 12000
[SpatioTemporalTransformerNetwork3] Modality groups: {'EMG': 8, 'IMU_Accel': 6, 'IMU_Orient': 6}

Early stopping triggered at epoch 30. Best Val Loss: 0.2732
  MAE: 0.2960 | RMSE: 0.5103 | R²: 0.9300 | Params: 423,810
  Epochs: 30 | Best Train/Val gap: 1.6x | Time: 173s

=================================================================
--- Iteration 110/150 [Elapsed: 296.1m] ---
  d_model=128, nhead_s=4, nhead_t=4, layers_s=2, layers_t=1
  ff=512, dropout=0.25, wd=0.005
  lr=0.0003, bs=64, scheduler=ReduceLROnPlateau
[SpatioTemporalTransformerRegressor3] Using device: cuda
[SpatioTemporalTransformerRegressor3] Using explicitly provided validation set (6665 samples).
[SpatioTemporalTransformerRegressor3] Capping sequence length at 25 based on sample distribution (min_count=41).
[SpatioTemporalTransformerRegressor3] Grouped features into 20 spatial channels.
[Augmenter] Balanced 6 weight classes to 2000 samples each. Total: 12000
[SpatioTemporalTransformerNetwork3] Modality groups: {'EMG': 8, 'IMU_Accel': 6, 'IMU_Orient': 6}

Early stopping triggered at epoch 26. Best Val Loss: 0.3047
  MAE: 0.3170 | RMSE: 0.5442 | R²: 0.9204 | Params: 845,314
  Epochs: 26 | Best Train/Val gap: 1.7x | Time: 107s

=================================================================
--- Iteration 111/150 [Elapsed: 297.9m] ---
  d_model=128, nhead_s=4, nhead_t=2, layers_s=2, layers_t=1
  ff=256, dropout=0.25, wd=0.005
  lr=0.0003, bs=64, scheduler=ReduceLROnPlateau
[SpatioTemporalTransformerRegressor3] Using device: cuda
[SpatioTemporalTransformerRegressor3] Using explicitly provided validation set (6665 samples).
[SpatioTemporalTransformerRegressor3] Capping sequence length at 25 based on sample distribution (min_count=41).
[SpatioTemporalTransformerRegressor3] Grouped features into 20 spatial channels.
[Augmenter] Balanced 6 weight classes to 2000 samples each. Total: 12000
[SpatioTemporalTransformerNetwork3] Modality groups: {'EMG': 8, 'IMU_Accel': 6, 'IMU_Orient': 6}

Early stopping triggered at epoch 26. Best Val Loss: 0.3397
  MAE: 0.3269 | RMSE: 0.5705 | R²: 0.9125 | Params: 713,730
  Epochs: 26 | Best Train/Val gap: 1.8x | Time: 106s

=================================================================
--- Iteration 112/150 [Elapsed: 299.7m] ---
  d_model=160, nhead_s=8, nhead_t=4, layers_s=2, layers_t=4
  ff=1024, dropout=0.25, wd=0.005
  lr=0.0003, bs=64, scheduler=ReduceLROnPlateau
[SpatioTemporalTransformerRegressor3] Using device: cuda
[SpatioTemporalTransformerRegressor3] Using explicitly provided validation set (6665 samples).
[SpatioTemporalTransformerRegressor3] Capping sequence length at 25 based on sample distribution (min_count=41).
[SpatioTemporalTransformerRegressor3] Grouped features into 20 spatial channels.
[Augmenter] Balanced 6 weight classes to 2000 samples each. Total: 12000
[SpatioTemporalTransformerNetwork3] Modality groups: {'EMG': 8, 'IMU_Accel': 6, 'IMU_Orient': 6}

Early stopping triggered at epoch 26. Best Val Loss: 0.2640
  MAE: 0.2983 | RMSE: 0.5091 | R²: 0.9303 | Params: 3,034,818
  Epochs: 26 | Best Train/Val gap: nanx | Time: 204s

=================================================================
--- Iteration 113/150 [Elapsed: 303.1m] ---
  d_model=128, nhead_s=8, nhead_t=4, layers_s=4, layers_t=3
  ff=256, dropout=0.25, wd=0.005
  lr=0.0003, bs=64, scheduler=ReduceLROnPlateau
[SpatioTemporalTransformerRegressor3] Using device: cuda
[SpatioTemporalTransformerRegressor3] Using explicitly provided validation set (6665 samples).
[SpatioTemporalTransformerRegressor3] Capping sequence length at 25 based on sample distribution (min_count=41).
[SpatioTemporalTransformerRegressor3] Grouped features into 20 spatial channels.
[Augmenter] Balanced 6 weight classes to 2000 samples each. Total: 12000
[SpatioTemporalTransformerNetwork3] Modality groups: {'EMG': 8, 'IMU_Accel': 6, 'IMU_Orient': 6}

Early stopping triggered at epoch 23. Best Val Loss: 0.3011
  MAE: 0.2824 | RMSE: 0.5085 | R²: 0.9305 | Params: 1,374,978
  Epochs: 23 | Best Train/Val gap: 1.1x | Time: 155s

=================================================================
--- Iteration 114/150 [Elapsed: 305.7m] ---
  d_model=64, nhead_s=4, nhead_t=2, layers_s=3, layers_t=1
  ff=512, dropout=0.25, wd=0.005
  lr=0.0003, bs=64, scheduler=ReduceLROnPlateau
[SpatioTemporalTransformerRegressor3] Using device: cuda
[SpatioTemporalTransformerRegressor3] Using explicitly provided validation set (6665 samples).
[SpatioTemporalTransformerRegressor3] Capping sequence length at 25 based on sample distribution (min_count=41).
[SpatioTemporalTransformerRegressor3] Grouped features into 20 spatial channels.
[Augmenter] Balanced 6 weight classes to 2000 samples each. Total: 12000
[SpatioTemporalTransformerNetwork3] Modality groups: {'EMG': 8, 'IMU_Accel': 6, 'IMU_Orient': 6}

Early stopping triggered at epoch 29. Best Val Loss: 0.2733
  MAE: 0.2964 | RMSE: 0.5176 | R²: 0.9279 | Params: 422,978
  Epochs: 29 | Best Train/Val gap: 1.5x | Time: 141s

=================================================================
--- Iteration 115/150 [Elapsed: 308.0m] ---
  d_model=160, nhead_s=4, nhead_t=2, layers_s=4, layers_t=4
  ff=1024, dropout=0.25, wd=0.005
  lr=0.0003, bs=64, scheduler=ReduceLROnPlateau
[SpatioTemporalTransformerRegressor3] Using device: cuda
[SpatioTemporalTransformerRegressor3] Using explicitly provided validation set (6665 samples).
[SpatioTemporalTransformerRegressor3] Capping sequence length at 25 based on sample distribution (min_count=41).
[SpatioTemporalTransformerRegressor3] Grouped features into 20 spatial channels.
[Augmenter] Balanced 6 weight classes to 2000 samples each. Total: 12000
[SpatioTemporalTransformerNetwork3] Modality groups: {'EMG': 8, 'IMU_Accel': 6, 'IMU_Orient': 6}

Early stopping triggered at epoch 26. Best Val Loss: 0.2836
  MAE: 0.2723 | RMSE: 0.5155 | R²: 0.9285 | Params: 3,034,818
  Epochs: 26 | Best Train/Val gap: 1.6x | Time: 201s

=================================================================
--- Iteration 116/150 [Elapsed: 311.4m] ---
  d_model=128, nhead_s=8, nhead_t=4, layers_s=2, layers_t=1
  ff=512, dropout=0.25, wd=0.005
  lr=0.0003, bs=64, scheduler=ReduceLROnPlateau
[SpatioTemporalTransformerRegressor3] Using device: cuda
[SpatioTemporalTransformerRegressor3] Using explicitly provided validation set (6665 samples).
[SpatioTemporalTransformerRegressor3] Capping sequence length at 25 based on sample distribution (min_count=41).
[SpatioTemporalTransformerRegressor3] Grouped features into 20 spatial channels.
[Augmenter] Balanced 6 weight classes to 2000 samples each. Total: 12000
[SpatioTemporalTransformerNetwork3] Modality groups: {'EMG': 8, 'IMU_Accel': 6, 'IMU_Orient': 6}

Early stopping triggered at epoch 22. Best Val Loss: 0.3340
  MAE: 0.3349 | RMSE: 0.5624 | R²: 0.9150 | Params: 845,314
  Epochs: 22 | Best Train/Val gap: 1.0x | Time: 96s

=================================================================
--- Iteration 117/150 [Elapsed: 313.0m] ---
  d_model=96, nhead_s=4, nhead_t=2, layers_s=2, layers_t=3
  ff=256, dropout=0.25, wd=0.005
  lr=0.0003, bs=64, scheduler=ReduceLROnPlateau
[SpatioTemporalTransformerRegressor3] Using device: cuda
[SpatioTemporalTransformerRegressor3] Using explicitly provided validation set (6665 samples).
[SpatioTemporalTransformerRegressor3] Capping sequence length at 25 based on sample distribution (min_count=41).
[SpatioTemporalTransformerRegressor3] Grouped features into 20 spatial channels.
[Augmenter] Balanced 6 weight classes to 2000 samples each. Total: 12000
[SpatioTemporalTransformerNetwork3] Modality groups: {'EMG': 8, 'IMU_Accel': 6, 'IMU_Orient': 6}

Early stopping triggered at epoch 22. Best Val Loss: 0.2376
  MAE: 0.3065 | RMSE: 0.4839 | R²: 0.9370 | Params: 634,466
  Epochs: 22 | Best Train/Val gap: 0.6x | Time: 112s

=================================================================
--- Iteration 118/150 [Elapsed: 314.8m] ---
  d_model=64, nhead_s=8, nhead_t=2, layers_s=2, layers_t=2
  ff=512, dropout=0.25, wd=0.005
  lr=0.0003, bs=64, scheduler=ReduceLROnPlateau
[SpatioTemporalTransformerRegressor3] Using device: cuda
[SpatioTemporalTransformerRegressor3] Using explicitly provided validation set (6665 samples).
[SpatioTemporalTransformerRegressor3] Capping sequence length at 25 based on sample distribution (min_count=41).
[SpatioTemporalTransformerRegressor3] Grouped features into 20 spatial channels.
[Augmenter] Balanced 6 weight classes to 2000 samples each. Total: 12000
[SpatioTemporalTransformerNetwork3] Modality groups: {'EMG': 8, 'IMU_Accel': 6, 'IMU_Orient': 6}

Early stopping triggered at epoch 24. Best Val Loss: 0.3113
  MAE: 0.3083 | RMSE: 0.5418 | R²: 0.9211 | Params: 290,050
  Epochs: 24 | Best Train/Val gap: 1.0x | Time: 93s

=================================================================
--- Iteration 119/150 [Elapsed: 316.4m] ---
  d_model=64, nhead_s=4, nhead_t=2, layers_s=2, layers_t=1
  ff=512, dropout=0.25, wd=0.005
  lr=0.0003, bs=64, scheduler=ReduceLROnPlateau
[SpatioTemporalTransformerRegressor3] Using device: cuda
[SpatioTemporalTransformerRegressor3] Using explicitly provided validation set (6665 samples).
[SpatioTemporalTransformerRegressor3] Capping sequence length at 25 based on sample distribution (min_count=41).
[SpatioTemporalTransformerRegressor3] Grouped features into 20 spatial channels.
[Augmenter] Balanced 6 weight classes to 2000 samples each. Total: 12000
[SpatioTemporalTransformerNetwork3] Modality groups: {'EMG': 8, 'IMU_Accel': 6, 'IMU_Orient': 6}

Early stopping triggered at epoch 24. Best Val Loss: 0.2731
  MAE: 0.3083 | RMSE: 0.5103 | R²: 0.9300 | Params: 290,050
  Epochs: 24 | Best Train/Val gap: 0.9x | Time: 93s

=================================================================
--- Iteration 120/150 [Elapsed: 317.9m] ---
  d_model=64, nhead_s=4, nhead_t=2, layers_s=3, layers_t=2
  ff=512, dropout=0.25, wd=0.005
  lr=0.0003, bs=64, scheduler=ReduceLROnPlateau
[SpatioTemporalTransformerRegressor3] Using device: cuda
[SpatioTemporalTransformerRegressor3] Using explicitly provided validation set (6665 samples).
[SpatioTemporalTransformerRegressor3] Capping sequence length at 25 based on sample distribution (min_count=41).
[SpatioTemporalTransformerRegressor3] Grouped features into 20 spatial channels.
[Augmenter] Balanced 6 weight classes to 2000 samples each. Total: 12000
[SpatioTemporalTransformerNetwork3] Modality groups: {'EMG': 8, 'IMU_Accel': 6, 'IMU_Orient': 6}

Early stopping triggered at epoch 25. Best Val Loss: 0.3276
  MAE: 0.3021 | RMSE: 0.5353 | R²: 0.9229 | Params: 422,978
  Epochs: 25 | Best Train/Val gap: 1.2x | Time: 120s

=================================================================
--- Iteration 121/150 [Elapsed: 319.9m] ---
  d_model=128, nhead_s=8, nhead_t=4, layers_s=3, layers_t=2
  ff=512, dropout=0.25, wd=0.005
  lr=0.0003, bs=64, scheduler=ReduceLROnPlateau
[SpatioTemporalTransformerRegressor3] Using device: cuda
[SpatioTemporalTransformerRegressor3] Using explicitly provided validation set (6665 samples).
[SpatioTemporalTransformerRegressor3] Capping sequence length at 25 based on sample distribution (min_count=41).
[SpatioTemporalTransformerRegressor3] Grouped features into 20 spatial channels.
[Augmenter] Balanced 6 weight classes to 2000 samples each. Total: 12000
[SpatioTemporalTransformerNetwork3] Modality groups: {'EMG': 8, 'IMU_Accel': 6, 'IMU_Orient': 6}

Early stopping triggered at epoch 23. Best Val Loss: 0.2900
  MAE: 0.2904 | RMSE: 0.5124 | R²: 0.9294 | Params: 1,241,730
  Epochs: 23 | Best Train/Val gap: 1.0x | Time: 128s

=================================================================
--- Iteration 122/150 [Elapsed: 322.1m] ---
  d_model=128, nhead_s=8, nhead_t=2, layers_s=3, layers_t=2
  ff=512, dropout=0.25, wd=0.005
  lr=0.0003, bs=64, scheduler=ReduceLROnPlateau
[SpatioTemporalTransformerRegressor3] Using device: cuda
[SpatioTemporalTransformerRegressor3] Using explicitly provided validation set (6665 samples).
[SpatioTemporalTransformerRegressor3] Capping sequence length at 25 based on sample distribution (min_count=41).
[SpatioTemporalTransformerRegressor3] Grouped features into 20 spatial channels.
[Augmenter] Balanced 6 weight classes to 2000 samples each. Total: 12000
[SpatioTemporalTransformerNetwork3] Modality groups: {'EMG': 8, 'IMU_Accel': 6, 'IMU_Orient': 6}

Early stopping triggered at epoch 22. Best Val Loss: 0.2714
  MAE: 0.3052 | RMSE: 0.5089 | R²: 0.9303 | Params: 1,241,730
  Epochs: 22 | Best Train/Val gap: 0.8x | Time: 122s

=================================================================
--- Iteration 123/150 [Elapsed: 324.1m] ---
  d_model=64, nhead_s=4, nhead_t=2, layers_s=4, layers_t=3
  ff=512, dropout=0.25, wd=0.005
  lr=0.0003, bs=64, scheduler=ReduceLROnPlateau
[SpatioTemporalTransformerRegressor3] Using device: cuda
[SpatioTemporalTransformerRegressor3] Using explicitly provided validation set (6665 samples).
[SpatioTemporalTransformerRegressor3] Capping sequence length at 25 based on sample distribution (min_count=41).
[SpatioTemporalTransformerRegressor3] Grouped features into 20 spatial channels.
[Augmenter] Balanced 6 weight classes to 2000 samples each. Total: 12000
[SpatioTemporalTransformerNetwork3] Modality groups: {'EMG': 8, 'IMU_Accel': 6, 'IMU_Orient': 6}

Early stopping triggered at epoch 23. Best Val Loss: 0.2824
  MAE: 0.2562 | RMSE: 0.4884 | R²: 0.9359 | Params: 555,906
  Epochs: 23 | Best Train/Val gap: 0.9x | Time: 136s

=================================================================
--- Iteration 124/150 [Elapsed: 326.4m] ---
  d_model=160, nhead_s=4, nhead_t=8, layers_s=3, layers_t=4
  ff=1024, dropout=0.25, wd=0.005
  lr=0.0003, bs=64, scheduler=ReduceLROnPlateau
[SpatioTemporalTransformerRegressor3] Using device: cuda
[SpatioTemporalTransformerRegressor3] Using explicitly provided validation set (6665 samples).
[SpatioTemporalTransformerRegressor3] Capping sequence length at 25 based on sample distribution (min_count=41).
[SpatioTemporalTransformerRegressor3] Grouped features into 20 spatial channels.
[Augmenter] Balanced 6 weight classes to 2000 samples each. Total: 12000
[SpatioTemporalTransformerNetwork3] Modality groups: {'EMG': 8, 'IMU_Accel': 6, 'IMU_Orient': 6}

Early stopping triggered at epoch 28. Best Val Loss: 0.2971
  MAE: 0.2925 | RMSE: 0.5438 | R²: 0.9205 | Params: 3,034,818
  Epochs: 28 | Best Train/Val gap: nanx | Time: 220s

=================================================================
--- Iteration 125/150 [Elapsed: 330.0m] ---
  d_model=96, nhead_s=4, nhead_t=8, layers_s=2, layers_t=3
  ff=512, dropout=0.25, wd=0.005
  lr=0.0003, bs=64, scheduler=ReduceLROnPlateau
[SpatioTemporalTransformerRegressor3] Using device: cuda
[SpatioTemporalTransformerRegressor3] Using explicitly provided validation set (6665 samples).
[SpatioTemporalTransformerRegressor3] Capping sequence length at 25 based on sample distribution (min_count=41).
[SpatioTemporalTransformerRegressor3] Grouped features into 20 spatial channels.
[Augmenter] Balanced 6 weight classes to 2000 samples each. Total: 12000
[SpatioTemporalTransformerNetwork3] Modality groups: {'EMG': 8, 'IMU_Accel': 6, 'IMU_Orient': 6}

Early stopping triggered at epoch 21. Best Val Loss: 0.3028
  MAE: 0.3267 | RMSE: 0.5410 | R²: 0.9213 | Params: 782,690
  Epochs: 21 | Best Train/Val gap: 0.2x | Time: 115s

=================================================================
--- Iteration 126/150 [Elapsed: 332.0m] ---
  d_model=96, nhead_s=4, nhead_t=8, layers_s=3, layers_t=1
  ff=512, dropout=0.25, wd=0.005
  lr=0.0003, bs=64, scheduler=ReduceLROnPlateau
[SpatioTemporalTransformerRegressor3] Using device: cuda
[SpatioTemporalTransformerRegressor3] Using explicitly provided validation set (6665 samples).
[SpatioTemporalTransformerRegressor3] Capping sequence length at 25 based on sample distribution (min_count=41).
[SpatioTemporalTransformerRegressor3] Grouped features into 20 spatial channels.
[Augmenter] Balanced 6 weight classes to 2000 samples each. Total: 12000
[SpatioTemporalTransformerNetwork3] Modality groups: {'EMG': 8, 'IMU_Accel': 6, 'IMU_Orient': 6}

Early stopping triggered at epoch 26. Best Val Loss: 0.2952
  MAE: 0.2821 | RMSE: 0.5103 | R²: 0.9300 | Params: 782,690
  Epochs: 26 | Best Train/Val gap: 1.5x | Time: 140s

=================================================================
--- Iteration 127/150 [Elapsed: 334.3m] ---
  d_model=96, nhead_s=4, nhead_t=2, layers_s=2, layers_t=3
  ff=512, dropout=0.25, wd=0.005
  lr=0.0003, bs=64, scheduler=ReduceLROnPlateau
[SpatioTemporalTransformerRegressor3] Using device: cuda
[SpatioTemporalTransformerRegressor3] Using explicitly provided validation set (6665 samples).
[SpatioTemporalTransformerRegressor3] Capping sequence length at 25 based on sample distribution (min_count=41).
[SpatioTemporalTransformerRegressor3] Grouped features into 20 spatial channels.
[Augmenter] Balanced 6 weight classes to 2000 samples each. Total: 12000
[SpatioTemporalTransformerNetwork3] Modality groups: {'EMG': 8, 'IMU_Accel': 6, 'IMU_Orient': 6}

Early stopping triggered at epoch 28. Best Val Loss: 0.2547
  MAE: 0.2958 | RMSE: 0.4990 | R²: 0.9330 | Params: 782,690
  Epochs: 28 | Best Train/Val gap: 1.6x | Time: 144s

=================================================================
--- Iteration 128/150 [Elapsed: 336.7m] ---
  d_model=64, nhead_s=4, nhead_t=8, layers_s=2, layers_t=1
  ff=1024, dropout=0.25, wd=0.005
  lr=0.0003, bs=64, scheduler=ReduceLROnPlateau
[SpatioTemporalTransformerRegressor3] Using device: cuda
[SpatioTemporalTransformerRegressor3] Using explicitly provided validation set (6665 samples).
[SpatioTemporalTransformerRegressor3] Capping sequence length at 25 based on sample distribution (min_count=41).
[SpatioTemporalTransformerRegressor3] Grouped features into 20 spatial channels.
[Augmenter] Balanced 6 weight classes to 2000 samples each. Total: 12000
[SpatioTemporalTransformerNetwork3] Modality groups: {'EMG': 8, 'IMU_Accel': 6, 'IMU_Orient': 6}

Early stopping triggered at epoch 21. Best Val Loss: 0.2937
  MAE: 0.2988 | RMSE: 0.5133 | R²: 0.9292 | Params: 422,146
  Epochs: 21 | Best Train/Val gap: 0.1x | Time: 88s

=================================================================
--- Iteration 129/150 [Elapsed: 338.1m] ---
  d_model=96, nhead_s=8, nhead_t=4, layers_s=3, layers_t=1
  ff=1024, dropout=0.25, wd=0.005
  lr=0.0003, bs=64, scheduler=ReduceLROnPlateau
[SpatioTemporalTransformerRegressor3] Using device: cuda
[SpatioTemporalTransformerRegressor3] Using explicitly provided validation set (6665 samples).
[SpatioTemporalTransformerRegressor3] Capping sequence length at 25 based on sample distribution (min_count=41).
[SpatioTemporalTransformerRegressor3] Grouped features into 20 spatial channels.
[Augmenter] Balanced 6 weight classes to 2000 samples each. Total: 12000
[SpatioTemporalTransformerNetwork3] Modality groups: {'EMG': 8, 'IMU_Accel': 6, 'IMU_Orient': 6}

Early stopping triggered at epoch 21. Best Val Loss: 0.2762
  MAE: 0.3213 | RMSE: 0.5110 | R²: 0.9298 | Params: 1,079,138
  Epochs: 21 | Best Train/Val gap: 0.2x | Time: 121s

=================================================================
--- Iteration 130/150 [Elapsed: 340.2m] ---
  d_model=128, nhead_s=4, nhead_t=2, layers_s=2, layers_t=3
  ff=512, dropout=0.25, wd=0.005
  lr=0.0003, bs=64, scheduler=ReduceLROnPlateau
[SpatioTemporalTransformerRegressor3] Using device: cuda
[SpatioTemporalTransformerRegressor3] Using explicitly provided validation set (6665 samples).
[SpatioTemporalTransformerRegressor3] Capping sequence length at 25 based on sample distribution (min_count=41).
[SpatioTemporalTransformerRegressor3] Grouped features into 20 spatial channels.
[Augmenter] Balanced 6 weight classes to 2000 samples each. Total: 12000
[SpatioTemporalTransformerNetwork3] Modality groups: {'EMG': 8, 'IMU_Accel': 6, 'IMU_Orient': 6}

Early stopping triggered at epoch 32. Best Val Loss: 0.2865
  MAE: 0.2933 | RMSE: 0.5271 | R²: 0.9253 | Params: 1,241,730
  Epochs: 32 | Best Train/Val gap: 2.9x | Time: 168s

=================================================================
--- Iteration 131/150 [Elapsed: 342.9m] ---
  d_model=128, nhead_s=8, nhead_t=2, layers_s=4, layers_t=4
  ff=512, dropout=0.25, wd=0.005
  lr=0.0003, bs=64, scheduler=ReduceLROnPlateau
[SpatioTemporalTransformerRegressor3] Using device: cuda
[SpatioTemporalTransformerRegressor3] Using explicitly provided validation set (6665 samples).
[SpatioTemporalTransformerRegressor3] Capping sequence length at 25 based on sample distribution (min_count=41).
[SpatioTemporalTransformerRegressor3] Grouped features into 20 spatial channels.
[Augmenter] Balanced 6 weight classes to 2000 samples each. Total: 12000
[SpatioTemporalTransformerNetwork3] Modality groups: {'EMG': 8, 'IMU_Accel': 6, 'IMU_Orient': 6}

Early stopping triggered at epoch 28. Best Val Loss: 0.2909
  MAE: 0.2841 | RMSE: 0.5276 | R²: 0.9252 | Params: 1,638,146
  Epochs: 28 | Best Train/Val gap: 2.3x | Time: 187s

=================================================================
--- Iteration 132/150 [Elapsed: 346.1m] ---
  d_model=160, nhead_s=8, nhead_t=2, layers_s=2, layers_t=1
  ff=256, dropout=0.25, wd=0.005
  lr=0.0003, bs=64, scheduler=ReduceLROnPlateau
[SpatioTemporalTransformerRegressor3] Using device: cuda
[SpatioTemporalTransformerRegressor3] Using explicitly provided validation set (6665 samples).
[SpatioTemporalTransformerRegressor3] Capping sequence length at 25 based on sample distribution (min_count=41).
[SpatioTemporalTransformerRegressor3] Grouped features into 20 spatial channels.
[Augmenter] Balanced 6 weight classes to 2000 samples each. Total: 12000
[SpatioTemporalTransformerNetwork3] Modality groups: {'EMG': 8, 'IMU_Accel': 6, 'IMU_Orient': 6}

Early stopping triggered at epoch 23. Best Val Loss: 0.3224
  MAE: 0.3514 | RMSE: 0.5628 | R²: 0.9148 | Params: 1,058,434
  Epochs: 23 | Best Train/Val gap: 1.2x | Time: 105s

=================================================================
--- Iteration 133/150 [Elapsed: 347.8m] ---
  d_model=64, nhead_s=4, nhead_t=2, layers_s=3, layers_t=2
  ff=256, dropout=0.25, wd=0.005
  lr=0.0003, bs=64, scheduler=ReduceLROnPlateau
[SpatioTemporalTransformerRegressor3] Using device: cuda
[SpatioTemporalTransformerRegressor3] Using explicitly provided validation set (6665 samples).
[SpatioTemporalTransformerRegressor3] Capping sequence length at 25 based on sample distribution (min_count=41).
[SpatioTemporalTransformerRegressor3] Grouped features into 20 spatial channels.
[Augmenter] Balanced 6 weight classes to 2000 samples each. Total: 12000
[SpatioTemporalTransformerNetwork3] Modality groups: {'EMG': 8, 'IMU_Accel': 6, 'IMU_Orient': 6}

Early stopping triggered at epoch 26. Best Val Loss: 0.2647
  MAE: 0.2867 | RMSE: 0.5002 | R²: 0.9327 | Params: 323,906
  Epochs: 26 | Best Train/Val gap: 1.1x | Time: 126s

=================================================================
--- Iteration 134/150 [Elapsed: 349.9m] ---
  d_model=64, nhead_s=8, nhead_t=4, layers_s=3, layers_t=3
  ff=256, dropout=0.25, wd=0.005
  lr=0.0003, bs=64, scheduler=ReduceLROnPlateau
[SpatioTemporalTransformerRegressor3] Using device: cuda
[SpatioTemporalTransformerRegressor3] Using explicitly provided validation set (6665 samples).
[SpatioTemporalTransformerRegressor3] Capping sequence length at 25 based on sample distribution (min_count=41).
[SpatioTemporalTransformerRegressor3] Grouped features into 20 spatial channels.
[Augmenter] Balanced 6 weight classes to 2000 samples each. Total: 12000
[SpatioTemporalTransformerNetwork3] Modality groups: {'EMG': 8, 'IMU_Accel': 6, 'IMU_Orient': 6}

Early stopping triggered at epoch 25. Best Val Loss: 0.3192
  MAE: 0.2943 | RMSE: 0.5328 | R²: 0.9237 | Params: 323,906
  Epochs: 25 | Best Train/Val gap: 1.2x | Time: 122s

=================================================================
--- Iteration 135/150 [Elapsed: 351.9m] ---
  d_model=96, nhead_s=8, nhead_t=8, layers_s=3, layers_t=2
  ff=1024, dropout=0.25, wd=0.005
  lr=0.0003, bs=64, scheduler=ReduceLROnPlateau
[SpatioTemporalTransformerRegressor3] Using device: cuda
[SpatioTemporalTransformerRegressor3] Using explicitly provided validation set (6665 samples).
[SpatioTemporalTransformerRegressor3] Capping sequence length at 25 based on sample distribution (min_count=41).
[SpatioTemporalTransformerRegressor3] Grouped features into 20 spatial channels.
[Augmenter] Balanced 6 weight classes to 2000 samples each. Total: 12000
[SpatioTemporalTransformerNetwork3] Modality groups: {'EMG': 8, 'IMU_Accel': 6, 'IMU_Orient': 6}

Early stopping triggered at epoch 24. Best Val Loss: 0.2750
  MAE: 0.3162 | RMSE: 0.5224 | R²: 0.9266 | Params: 1,079,138
  Epochs: 24 | Best Train/Val gap: 1.0x | Time: 138s

=================================================================
--- Iteration 136/150 [Elapsed: 354.2m] ---
  d_model=96, nhead_s=4, nhead_t=2, layers_s=3, layers_t=1
  ff=512, dropout=0.25, wd=0.005
  lr=0.0003, bs=64, scheduler=ReduceLROnPlateau
[SpatioTemporalTransformerRegressor3] Using device: cuda
[SpatioTemporalTransformerRegressor3] Using explicitly provided validation set (6665 samples).
[SpatioTemporalTransformerRegressor3] Capping sequence length at 25 based on sample distribution (min_count=41).
[SpatioTemporalTransformerRegressor3] Grouped features into 20 spatial channels.
[Augmenter] Balanced 6 weight classes to 2000 samples each. Total: 12000
[SpatioTemporalTransformerNetwork3] Modality groups: {'EMG': 8, 'IMU_Accel': 6, 'IMU_Orient': 6}

Early stopping triggered at epoch 26. Best Val Loss: 0.3427
  MAE: 0.3065 | RMSE: 0.5471 | R²: 0.9195 | Params: 782,690
  Epochs: 26 | Best Train/Val gap: 1.5x | Time: 138s

=================================================================
--- Iteration 137/150 [Elapsed: 356.5m] ---
  d_model=160, nhead_s=8, nhead_t=2, layers_s=3, layers_t=2
  ff=256, dropout=0.25, wd=0.005
  lr=0.0003, bs=64, scheduler=ReduceLROnPlateau
[SpatioTemporalTransformerRegressor3] Using device: cuda
[SpatioTemporalTransformerRegressor3] Using explicitly provided validation set (6665 samples).
[SpatioTemporalTransformerRegressor3] Capping sequence length at 25 based on sample distribution (min_count=41).
[SpatioTemporalTransformerRegressor3] Grouped features into 20 spatial channels.
[Augmenter] Balanced 6 weight classes to 2000 samples each. Total: 12000
[SpatioTemporalTransformerNetwork3] Modality groups: {'EMG': 8, 'IMU_Accel': 6, 'IMU_Orient': 6}

Early stopping triggered at epoch 28. Best Val Loss: 0.3055
  MAE: 0.2908 | RMSE: 0.5324 | R²: 0.9238 | Params: 1,553,570
  Epochs: 28 | Best Train/Val gap: nanx | Time: 166s

=================================================================
--- Iteration 138/150 [Elapsed: 359.3m] ---
  d_model=64, nhead_s=4, nhead_t=8, layers_s=2, layers_t=2
  ff=512, dropout=0.25, wd=0.005
  lr=0.0003, bs=64, scheduler=ReduceLROnPlateau
[SpatioTemporalTransformerRegressor3] Using device: cuda
[SpatioTemporalTransformerRegressor3] Using explicitly provided validation set (6665 samples).
[SpatioTemporalTransformerRegressor3] Capping sequence length at 25 based on sample distribution (min_count=41).
[SpatioTemporalTransformerRegressor3] Grouped features into 20 spatial channels.
[Augmenter] Balanced 6 weight classes to 2000 samples each. Total: 12000
[SpatioTemporalTransformerNetwork3] Modality groups: {'EMG': 8, 'IMU_Accel': 6, 'IMU_Orient': 6}

Early stopping triggered at epoch 24. Best Val Loss: 0.2759
  MAE: 0.3065 | RMSE: 0.5167 | R²: 0.9282 | Params: 290,050
  Epochs: 24 | Best Train/Val gap: 0.9x | Time: 98s

=================================================================
--- Iteration 139/150 [Elapsed: 360.9m] ---
  d_model=160, nhead_s=8, nhead_t=2, layers_s=4, layers_t=3
  ff=256, dropout=0.25, wd=0.005
  lr=0.0003, bs=64, scheduler=ReduceLROnPlateau
[SpatioTemporalTransformerRegressor3] Using device: cuda
[SpatioTemporalTransformerRegressor3] Using explicitly provided validation set (6665 samples).
[SpatioTemporalTransformerRegressor3] Capping sequence length at 25 based on sample distribution (min_count=41).
[SpatioTemporalTransformerRegressor3] Grouped features into 20 spatial channels.
[Augmenter] Balanced 6 weight classes to 2000 samples each. Total: 12000
[SpatioTemporalTransformerNetwork3] Modality groups: {'EMG': 8, 'IMU_Accel': 6, 'IMU_Orient': 6}

Early stopping triggered at epoch 26. Best Val Loss: 0.2914
  MAE: 0.3445 | RMSE: 0.5398 | R²: 0.9217 | Params: 2,048,706
  Epochs: 26 | Best Train/Val gap: 1.9x | Time: 196s

=================================================================
--- Iteration 140/150 [Elapsed: 364.2m] ---
  d_model=160, nhead_s=4, nhead_t=8, layers_s=4, layers_t=3
  ff=1024, dropout=0.25, wd=0.005
  lr=0.0003, bs=64, scheduler=ReduceLROnPlateau
[SpatioTemporalTransformerRegressor3] Using device: cuda
[SpatioTemporalTransformerRegressor3] Using explicitly provided validation set (6665 samples).
[SpatioTemporalTransformerRegressor3] Capping sequence length at 25 based on sample distribution (min_count=41).
[SpatioTemporalTransformerRegressor3] Grouped features into 20 spatial channels.
[Augmenter] Balanced 6 weight classes to 2000 samples each. Total: 12000
[SpatioTemporalTransformerNetwork3] Modality groups: {'EMG': 8, 'IMU_Accel': 6, 'IMU_Orient': 6}

Early stopping triggered at epoch 21. Best Val Loss: 0.2911
  MAE: 0.2925 | RMSE: 0.5153 | R²: 0.9286 | Params: 3,034,818
  Epochs: 21 | Best Train/Val gap: 0.3x | Time: 172s

=================================================================
--- Iteration 141/150 [Elapsed: 367.1m] ---
  d_model=160, nhead_s=8, nhead_t=8, layers_s=2, layers_t=2
  ff=512, dropout=0.25, wd=0.005
  lr=0.0003, bs=64, scheduler=ReduceLROnPlateau
[SpatioTemporalTransformerRegressor3] Using device: cuda
[SpatioTemporalTransformerRegressor3] Using explicitly provided validation set (6665 samples).
[SpatioTemporalTransformerRegressor3] Capping sequence length at 25 based on sample distribution (min_count=41).
[SpatioTemporalTransformerRegressor3] Grouped features into 20 spatial channels.
[Augmenter] Balanced 6 weight classes to 2000 samples each. Total: 12000
[SpatioTemporalTransformerNetwork3] Modality groups: {'EMG': 8, 'IMU_Accel': 6, 'IMU_Orient': 6}

Early stopping triggered at epoch 32. Best Val Loss: 0.3122
  MAE: 0.2962 | RMSE: 0.5389 | R²: 0.9219 | Params: 1,222,786
  Epochs: 32 | Best Train/Val gap: nanx | Time: 148s

=================================================================
--- Iteration 142/150 [Elapsed: 369.5m] ---
  d_model=128, nhead_s=8, nhead_t=2, layers_s=4, layers_t=2
  ff=256, dropout=0.25, wd=0.005
  lr=0.0003, bs=64, scheduler=ReduceLROnPlateau
[SpatioTemporalTransformerRegressor3] Using device: cuda
[SpatioTemporalTransformerRegressor3] Using explicitly provided validation set (6665 samples).
[SpatioTemporalTransformerRegressor3] Capping sequence length at 25 based on sample distribution (min_count=41).
[SpatioTemporalTransformerRegressor3] Grouped features into 20 spatial channels.
[Augmenter] Balanced 6 weight classes to 2000 samples each. Total: 12000
[SpatioTemporalTransformerNetwork3] Modality groups: {'EMG': 8, 'IMU_Accel': 6, 'IMU_Orient': 6}

Early stopping triggered at epoch 24. Best Val Loss: 0.2599
  MAE: 0.3493 | RMSE: 0.5092 | R²: 0.9303 | Params: 1,374,978
  Epochs: 24 | Best Train/Val gap: 1.1x | Time: 158s

=================================================================
--- Iteration 143/150 [Elapsed: 372.2m] ---
  d_model=160, nhead_s=4, nhead_t=2, layers_s=2, layers_t=4
  ff=1024, dropout=0.25, wd=0.005
  lr=0.0003, bs=64, scheduler=ReduceLROnPlateau
[SpatioTemporalTransformerRegressor3] Using device: cuda
[SpatioTemporalTransformerRegressor3] Using explicitly provided validation set (6665 samples).
[SpatioTemporalTransformerRegressor3] Capping sequence length at 25 based on sample distribution (min_count=41).
[SpatioTemporalTransformerRegressor3] Grouped features into 20 spatial channels.
[Augmenter] Balanced 6 weight classes to 2000 samples each. Total: 12000
[SpatioTemporalTransformerNetwork3] Modality groups: {'EMG': 8, 'IMU_Accel': 6, 'IMU_Orient': 6}

Early stopping triggered at epoch 26. Best Val Loss: 0.2844
  MAE: 0.2845 | RMSE: 0.5240 | R²: 0.9262 | Params: 3,034,818
  Epochs: 26 | Best Train/Val gap: 1.6x | Time: 203s

=================================================================
--- Iteration 144/150 [Elapsed: 375.5m] ---
  d_model=64, nhead_s=4, nhead_t=4, layers_s=2, layers_t=1
  ff=512, dropout=0.25, wd=0.005
  lr=0.0003, bs=64, scheduler=ReduceLROnPlateau
[SpatioTemporalTransformerRegressor3] Using device: cuda
[SpatioTemporalTransformerRegressor3] Using explicitly provided validation set (6665 samples).
[SpatioTemporalTransformerRegressor3] Capping sequence length at 25 based on sample distribution (min_count=41).
[SpatioTemporalTransformerRegressor3] Grouped features into 20 spatial channels.
[Augmenter] Balanced 6 weight classes to 2000 samples each. Total: 12000
[SpatioTemporalTransformerNetwork3] Modality groups: {'EMG': 8, 'IMU_Accel': 6, 'IMU_Orient': 6}

Early stopping triggered at epoch 27. Best Val Loss: 0.2392
  MAE: 0.2898 | RMSE: 0.4853 | R²: 0.9367 | Params: 290,050
  Epochs: 27 | Best Train/Val gap: 1.0x | Time: 107s

=================================================================
--- Iteration 145/150 [Elapsed: 377.3m] ---
  d_model=64, nhead_s=4, nhead_t=2, layers_s=4, layers_t=3
  ff=256, dropout=0.25, wd=0.005
  lr=0.0003, bs=64, scheduler=ReduceLROnPlateau
[SpatioTemporalTransformerRegressor3] Using device: cuda
[SpatioTemporalTransformerRegressor3] Using explicitly provided validation set (6665 samples).
[SpatioTemporalTransformerRegressor3] Capping sequence length at 25 based on sample distribution (min_count=41).
[SpatioTemporalTransformerRegressor3] Grouped features into 20 spatial channels.
[Augmenter] Balanced 6 weight classes to 2000 samples each. Total: 12000
[SpatioTemporalTransformerNetwork3] Modality groups: {'EMG': 8, 'IMU_Accel': 6, 'IMU_Orient': 6}

Early stopping triggered at epoch 22. Best Val Loss: 0.2965
  MAE: 0.2967 | RMSE: 0.5293 | R²: 0.9247 | Params: 423,810
  Epochs: 22 | Best Train/Val gap: 0.7x | Time: 132s

=================================================================
--- Iteration 146/150 [Elapsed: 379.5m] ---
  d_model=64, nhead_s=8, nhead_t=4, layers_s=3, layers_t=1
  ff=1024, dropout=0.25, wd=0.005
  lr=0.0003, bs=64, scheduler=ReduceLROnPlateau
[SpatioTemporalTransformerRegressor3] Using device: cuda
[SpatioTemporalTransformerRegressor3] Using explicitly provided validation set (6665 samples).
[SpatioTemporalTransformerRegressor3] Capping sequence length at 25 based on sample distribution (min_count=41).
[SpatioTemporalTransformerRegressor3] Grouped features into 20 spatial channels.
[Augmenter] Balanced 6 weight classes to 2000 samples each. Total: 12000
[SpatioTemporalTransformerNetwork3] Modality groups: {'EMG': 8, 'IMU_Accel': 6, 'IMU_Orient': 6}

Early stopping triggered at epoch 34. Best Val Loss: 0.3010
  MAE: 0.2919 | RMSE: 0.5366 | R²: 0.9226 | Params: 621,122
  Epochs: 34 | Best Train/Val gap: 2.3x | Time: 179s

=================================================================
--- Iteration 147/150 [Elapsed: 382.5m] ---
  d_model=128, nhead_s=4, nhead_t=4, layers_s=3, layers_t=3
  ff=256, dropout=0.25, wd=0.005
  lr=0.0003, bs=64, scheduler=ReduceLROnPlateau
[SpatioTemporalTransformerRegressor3] Using device: cuda
[SpatioTemporalTransformerRegressor3] Using explicitly provided validation set (6665 samples).
[SpatioTemporalTransformerRegressor3] Capping sequence length at 25 based on sample distribution (min_count=41).
[SpatioTemporalTransformerRegressor3] Grouped features into 20 spatial channels.
[Augmenter] Balanced 6 weight classes to 2000 samples each. Total: 12000
[SpatioTemporalTransformerNetwork3] Modality groups: {'EMG': 8, 'IMU_Accel': 6, 'IMU_Orient': 6}

Early stopping triggered at epoch 21. Best Val Loss: 0.2860
  MAE: 0.2882 | RMSE: 0.5129 | R²: 0.9293 | Params: 1,044,354
  Epochs: 21 | Best Train/Val gap: 0.2x | Time: 113s

=================================================================
--- Iteration 148/150 [Elapsed: 384.4m] ---
  d_model=160, nhead_s=8, nhead_t=2, layers_s=3, layers_t=3
  ff=512, dropout=0.25, wd=0.005
  lr=0.0003, bs=64, scheduler=ReduceLROnPlateau
[SpatioTemporalTransformerRegressor3] Using device: cuda
[SpatioTemporalTransformerRegressor3] Using explicitly provided validation set (6665 samples).
[SpatioTemporalTransformerRegressor3] Capping sequence length at 25 based on sample distribution (min_count=41).
[SpatioTemporalTransformerRegressor3] Grouped features into 20 spatial channels.
[Augmenter] Balanced 6 weight classes to 2000 samples each. Total: 12000
[SpatioTemporalTransformerNetwork3] Modality groups: {'EMG': 8, 'IMU_Accel': 6, 'IMU_Orient': 6}

Early stopping triggered at epoch 34. Best Val Loss: 0.3025
  MAE: 0.2973 | RMSE: 0.5475 | R²: 0.9194 | Params: 1,800,098
  Epochs: 34 | Best Train/Val gap: 4.1x | Time: 204s

=================================================================
--- Iteration 149/150 [Elapsed: 387.8m] ---
  d_model=96, nhead_s=8, nhead_t=8, layers_s=4, layers_t=4
  ff=512, dropout=0.25, wd=0.005
  lr=0.0003, bs=64, scheduler=ReduceLROnPlateau
[SpatioTemporalTransformerRegressor3] Using device: cuda
[SpatioTemporalTransformerRegressor3] Using explicitly provided validation set (6665 samples).
[SpatioTemporalTransformerRegressor3] Capping sequence length at 25 based on sample distribution (min_count=41).
[SpatioTemporalTransformerRegressor3] Grouped features into 20 spatial channels.
[Augmenter] Balanced 6 weight classes to 2000 samples each. Total: 12000
[SpatioTemporalTransformerNetwork3] Modality groups: {'EMG': 8, 'IMU_Accel': 6, 'IMU_Orient': 6}

Early stopping triggered at epoch 23. Best Val Loss: 0.2898
  MAE: 0.2798 | RMSE: 0.4946 | R²: 0.9342 | Params: 1,030,978
  Epochs: 23 | Best Train/Val gap: 0.9x | Time: 155s

=================================================================
--- Iteration 150/150 [Elapsed: 390.4m] ---
  d_model=64, nhead_s=8, nhead_t=2, layers_s=4, layers_t=3
  ff=512, dropout=0.25, wd=0.005
  lr=0.0003, bs=64, scheduler=ReduceLROnPlateau
[SpatioTemporalTransformerRegressor3] Using device: cuda
[SpatioTemporalTransformerRegressor3] Using explicitly provided validation set (6665 samples).
[SpatioTemporalTransformerRegressor3] Capping sequence length at 25 based on sample distribution (min_count=41).
[SpatioTemporalTransformerRegressor3] Grouped features into 20 spatial channels.
[Augmenter] Balanced 6 weight classes to 2000 samples each. Total: 12000
[SpatioTemporalTransformerNetwork3] Modality groups: {'EMG': 8, 'IMU_Accel': 6, 'IMU_Orient': 6}

Early stopping triggered at epoch 21. Best Val Loss: 0.2862
  MAE: 0.3498 | RMSE: 0.5309 | R²: 0.9242 | Params: 555,906
  Epochs: 21 | Best Train/Val gap: 0.2x | Time: 131s

=================================================================
  SPATIO-TEMPORAL TRANSFORMER 3 SWEEP COMPLETE
  Total time: 392.6 minutes (6.54 hours)
=================================================================

Top-5 Configurations:
  #1: RMSE=0.4550 MAE=0.2756 R²=0.9443 Params=634,466 gap=0.5x (d=96, s=3×4, t=1×8, ff=256, do=0.25)
  #2: RMSE=0.4791 MAE=0.2587 R²=0.9383 Params=423,810 gap=0.9x (d=64, s=3×8, t=4×8, ff=256, do=0.25)
  #3: RMSE=0.4839 MAE=0.3065 R²=0.9370 Params=634,466 gap=0.6x (d=96, s=2×4, t=3×2, ff=256, do=0.25)
  #4: RMSE=0.4853 MAE=0.2898 R²=0.9367 Params=290,050 gap=1.0x (d=64, s=2×4, t=1×4, ff=512, do=0.25)
  #5: RMSE=0.4884 MAE=0.2562 R²=0.9359 Params=555,906 gap=0.9x (d=64, s=4×4, t=3×2, ff=512, do=0.25)

Best Parameters:
  weight_decay: 0.005
  num_layers_temporal: 1
  num_layers_spatial: 3
  nhead_temporal: 8
  nhead_spatial: 4
  learning_rate: 0.0003
  dropout_rate: 0.25
  dim_feedforward: 256
  d_model: 96
  batch_size: 64
  scheduler_type: ReduceLROnPlateau
  pct_start: 0.1
  aug_p: 0.5
  aug_channel_dropout: 0.1
  aug_mixup_alpha: 0.5
  aug_noise_std: 0.05
  aug_magnitude_range: (0.5, 2.0)
  aug_stretch_range: (0.75, 1.25)

Best Validation Metrics:
Mean Absolute Error: 0.2756
Mean Squared Error: 0.2070
Root Mean Squared Error: 0.4550
R-squared Score: 0.9443
Total Parameters: 634,466


Report saved to: /home/bwingen/thesis/Thesis/model/model_results/sweep_spatio_temporal_transformer3_20260521_090644/sweep_report.txt
CSV results saved to: /home/bwingen/thesis/Thesis/model/model_results/sweep_spatio_temporal_transformer3_20260521_090644/sweep_results.csv
